CustomerID,Churn,Tenure,PreferredLoginDevice,CityTier,WarehouseToHome,PreferredPaymentMode,Gender,HourSpendOnApp,NumberOfDeviceRegistered,PreferedOrderCat,SatisfactionScore,MaritalStatus,NumberOfAddress,Complain,OrderAmountHikeFromLastYear,CouponUsed,OrderCount,DaySinceLastOrder,CashbackAmount,MonthlyCharges
10001,0,8.0,Mobile Phone,1,20,UPI,Female,,3,Mobile Phone,4,Married,6,0,16.9,2,1,3.0,147.69,53.45
10002,0,54.0,Mobile Phone,2,26,Credit Card,Female,3.8,3,Mobile Phone,4,Married,6,0,11.0,3,3,2.0,140.2,83.2
10003,0,23.0,Mobile Phone,2,32,Credit Card,Female,2.1,1,Laptop & Accessory,2,Divorced,6,0,11.0,2,4,,172.78,109.16
10004,0,16.0,Phone,2,18,Debit Card,Male,1.3,4,Fashion,2,Single,6,0,11.0,3,6,7.0,84.98,58.78
10005,0,3.0,Mobile Phone,1,10,Debit Card,Female,4.1,3,Mobile Phone,2,Single,1,1,11.3,3,1,4.0,217.16,60.65
10006,0,3.0,Mobile Phone,2,15,E wallet,Male,1.3,6,Mobile Phone,1,Married,1,1,19.0,0,7,4.0,67.97,56.52
10007,0,1.0,Mobile Phone,3,18,Debit Card,Female,4.4,6,Laptop & Accessory,4,Married,3,0,11.0,5,3,0.0,243.92,74.22
10008,0,36.0,Computer,3,24,Credit Card,Female,3.8,6,Others,5,Divorced,2,0,15.5,2,4,1.0,148.34,50.36
10009,1,16.0,Computer,1,8,Credit Card,Male,3.5,6,Fashion,1,Married,7,1,16.9,2,6,10.0,172.86,81.84
10010,0,22.0,Phone,3,21,Debit Card,Female,1.6,6,Grocery,1,Married,6,0,14.7,3,2,7.0,213.48,20.0
10011,0,1.0,Mobile Phone,2,20,Debit Card,Female,0.8,3,Fashion,4,Single,5,0,11.0,0,1,1.0,162.73,81.46
10012,0,61.0,Mobile Phone,3,31,Cash on Delivery,Male,2.1,2,Laptop & Accessory,5,Married,8,0,19.5,1,1,0.0,135.69,51.7
10013,0,32.0,Computer,1,10,Credit Card,Male,0.0,1,Laptop & Accessory,3,Married,2,0,11.0,1,4,2.0,197.19,61.32
10014,0,4.0,Mobile Phone,3,12,Debit Card,Female,0.2,5,Others,3,Married,7,0,11.5,2,3,1.0,311.9,20.0
10015,0,3.0,Mobile Phone,1,33,UPI,Male,4.0,1,Laptop & Accessory,4,Divorced,4,0,12.2,3,3,4.0,227.27,64.08
10016,1,3.0,Computer,2,17,Debit Card,Female,5.4,6,Others,3,Married,3,0,,3,4,13.0,134.52,80.74
10017,1,6.0,Mobile Phone,2,30,Credit Card,Male,3.1,5,Others,1,Single,1,0,15.6,1,5,1.0,158.88,98.9
10018,0,13.0,Mobile Phone,2,8,Debit Card,Male,3.0,2,Fashion,4,Single,2,0,19.1,5,1,0.0,151.36,65.34
10019,0,10.0,Mobile Phone,1,20,Cash on Delivery,Male,2.3,4,Mobile Phone,4,Divorced,7,1,13.1,1,7,9.0,118.1,74.72
10020,0,6.0,Phone,2,21,Debit Card,Female,4.1,5,Fashion,4,Divorced,3,1,11.0,3,6,0.0,215.99,83.58
10021,0,17.0,Mobile Phone,3,8,UPI,Male,,2,Fashion,4,Married,5,0,21.5,1,2,12.0,160.44,42.29
10022,1,2.0,Mobile Phone,3,20,UPI,Male,3.2,4,Others,4,Married,3,0,12.6,3,3,4.0,199.07,103.68
10023,1,6.0,Mobile Phone,2,6,Debit Card,Female,5.2,2,Mobile Phone,2,Married,7,1,13.9,4,4,11.0,50.0,24.29
10024,0,,Computer,1,24,UPI,Male,3.2,4,Fashion,3,Divorced,4,0,11.0,1,1,0.0,221.4,89.36
10025,1,10.0,Phone,2,28,UPI,Female,2.7,3,Fashion,2,Single,8,1,11.0,3,4,0.0,144.48,31.04
10026,0,27.0,Computer,2,17,Debit Card,Male,4.8,6,Laptop & Accessory,2,Single,8,0,23.7,0,7,2.0,119.68,23.41
10027,1,4.0,Mobile Phone,3,7,E wallet,Female,5.3,4,Grocery,4,Single,4,1,11.0,0,1,2.0,99.74,39.83
10028,0,12.0,Mobile Phone,2,32,UPI,Male,4.8,5,Laptop & Accessory,5,Married,2,0,11.0,2,3,1.0,124.81,82.85
10029,0,16.0,Mobile Phone,3,34,Cash on Delivery,Male,2.9,4,Fashion,5,Married,7,0,12.2,0,1,12.0,154.33,33.73
10030,0,1.0,Computer,1,33,Credit Card,Female,,1,Mobile Phone,4,Divorced,1,0,16.9,0,4,6.0,233.32,90.8
10031,1,16.0,Mobile Phone,3,25,Debit Card,Male,4.8,4,Grocery,2,Married,9,0,11.0,2,4,4.0,153.38,66.02
10032,1,3.0,Mobile Phone,2,14,Credit Card,Male,2.4,2,Grocery,2,Divorced,5,0,11.0,1,2,0.0,238.96,30.27
10033,0,1.0,Mobile Phone,2,31,UPI,Male,1.9,5,Laptop & Accessory,5,Married,4,0,11.0,0,6,,197.53,57.46
10034,0,53.0,Mobile Phone,1,22,Cash on Delivery,Male,3.5,6,Others,4,Married,4,1,12.5,1,3,5.0,289.16,88.29
10035,0,60.0,Mobile Phone,1,29,Credit Card,Male,1.8,3,Laptop & Accessory,4,Single,9,0,11.0,0,4,,149.94,103.74
10036,0,29.0,Computer,2,34,Cash on Delivery,Female,1.6,6,Mobile Phone,4,Married,1,0,26.0,3,2,10.0,204.82,87.09
10037,0,6.0,Computer,3,7,Credit Card,Male,2.3,3,Fashion,4,Single,4,0,26.0,1,5,,254.93,93.73
10038,0,,Mobile Phone,1,5,Debit Card,Female,2.0,2,Mobile Phone,5,Married,6,0,22.0,0,3,1.0,217.82,65.32
10039,0,20.0,Computer,1,27,E wallet,Male,1.8,3,Fashion,1,Single,8,0,17.3,2,4,0.0,169.78,52.32
10040,1,10.0,Computer,3,15,UPI,Female,3.2,5,Others,4,Single,2,0,17.3,2,3,,150.74,58.84
10041,0,2.0,Computer,1,9,E wallet,Male,3.3,2,Laptop & Accessory,5,Married,8,0,22.9,1,3,3.0,63.38,107.8
10042,0,12.0,Computer,2,35,Debit Card,Male,1.3,5,Grocery,3,Single,9,0,15.8,4,6,1.0,165.63,39.48
10043,0,1.0,Mobile Phone,2,29,UPI,Male,3.5,3,Fashion,4,Single,8,0,11.0,3,1,0.0,124.65,66.55
10044,0,43.0,Computer,2,7,E wallet,Female,3.2,6,Others,3,Single,5,0,26.0,4,4,0.0,147.5,76.71
10045,0,5.0,Mobile Phone,1,15,Cash on Delivery,Male,1.8,3,Laptop & Accessory,5,Married,1,0,18.5,0,1,0.0,183.1,58.09
10046,1,19.0,Mobile Phone,2,5,Cash on Delivery,Female,3.0,1,Laptop & Accessory,1,Single,6,0,23.7,2,1,2.0,86.33,104.52
10047,0,6.0,Mobile Phone,1,19,UPI,Female,3.3,2,Grocery,4,Married,1,1,25.9,2,4,1.0,120.43,76.09
10048,1,13.0,Computer,1,11,Cash on Delivery,Male,3.4,4,Grocery,2,Single,4,0,11.0,1,3,1.0,203.24,71.1
10049,0,14.0,Phone,1,28,Debit Card,Female,4.1,2,Fashion,4,Married,9,0,11.0,1,1,8.0,104.1,71.23
10050,1,3.0,Mobile Phone,2,31,Credit Card,Male,4.0,5,Laptop & Accessory,2,Married,5,0,13.8,1,2,2.0,177.29,99.24
10051,0,61.0,Mobile Phone,1,6,E wallet,Male,3.1,3,Mobile Phone,2,Married,7,0,18.0,3,2,5.0,95.9,53.22
10052,0,26.0,Mobile Phone,1,19,UPI,Male,1.9,6,Laptop & Accessory,3,Married,9,0,20.5,1,2,0.0,211.58,44.93
10053,0,50.0,Mobile Phone,1,22,UPI,Female,2.4,1,Grocery,5,Married,4,0,14.6,0,3,1.0,219.43,79.09
10054,0,40.0,Computer,1,29,UPI,Male,3.3,6,Others,2,Single,5,1,22.8,3,4,2.0,254.1,83.14
10055,0,16.0,Mobile Phone,2,33,Debit Card,Male,4.6,2,Fashion,2,Married,6,1,18.7,1,7,0.0,254.71,81.62
10056,0,45.0,Computer,1,8,E wallet,Female,0.2,6,Laptop & Accessory,4,Married,1,1,18.6,1,2,0.0,196.45,20.0
10057,0,1.0,Computer,3,5,UPI,Female,3.1,5,Grocery,4,Married,5,0,13.3,4,7,8.0,74.3,64.51
10058,0,3.0,Mobile Phone,3,34,E wallet,Male,2.8,1,Mobile Phone,5,Married,4,0,16.9,5,1,11.0,180.13,67.06
10059,0,1.0,Mobile Phone,3,13,Cash on Delivery,Male,3.3,1,Laptop & Accessory,2,Divorced,1,0,16.9,3,3,0.0,207.48,85.88
10060,0,7.0,Computer,3,13,Debit Card,Male,1.4,1,Fashion,4,Single,4,1,20.8,3,6,1.0,187.26,32.5
10061,1,8.0,Mobile Phone,2,35,Credit Card,Male,4.1,3,Laptop & Accessory,2,Divorced,5,0,11.0,1,2,12.0,279.77,83.44
10062,1,5.0,Computer,2,26,Debit Card,Male,3.0,5,Fashion,2,Married,9,0,19.2,0,1,0.0,257.86,46.52
10063,0,31.0,Phone,1,10,Debit Card,Male,2.7,1,Others,4,Married,1,0,11.0,4,2,4.0,181.57,62.95
10064,0,,Computer,2,18,Debit Card,Male,3.5,6,Fashion,4,Divorced,6,0,11.0,0,6,14.0,224.75,106.81
10065,1,5.0,Mobile Phone,1,13,Debit Card,Male,3.4,6,Grocery,4,Divorced,8,1,18.6,6,3,15.0,92.02,71.24
10066,0,14.0,Mobile Phone,1,6,Credit Card,Female,,6,Grocery,3,Single,9,0,11.0,1,2,2.0,191.35,70.95
10067,0,2.0,Mobile Phone,1,13,Debit Card,Female,2.3,3,Laptop & Accessory,3,Married,5,0,15.2,2,6,,104.17,82.31
10068,1,29.0,Computer,3,17,Cash on Delivery,Male,2.7,3,Fashion,3,Married,2,0,11.0,1,3,0.0,169.26,86.16
10069,1,1.0,Mobile Phone,3,24,UPI,Male,3.0,3,Fashion,5,Married,1,1,,3,1,8.0,139.28,20.0
10070,0,61.0,Computer,2,24,Cash on Delivery,Male,5.2,2,Laptop & Accessory,3,Single,5,0,15.3,2,3,9.0,140.93,91.01
10071,1,26.0,Computer,2,33,UPI,Female,3.1,6,Laptop & Accessory,3,Divorced,3,1,14.9,2,4,3.0,131.26,102.81
10072,0,3.0,Mobile Phone,2,29,UPI,Female,3.8,3,Laptop & Accessory,3,Married,6,0,21.6,2,5,5.0,155.99,68.82
10073,0,1.0,Computer,1,27,Debit Card,Male,4.0,5,Fashion,4,Single,9,1,17.5,0,5,5.0,145.69,20.0
10074,0,30.0,Computer,1,16,Cash on Delivery,Male,3.0,4,Laptop & Accessory,3,Divorced,1,1,18.0,2,1,4.0,218.0,43.75
10075,0,22.0,Mobile Phone,2,14,E wallet,Male,,2,Mobile Phone,5,Divorced,4,0,21.7,1,2,7.0,164.14,29.96
10076,0,,Mobile Phone,2,32,Debit Card,Female,1.0,1,Laptop & Accessory,3,Single,4,0,22.3,4,7,4.0,177.27,66.64
10077,0,26.0,Mobile Phone,3,34,Credit Card,Male,3.4,3,Laptop & Accessory,5,Married,7,0,11.0,2,3,3.0,197.46,69.12
10078,0,1.0,Phone,1,9,Credit Card,Female,4.3,6,Others,2,Single,2,0,19.4,2,3,1.0,197.27,98.99
10079,1,7.0,Phone,1,28,UPI,Male,3.6,2,Mobile Phone,4,Single,8,1,17.6,0,2,5.0,115.87,107.14
10080,0,2.0,Computer,2,16,UPI,Male,0.9,2,Fashion,5,Divorced,6,0,22.9,2,2,2.0,164.14,120.0
10081,0,,Mobile Phone,2,33,Debit Card,Male,3.3,5,Laptop & Accessory,2,Married,4,0,11.0,0,2,,194.23,44.25
10082,0,17.0,Computer,3,5,E wallet,Female,3.0,1,Laptop & Accessory,5,Single,3,0,11.0,0,4,6.0,127.15,65.13
10083,1,7.0,Computer,1,27,Credit Card,Male,3.1,4,Fashion,3,Married,7,0,13.8,2,6,4.0,120.37,64.52
10084,1,1.0,Computer,3,8,UPI,Female,2.6,4,Mobile Phone,5,Single,9,1,23.4,3,10,11.0,109.61,44.77
10085,0,6.0,Computer,1,17,E wallet,Male,4.0,6,Fashion,4,Single,2,0,13.3,3,3,0.0,192.12,73.38
10086,1,7.0,Mobile Phone,1,22,Debit Card,Female,,2,Mobile Phone,3,Married,8,1,14.8,1,3,4.0,162.37,87.37
10087,0,23.0,Phone,3,6,Cash on Delivery,Male,4.5,2,Mobile Phone,2,Married,2,1,11.0,3,2,1.0,170.92,120.0
10088,0,18.0,Mobile Phone,3,15,Debit Card,Male,3.2,1,Others,3,Married,6,0,19.7,2,2,9.0,73.19,83.9
10089,0,39.0,Phone,2,32,Cash on Delivery,Female,2.3,6,Fashion,1,Married,8,0,19.1,1,6,0.0,184.25,32.7
10090,0,11.0,Mobile Phone,1,29,Credit Card,Male,5.3,2,Fashion,2,Married,1,1,11.7,1,1,4.0,187.24,24.96
10091,0,2.0,Mobile Phone,3,26,Credit Card,Male,2.1,3,Others,2,Single,7,0,11.0,5,4,6.0,195.81,40.47
10092,0,22.0,Computer,2,31,Credit Card,Female,2.6,4,Fashion,3,Single,9,0,19.6,1,6,1.0,266.53,85.23
10093,0,25.0,Mobile Phone,3,8,UPI,Male,3.4,6,Fashion,4,Single,6,0,18.1,4,2,,134.42,67.22
10094,1,14.0,Phone,2,22,E wallet,Male,1.2,3,Grocery,2,Single,6,0,11.0,3,3,7.0,209.27,26.31
10095,0,26.0,Computer,1,11,Debit Card,Female,3.2,5,Fashion,2,Married,9,1,19.2,2,1,1.0,200.07,38.98
10096,0,12.0,Mobile Phone,3,13,Cash on Delivery,Female,,2,Fashion,4,Single,2,0,18.8,3,5,0.0,207.32,97.45
10097,1,13.0,Phone,3,6,UPI,Male,5.7,1,Laptop & Accessory,2,Single,4,0,22.4,1,1,1.0,161.37,103.58
10098,0,10.0,Mobile Phone,3,8,UPI,Female,2.7,5,Laptop & Accessory,1,Single,8,1,20.1,1,3,1.0,225.81,20.0
10099,1,1.0,Mobile Phone,3,18,Credit Card,Female,1.8,5,Mobile Phone,2,Married,5,1,13.0,4,3,8.0,136.24,73.34
10100,0,2.0,Mobile Phone,1,21,Debit Card,Male,3.4,1,Grocery,5,Married,9,0,11.0,2,4,13.0,151.82,90.72
10101,0,1.0,Mobile Phone,1,5,UPI,Male,3.1,5,Fashion,5,Married,3,1,26.0,4,2,0.0,168.89,55.05
10102,1,18.0,Computer,2,7,Credit Card,Male,4.0,3,Laptop & Accessory,3,Married,6,0,11.9,6,2,2.0,166.23,96.08
10103,0,6.0,Mobile Phone,2,5,UPI,Male,2.0,5,Mobile Phone,4,Divorced,6,1,11.0,2,4,3.0,202.42,118.23
10104,0,12.0,Computer,2,24,UPI,Female,4.8,1,Fashion,4,Married,3,0,,3,1,0.0,195.62,95.97
10105,0,42.0,Computer,3,34,Credit Card,Male,3.4,4,Laptop & Accessory,4,Married,6,0,11.0,1,3,1.0,196.13,77.86
10106,0,5.0,Mobile Phone,1,26,Credit Card,Female,2.1,2,Laptop & Accessory,4,Single,1,1,22.3,1,3,1.0,259.31,38.6
10107,0,9.0,Phone,3,33,UPI,Female,3.1,1,Fashion,4,Married,5,0,25.9,2,7,,167.52,116.73
10108,0,25.0,Computer,1,25,Credit Card,Female,3.8,3,Laptop & Accessory,3,Married,2,1,16.5,3,3,4.0,243.37,37.02
10109,1,4.0,Mobile Phone,1,29,Cash on Delivery,Male,3.6,3,Laptop & Accessory,1,Married,8,0,11.0,2,2,,116.13,81.71
10110,0,1.0,Mobile Phone,1,17,Debit Card,Female,1.5,4,Grocery,3,Single,7,1,22.2,0,2,,172.3,46.49
10111,0,6.0,Phone,2,18,E wallet,Female,0.7,3,Mobile Phone,5,Single,7,1,17.8,0,1,6.0,175.98,34.23
10112,1,3.0,Phone,2,16,Debit Card,Male,1.4,1,Laptop & Accessory,4,Single,4,0,22.4,3,1,4.0,101.5,105.08
10113,0,47.0,Computer,2,15,Credit Card,Male,3.3,3,Fashion,5,Single,2,1,18.5,1,3,8.0,182.7,106.95
10114,0,29.0,Phone,1,22,E wallet,Male,3.5,4,Laptop & Accessory,5,Married,3,0,,0,2,2.0,186.95,32.57
10115,1,18.0,Mobile Phone,2,6,Debit Card,Male,0.0,4,Mobile Phone,2,Married,4,1,19.0,5,3,8.0,215.84,79.66
10116,0,36.0,Mobile Phone,3,32,Credit Card,Male,3.3,6,Laptop & Accessory,4,Single,3,0,11.0,2,6,8.0,208.93,60.7
10117,0,29.0,Mobile Phone,2,7,Debit Card,Female,2.1,5,Mobile Phone,4,Married,3,1,11.0,2,2,2.0,103.35,29.79
10118,0,3.0,Mobile Phone,3,8,UPI,Female,1.5,5,Laptop & Accessory,5,Married,1,0,21.2,0,3,1.0,251.76,38.52
10119,0,40.0,Phone,1,13,Credit Card,Male,2.3,3,Others,5,Married,1,0,20.9,3,2,10.0,152.25,53.42
10120,0,13.0,Mobile Phone,3,15,Credit Card,Male,3.1,3,Laptop & Accessory,4,Single,8,0,11.0,1,3,5.0,143.71,72.64
10121,1,29.0,Mobile Phone,3,26,Debit Card,Female,2.9,6,Others,2,Married,8,0,11.0,3,1,10.0,209.42,120.0
10122,1,40.0,Phone,2,33,Debit Card,Male,0.3,3,Fashion,4,Divorced,1,1,15.2,3,1,6.0,231.06,95.85
10123,1,6.0,Computer,1,29,UPI,Male,4.7,3,Laptop & Accessory,2,Married,4,0,26.0,2,1,3.0,151.67,72.77
10124,0,,Mobile Phone,2,25,Debit Card,Female,3.8,5,Grocery,4,Single,2,0,18.4,0,1,0.0,177.34,61.69
10125,0,4.0,Computer,3,29,UPI,Male,3.2,1,Mobile Phone,5,Married,1,0,26.0,2,3,1.0,234.67,20.0
10126,1,10.0,Mobile Phone,1,13,Cash on Delivery,Male,1.0,6,Laptop & Accessory,3,Single,2,0,,4,6,13.0,124.16,46.43
10127,0,30.0,Computer,1,21,Credit Card,Male,,1,Laptop & Accessory,4,Married,1,0,20.3,0,5,1.0,50.0,99.24
10128,0,35.0,Mobile Phone,2,19,Debit Card,Male,2.9,1,Mobile Phone,3,Married,5,1,13.1,2,3,0.0,212.26,93.53
10129,1,1.0,Mobile Phone,1,13,Cash on Delivery,Female,3.9,6,Fashion,3,Single,6,1,11.0,3,3,4.0,234.9,26.88
10130,0,12.0,Computer,1,11,UPI,Male,4.3,5,Others,3,Married,8,0,11.0,1,4,5.0,84.34,56.26
10131,1,9.0,Computer,3,31,Debit Card,Male,6.0,1,Laptop & Accessory,4,Married,8,0,17.1,1,2,1.0,178.79,25.01
10132,0,4.0,Phone,1,12,Cash on Delivery,Male,3.2,6,Laptop & Accessory,5,Married,4,0,22.8,1,3,1.0,150.12,85.98
10133,0,2.0,Computer,2,7,E wallet,Male,2.2,1,Others,5,Married,3,0,13.0,1,5,2.0,187.72,77.04
10134,0,7.0,Mobile Phone,1,5,Cash on Delivery,Female,3.9,5,Laptop & Accessory,2,Single,5,0,,2,6,0.0,55.89,22.12
10135,0,51.0,Computer,3,8,E wallet,Male,1.8,2,Laptop & Accessory,5,Divorced,8,1,26.0,1,1,6.0,103.96,83.11
10136,0,7.0,Mobile Phone,2,21,Debit Card,Female,3.4,3,Others,4,Divorced,5,0,20.2,0,4,1.0,206.92,91.36
10137,1,13.0,Computer,3,5,Credit Card,Male,5.6,3,Fashion,3,Single,7,1,17.0,2,3,7.0,172.01,87.86
10138,1,21.0,Mobile Phone,3,8,Debit Card,Male,2.6,2,Mobile Phone,1,Single,4,0,11.0,2,4,6.0,270.27,57.84
10139,0,8.0,Mobile Phone,3,12,E wallet,Male,2.2,4,Laptop & Accessory,3,Divorced,2,0,22.8,4,2,4.0,215.31,82.87
10140,0,61.0,Computer,1,32,Debit Card,Female,1.3,1,Mobile Phone,5,Single,9,0,11.0,1,5,1.0,122.22,93.88
10141,0,59.0,Mobile Phone,2,21,E wallet,Male,3.2,2,Mobile Phone,4,Married,2,0,18.6,2,1,2.0,223.16,20.0
10142,0,5.0,Phone,2,30,UPI,Male,1.2,1,Laptop & Accessory,4,Single,2,0,11.0,1,4,2.0,282.51,84.16
10143,0,12.0,Mobile Phone,2,30,Cash on Delivery,Male,1.7,2,Laptop & Accessory,3,Single,8,1,11.0,3,5,1.0,175.66,20.0
10144,1,6.0,Computer,1,16,E wallet,Male,,6,Fashion,4,Single,6,0,14.6,3,1,7.0,204.17,50.08
10145,1,6.0,Mobile Phone,1,29,Debit Card,Female,4.3,6,Laptop & Accessory,1,Single,5,1,19.2,1,1,2.0,229.52,57.94
10146,0,1.0,Computer,1,26,Cash on Delivery,Male,2.8,3,Others,3,Divorced,3,0,21.0,3,4,7.0,169.99,82.31
10147,0,16.0,Phone,2,20,E wallet,Male,4.6,1,Fashion,4,Married,7,0,15.0,2,1,0.0,53.09,62.27
10148,0,12.0,Computer,2,33,Credit Card,Male,3.3,6,Others,2,Married,8,0,12.5,1,4,0.0,213.35,86.04
10149,1,1.0,Mobile Phone,3,9,Credit Card,Female,2.5,6,Grocery,5,Single,9,0,11.0,2,3,15.0,227.99,50.05
10150,0,5.0,Computer,3,29,UPI,Male,3.7,5,Mobile Phone,2,Single,2,0,19.2,0,4,3.0,267.79,85.29
10151,0,42.0,Computer,1,29,UPI,Male,3.8,3,Grocery,4,Married,8,0,19.0,1,5,2.0,113.99,79.75
10152,0,4.0,Phone,1,29,Debit Card,Male,4.4,3,Mobile Phone,3,Divorced,5,0,16.1,1,4,2.0,116.76,72.01
10153,1,2.0,Mobile Phone,3,17,Credit Card,Male,1.9,3,Fashion,4,Divorced,1,0,16.8,3,3,0.0,138.66,54.63
10154,0,12.0,Phone,3,17,Debit Card,Male,3.0,1,Fashion,2,Divorced,7,0,,1,5,,169.93,58.72
10155,0,,Computer,1,16,Debit Card,Female,1.6,4,Fashion,1,Single,7,0,21.1,3,6,0.0,212.3,63.49
10156,0,4.0,Mobile Phone,1,7,Credit Card,Male,3.3,2,Mobile Phone,5,Single,3,0,11.0,0,4,3.0,112.73,42.72
10157,1,20.0,Mobile Phone,3,32,UPI,Female,0.0,2,Grocery,3,Single,3,1,20.3,1,2,3.0,236.96,63.03
10158,0,25.0,Computer,1,16,Credit Card,Female,1.8,6,Laptop & Accessory,5,Single,4,0,23.3,1,1,9.0,233.93,73.87
10159,0,4.0,Mobile Phone,1,35,Credit Card,Male,2.1,5,Mobile Phone,5,Single,5,1,11.0,1,1,2.0,235.64,66.36
10160,1,23.0,Mobile Phone,1,28,UPI,Male,,4,Fashion,2,Single,5,0,20.7,3,1,0.0,161.38,33.64
10161,1,,Phone,1,30,Debit Card,Male,4.2,3,Grocery,3,Single,5,0,,1,2,3.0,50.0,57.11
10162,0,18.0,Mobile Phone,3,34,Credit Card,Female,0.9,2,Grocery,4,Single,6,0,17.9,4,2,0.0,276.08,67.06
10163,0,18.0,Mobile Phone,2,24,UPI,Male,4.0,1,Mobile Phone,5,Single,1,1,13.6,2,3,0.0,144.43,52.07
10164,0,13.0,Computer,1,24,Debit Card,Male,3.4,3,Mobile Phone,5,Married,7,0,14.4,2,5,0.0,223.06,71.17
10165,0,1.0,Mobile Phone,3,32,Credit Card,Male,3.5,3,Laptop & Accessory,4,Single,4,1,15.8,2,4,2.0,187.3,49.74
10166,0,32.0,Mobile Phone,2,27,Debit Card,Female,2.7,6,Fashion,4,Single,5,0,11.0,1,2,0.0,247.72,70.2
10167,0,,Phone,2,35,Debit Card,Male,3.9,4,Mobile Phone,2,Married,8,0,11.0,2,4,2.0,176.92,85.12
10168,0,3.0,Mobile Phone,3,28,Debit Card,Male,2.8,6,Others,5,Single,8,0,16.6,1,3,10.0,184.13,54.48
10169,0,1.0,Mobile Phone,2,24,Credit Card,Male,1.9,4,Mobile Phone,5,Married,5,0,14.7,4,1,5.0,190.79,76.15
10170,0,16.0,Phone,3,15,E wallet,Male,2.8,6,Fashion,2,Divorced,3,0,19.0,3,2,0.0,205.05,100.77
10171,0,20.0,Mobile Phone,3,14,Cash on Delivery,Female,,2,Fashion,3,Divorced,8,0,13.3,4,1,1.0,105.88,60.07
10172,1,,Mobile Phone,2,33,Debit Card,Male,1.8,2,Mobile Phone,2,Single,2,0,,8,3,4.0,292.54,84.12
10173,1,12.0,Computer,1,20,UPI,Female,0.1,3,Laptop & Accessory,3,Married,9,1,20.7,2,4,9.0,175.76,48.17
10174,0,4.0,Phone,3,10,UPI,Male,3.8,5,Mobile Phone,5,Single,6,0,11.0,1,7,0.0,214.51,72.52
10175,1,18.0,Mobile Phone,2,21,Cash on Delivery,Female,2.1,3,Fashion,3,Married,4,1,11.0,2,4,6.0,270.95,54.82
10176,0,3.0,Mobile Phone,2,17,Cash on Delivery,Male,0.0,1,Mobile Phone,1,Married,4,0,11.9,2,2,3.0,179.53,20.0
10177,0,21.0,Computer,1,22,E wallet,Male,3.1,5,Laptop & Accessory,3,Single,3,0,14.0,2,2,3.0,120.24,108.87
10178,0,8.0,Computer,2,16,Credit Card,Male,,2,Others,5,Married,5,1,11.0,3,3,12.0,118.33,54.26
10179,0,49.0,Phone,2,9,Debit Card,Male,1.4,5,Fashion,4,Divorced,6,1,11.0,2,3,5.0,153.02,79.4
10180,1,2.0,Computer,2,24,E wallet,Female,2.2,5,Laptop & Accessory,3,Single,3,1,19.2,1,1,,200.0,57.92
10181,0,7.0,Mobile Phone,1,20,Debit Card,Male,4.2,2,Laptop & Accessory,2,Single,9,0,17.8,1,3,1.0,206.27,33.46
10182,0,2.0,Mobile Phone,3,34,Cash on Delivery,Female,1.1,1,Laptop & Accessory,5,Single,8,0,11.0,2,3,3.0,247.79,102.73
10183,0,46.0,Phone,2,7,Credit Card,Male,2.3,1,Others,5,Married,6,0,13.6,0,3,3.0,87.8,84.94
10184,0,37.0,Computer,2,20,E wallet,Male,3.5,6,Mobile Phone,3,Single,5,0,14.1,4,3,1.0,193.3,39.19
10185,0,5.0,Computer,1,15,Debit Card,Female,1.2,4,Fashion,1,Single,3,0,11.0,3,3,3.0,216.94,89.81
10186,1,19.0,Mobile Phone,1,18,Credit Card,Male,5.2,6,Laptop & Accessory,1,Single,3,1,14.1,6,5,1.0,214.69,113.37
10187,0,30.0,Mobile Phone,2,26,Debit Card,Male,4.0,4,Laptop & Accessory,2,Married,8,1,17.4,1,3,0.0,50.0,73.64
10188,0,14.0,Mobile Phone,1,30,Credit Card,Female,5.1,1,Laptop & Accessory,4,Single,6,0,19.3,3,2,1.0,157.68,93.64
10189,0,13.0,Mobile Phone,3,26,Debit Card,Female,3.0,1,Grocery,5,Divorced,6,0,15.6,2,4,5.0,228.82,105.36
10190,1,4.0,Mobile Phone,2,17,Debit Card,Female,4.8,4,Others,3,Single,4,1,18.9,2,3,9.0,131.25,41.49
10191,0,1.0,Mobile Phone,1,15,Cash on Delivery,Male,3.2,6,Mobile Phone,5,Married,3,0,15.1,5,1,2.0,108.82,82.97
10192,0,40.0,Mobile Phone,1,18,Debit Card,Male,2.7,4,Laptop & Accessory,3,Single,6,0,11.0,1,1,4.0,213.83,24.07
10193,0,41.0,Computer,3,14,E wallet,Male,1.6,6,Laptop & Accessory,4,Married,1,0,14.2,1,4,0.0,197.95,62.6
10194,0,18.0,Mobile Phone,2,28,UPI,Female,3.3,1,Laptop & Accessory,4,Married,5,0,11.0,2,3,9.0,193.83,49.78
10195,1,7.0,Phone,2,35,UPI,Female,2.2,2,Mobile Phone,2,Single,7,1,15.7,2,2,3.0,141.22,51.24
10196,1,7.0,Computer,3,22,UPI,Male,,1,Grocery,3,Married,1,0,13.7,1,5,6.0,101.12,40.47
10197,0,23.0,Mobile Phone,3,11,Debit Card,Female,3.2,6,Fashion,4,Single,4,0,13.6,2,7,6.0,236.97,38.58
10198,0,40.0,Phone,1,27,Cash on Delivery,Female,5.1,2,Fashion,1,Married,2,0,11.0,0,1,1.0,380.24,31.33
10199,1,39.0,Mobile Phone,3,22,E wallet,Female,4.6,2,Mobile Phone,3,Married,1,1,12.6,1,4,3.0,82.79,20.0
10200,0,27.0,Mobile Phone,3,33,Debit Card,Male,4.0,2,Fashion,4,Single,1,1,16.8,0,2,12.0,241.21,53.07
10201,0,18.0,Mobile Phone,1,26,Debit Card,Male,2.9,4,Fashion,5,Married,7,0,11.0,2,3,0.0,169.73,22.6
10202,1,1.0,Phone,1,25,Debit Card,Female,3.1,3,Fashion,3,Married,6,0,11.3,1,2,4.0,199.03,42.57
10203,0,3.0,Mobile Phone,1,6,Cash on Delivery,Male,4.8,1,Fashion,5,Married,7,0,11.0,2,1,13.0,176.42,36.42
10204,0,41.0,Computer,2,29,UPI,Female,3.6,5,Fashion,3,Single,1,0,16.7,1,3,1.0,311.71,21.55
10205,0,16.0,Mobile Phone,1,12,Cash on Delivery,Male,0.0,5,Laptop & Accessory,4,Married,3,0,11.0,2,4,7.0,131.88,74.16
10206,1,1.0,Phone,2,27,Cash on Delivery,Male,5.9,1,Mobile Phone,4,Married,7,0,15.2,4,1,10.0,143.91,67.52
10207,0,1.0,Phone,1,19,Cash on Delivery,Male,3.0,2,Mobile Phone,5,Married,9,0,19.2,1,1,5.0,184.57,72.32
10208,0,19.0,Mobile Phone,1,34,Credit Card,Female,3.1,4,Fashion,3,Single,6,0,,2,1,1.0,214.05,66.33
10209,0,1.0,Mobile Phone,1,10,Debit Card,Male,3.2,6,Mobile Phone,4,Divorced,8,0,13.1,0,3,1.0,260.09,83.74
10210,0,3.0,Mobile Phone,2,25,Credit Card,Female,3.1,4,Laptop & Accessory,4,Married,9,1,18.7,2,1,0.0,209.5,58.14
10211,1,14.0,Mobile Phone,2,17,UPI,Male,2.8,2,Fashion,3,Married,7,0,15.0,1,2,7.0,193.53,112.22
10212,0,21.0,Computer,1,29,Cash on Delivery,Female,1.2,1,Laptop & Accessory,2,Divorced,9,0,11.0,3,5,,153.49,24.3
10213,0,18.0,Mobile Phone,2,9,Debit Card,Male,1.5,5,Mobile Phone,1,Single,4,1,11.0,2,3,4.0,210.75,20.38
10214,1,4.0,Mobile Phone,1,33,Credit Card,Female,5.1,4,Grocery,1,Single,9,0,20.1,0,5,1.0,137.19,20.0
10215,0,22.0,Mobile Phone,2,26,Debit Card,Female,2.1,2,Grocery,5,Single,9,0,21.9,1,3,0.0,192.12,20.0
10216,1,4.0,Computer,2,7,Cash on Delivery,Female,4.3,4,Others,2,Married,2,0,11.0,0,5,5.0,166.92,51.19
10217,0,7.0,Mobile Phone,3,29,UPI,Female,3.3,2,Fashion,2,Single,9,0,17.0,2,4,5.0,121.05,57.2
10218,0,24.0,Computer,2,19,E wallet,Male,0.2,4,Mobile Phone,4,Single,3,1,16.6,1,7,9.0,273.52,93.7
10219,0,18.0,Computer,3,31,UPI,Male,1.5,5,Fashion,3,Married,7,0,11.0,3,2,,121.22,56.09
10220,0,,Computer,3,34,Debit Card,Female,2.0,4,Grocery,4,Married,3,1,11.0,4,4,7.0,156.36,111.17
10221,0,19.0,Mobile Phone,1,28,Debit Card,Male,3.9,1,Fashion,2,Married,5,0,11.0,4,2,5.0,84.91,72.63
10222,0,15.0,Mobile Phone,1,13,E wallet,Female,2.7,3,Grocery,5,Single,2,0,11.0,3,3,3.0,169.92,80.6
10223,0,1.0,Mobile Phone,3,21,UPI,Male,3.9,2,Mobile Phone,5,Single,3,0,11.0,4,2,2.0,206.01,91.53
10224,1,8.0,Computer,2,21,Credit Card,Female,2.7,3,Mobile Phone,5,Married,4,0,19.2,0,1,9.0,125.6,53.37
10225,0,5.0,Mobile Phone,2,17,UPI,Female,3.7,5,Laptop & Accessory,3,Married,6,0,12.9,3,8,4.0,70.86,115.34
10226,0,5.0,Mobile Phone,1,22,Debit Card,Female,1.7,5,Laptop & Accessory,4,Single,6,0,19.4,0,2,2.0,157.5,76.94
10227,0,61.0,Phone,1,24,Credit Card,Male,2.4,3,Mobile Phone,2,Single,3,0,11.0,3,1,0.0,170.6,114.95
10228,1,8.0,Computer,3,30,UPI,Male,3.4,5,Fashion,1,Divorced,3,0,17.6,2,5,1.0,165.89,96.0
10229,0,40.0,Mobile Phone,2,9,UPI,Female,2.6,5,Fashion,1,Single,9,1,19.7,3,3,3.0,275.11,81.91
10230,0,17.0,Mobile Phone,2,17,Cash on Delivery,Female,3.0,6,Fashion,4,Married,2,0,11.0,3,1,1.0,200.1,54.29
10231,0,28.0,Mobile Phone,3,35,UPI,Male,3.1,2,Mobile Phone,3,Married,4,1,11.8,3,1,1.0,195.39,62.57
10232,0,12.0,Computer,3,11,Debit Card,Male,3.9,2,Fashion,4,Divorced,5,0,17.1,2,3,,199.8,75.27
10233,0,15.0,Mobile Phone,3,8,Credit Card,Male,3.1,2,Mobile Phone,1,Single,8,0,,1,5,0.0,199.42,30.78
10234,0,12.0,Mobile Phone,3,17,Debit Card,Female,2.9,1,Fashion,3,Single,8,1,11.0,1,1,6.0,153.41,20.0
10235,1,3.0,Phone,2,21,Credit Card,Male,,6,Mobile Phone,4,Divorced,6,0,23.3,3,1,2.0,123.87,53.11
10236,0,23.0,Mobile Phone,3,12,Credit Card,Male,3.6,1,Fashion,3,Married,2,0,17.6,1,4,3.0,328.28,55.06
10237,0,5.0,Mobile Phone,3,31,Debit Card,Female,3.1,1,Mobile Phone,4,Married,1,0,,0,5,0.0,171.23,80.54
10238,1,1.0,Computer,2,7,Debit Card,Male,1.7,6,Fashion,2,Single,7,0,21.0,0,5,1.0,181.3,105.47
10239,1,18.0,Computer,2,29,Debit Card,Male,4.0,1,Mobile Phone,5,Single,1,0,26.0,2,6,2.0,182.72,64.59
10240,1,3.0,Computer,1,35,E wallet,Male,3.8,3,Laptop & Accessory,4,Single,3,1,13.0,4,4,6.0,134.58,29.13
10241,0,50.0,Phone,1,20,UPI,Male,2.6,6,Laptop & Accessory,2,Married,9,0,12.5,1,1,5.0,190.71,65.26
10242,0,55.0,Phone,2,6,E wallet,Female,3.6,6,Laptop & Accessory,2,Single,6,1,11.0,2,2,1.0,103.26,69.83
10243,0,44.0,Mobile Phone,3,31,Debit Card,Male,5.3,2,Laptop & Accessory,4,Single,8,0,,2,3,3.0,222.95,58.29
10244,0,8.0,Mobile Phone,3,5,UPI,Male,2.7,5,Fashion,5,Single,9,0,11.0,3,5,1.0,164.63,37.62
10245,1,1.0,Mobile Phone,1,30,E wallet,Female,3.0,4,Grocery,3,Married,7,0,11.0,2,1,17.0,247.69,120.0
10246,0,47.0,Mobile Phone,3,12,Cash on Delivery,Male,3.3,1,Others,3,Married,8,1,11.3,4,4,12.0,211.04,88.73
10247,0,10.0,Computer,2,34,Debit Card,Male,6.0,5,Grocery,5,Single,4,1,,3,3,3.0,203.63,83.86
10248,0,61.0,Mobile Phone,1,7,UPI,Female,3.2,2,Fashion,4,Married,5,0,11.5,2,3,4.0,132.37,20.0
10249,0,59.0,Computer,3,21,Debit Card,Female,2.2,3,Mobile Phone,3,Single,7,0,11.0,2,7,6.0,184.21,28.3
10250,0,34.0,Computer,3,31,Debit Card,Female,1.4,6,Laptop & Accessory,3,Married,9,0,11.0,2,5,5.0,225.34,20.0
10251,0,6.0,Mobile Phone,3,23,UPI,Male,2.6,5,Laptop & Accessory,2,Divorced,8,0,,0,1,4.0,186.99,56.31
10252,0,8.0,Mobile Phone,2,28,Cash on Delivery,Male,2.9,4,Others,4,Single,7,0,23.1,0,3,12.0,98.54,100.24
10253,0,34.0,Computer,1,20,UPI,Female,3.7,5,Mobile Phone,3,Single,4,1,11.0,6,5,,239.13,59.07
10254,0,6.0,Mobile Phone,1,31,Credit Card,Male,3.0,6,Fashion,5,Divorced,1,0,11.0,3,5,4.0,225.35,55.25
10255,0,3.0,Computer,3,24,Debit Card,Female,3.1,2,Fashion,3,Married,1,1,17.0,3,6,7.0,89.96,20.0
10256,0,14.0,Mobile Phone,1,14,UPI,Male,3.2,5,Laptop & Accessory,3,Single,5,0,18.2,1,2,4.0,187.55,74.05
10257,0,49.0,Computer,2,31,Debit Card,Male,3.2,6,Grocery,4,Single,7,0,24.2,3,4,5.0,228.92,50.34
10258,0,21.0,Mobile Phone,3,27,Debit Card,Female,4.5,3,Laptop & Accessory,5,Divorced,8,0,23.5,1,6,1.0,144.03,98.01
10259,1,15.0,Mobile Phone,3,28,Credit Card,Female,1.9,2,Laptop & Accessory,5,Single,7,0,11.0,1,1,1.0,100.5,41.31
10260,1,1.0,Mobile Phone,2,19,Debit Card,Male,5.3,1,Fashion,3,Single,4,1,11.0,2,1,0.0,115.52,59.49
10261,0,17.0,Computer,2,11,Cash on Delivery,Female,4.6,2,Mobile Phone,4,Single,7,0,18.4,4,1,2.0,173.47,47.22
10262,0,61.0,Mobile Phone,2,20,Cash on Delivery,Male,4.2,5,Grocery,4,Single,6,0,,3,3,,235.84,54.25
10263,0,2.0,Phone,2,21,Debit Card,Female,2.0,6,Others,3,Single,8,0,23.9,0,4,23.0,114.76,86.1
10264,0,13.0,Mobile Phone,3,24,Cash on Delivery,Male,2.8,4,Laptop & Accessory,2,Single,9,0,17.4,2,2,3.0,115.21,29.42
10265,0,37.0,Mobile Phone,1,17,Cash on Delivery,Male,2.1,2,Laptop & Accessory,3,Single,1,0,11.6,1,2,6.0,161.79,59.28
10266,0,24.0,Mobile Phone,3,33,Cash on Delivery,Female,2.0,2,Mobile Phone,2,Divorced,2,1,21.2,3,3,1.0,221.26,63.59
10267,0,21.0,Computer,1,14,Cash on Delivery,Female,2.7,2,Grocery,5,Married,8,0,11.0,2,5,7.0,285.23,83.46
10268,0,21.0,Mobile Phone,1,13,Debit Card,Male,,2,Grocery,3,Divorced,7,1,26.0,0,5,3.0,185.27,53.44
10269,1,8.0,Mobile Phone,1,11,Credit Card,Male,2.6,5,Fashion,5,Single,7,0,16.6,1,2,4.0,139.51,96.21
10270,1,6.0,Mobile Phone,1,16,UPI,Male,3.0,1,Mobile Phone,4,Single,3,0,11.0,1,5,1.0,132.22,20.0
10271,0,29.0,Computer,3,35,E wallet,Male,4.0,4,Mobile Phone,4,Single,7,1,11.0,1,1,3.0,262.33,78.82
10272,0,29.0,Mobile Phone,2,5,Credit Card,Male,3.9,2,Laptop & Accessory,4,Single,4,0,16.2,1,1,4.0,104.23,64.38
10273,0,36.0,Computer,1,28,Credit Card,Female,,6,Mobile Phone,2,Divorced,2,1,14.5,1,4,3.0,191.63,94.02
10274,0,44.0,Phone,1,20,E wallet,Male,2.9,4,Laptop & Accessory,3,Single,1,0,14.2,3,3,9.0,259.06,34.0
10275,1,12.0,Mobile Phone,3,8,Debit Card,Male,2.5,5,Laptop & Accessory,1,Married,8,0,11.0,2,4,9.0,170.5,115.75
10276,1,12.0,Phone,2,34,Cash on Delivery,Female,,1,Others,4,Divorced,5,1,14.0,3,4,14.0,115.14,105.93
10277,0,28.0,Mobile Phone,1,18,Debit Card,Male,4.2,2,Laptop & Accessory,3,Married,4,1,20.0,4,5,4.0,211.75,51.07
10278,0,18.0,Mobile Phone,2,34,UPI,Male,4.6,1,Laptop & Accessory,4,Married,9,0,11.0,3,1,14.0,186.24,77.81
10279,0,21.0,Mobile Phone,2,32,Credit Card,Female,,2,Fashion,2,Married,5,0,16.5,1,6,7.0,208.22,32.02
10280,0,28.0,Mobile Phone,2,27,Debit Card,Male,2.9,2,Laptop & Accessory,2,Single,2,0,21.7,1,3,1.0,214.72,83.55
10281,0,39.0,Mobile Phone,1,33,UPI,Female,1.9,6,Mobile Phone,3,Married,9,1,18.8,5,4,2.0,211.07,39.94
10282,0,,Mobile Phone,1,26,UPI,Male,1.2,3,Others,5,Married,7,0,11.0,0,1,1.0,197.76,74.26
10283,0,8.0,Mobile Phone,3,27,UPI,Male,4.4,6,Laptop & Accessory,4,Single,9,1,16.9,1,1,0.0,220.62,34.96
10284,0,1.0,Mobile Phone,3,30,Credit Card,Male,4.5,4,Mobile Phone,3,Married,5,0,23.8,4,3,0.0,260.94,100.35
10285,0,15.0,Mobile Phone,1,30,Credit Card,Female,2.8,1,Fashion,4,Single,7,0,18.0,2,6,0.0,132.99,82.11
10286,1,1.0,Computer,2,21,Debit Card,Female,2.4,4,Mobile Phone,1,Married,8,0,22.1,4,6,5.0,164.06,120.0
10287,0,11.0,Computer,1,16,Debit Card,Male,2.5,4,Laptop & Accessory,5,Single,4,0,20.9,2,2,2.0,227.63,70.27
10288,0,14.0,Mobile Phone,1,19,E wallet,Female,0.9,4,Grocery,4,Single,8,1,11.0,3,7,1.0,175.63,20.0
10289,0,6.0,Mobile Phone,2,26,Debit Card,Female,4.3,1,Mobile Phone,3,Divorced,7,0,25.7,2,1,5.0,104.18,73.45
10290,1,16.0,Mobile Phone,3,16,Debit Card,Female,2.4,2,Laptop & Accessory,4,Divorced,3,1,22.5,2,2,7.0,199.97,120.0
10291,0,1.0,Mobile Phone,2,7,Cash on Delivery,Female,2.7,2,Grocery,2,Married,8,0,13.3,1,4,14.0,150.52,57.91
10292,0,1.0,Computer,3,14,Cash on Delivery,Male,3.4,2,Mobile Phone,5,Married,4,1,22.8,2,3,4.0,307.22,79.85
10293,0,31.0,Mobile Phone,3,24,E wallet,Male,0.5,2,Mobile Phone,2,Single,2,1,14.2,2,7,2.0,239.6,83.99
10294,0,8.0,Computer,1,21,Cash on Delivery,Male,3.0,2,Grocery,4,Single,9,0,14.5,3,2,1.0,249.58,27.2
10295,1,,Mobile Phone,2,18,Debit Card,Male,3.2,6,Laptop & Accessory,2,Married,8,0,11.0,1,1,1.0,182.5,72.78
10296,1,13.0,Mobile Phone,1,17,Credit Card,Female,2.3,2,Others,4,Divorced,4,0,11.0,1,1,0.0,198.63,86.15
10297,0,26.0,Mobile Phone,3,34,Debit Card,Female,,5,Laptop & Accessory,4,Married,3,1,15.9,2,6,2.0,159.46,86.8
10298,1,4.0,Mobile Phone,1,17,Cash on Delivery,Male,1.5,5,Laptop & Accessory,4,Married,3,1,13.5,4,1,19.0,129.72,53.03
10299,0,17.0,Mobile Phone,1,30,Credit Card,Male,3.6,6,Laptop & Accessory,4,Divorced,6,0,11.0,2,1,0.0,125.29,37.14
10300,0,1.0,Computer,2,12,UPI,Male,1.8,6,Fashion,5,Single,2,1,17.1,2,1,0.0,308.2,42.71
10301,0,1.0,Mobile Phone,2,18,Credit Card,Female,3.3,2,Fashion,1,Married,3,0,18.1,2,3,0.0,203.81,57.59
10302,0,13.0,Computer,2,6,Debit Card,Female,1.7,6,Others,3,Single,1,0,16.8,4,4,5.0,100.64,68.39
10303,0,14.0,Computer,1,23,Cash on Delivery,Male,4.1,6,Fashion,2,Divorced,5,1,16.7,7,2,1.0,237.69,24.93
10304,0,18.0,Mobile Phone,1,27,Debit Card,Male,3.4,1,Grocery,5,Single,3,0,17.4,0,3,2.0,337.39,96.55
10305,0,,Mobile Phone,3,6,Debit Card,Male,1.0,4,Mobile Phone,3,Single,7,1,16.0,1,4,0.0,87.86,91.31
10306,0,61.0,Computer,2,16,UPI,Male,3.2,4,Fashion,4,Married,9,0,17.1,2,3,2.0,216.02,120.0
10307,0,13.0,Mobile Phone,2,24,UPI,Female,,1,Laptop & Accessory,4,Single,5,0,18.0,1,3,0.0,112.64,73.99
10308,1,7.0,Mobile Phone,3,16,Credit Card,Male,2.8,5,Grocery,2,Single,2,0,11.5,1,2,3.0,249.33,59.55
10309,0,,Mobile Phone,1,27,Credit Card,Male,1.0,4,Fashion,2,Married,2,0,11.0,0,3,0.0,51.63,20.0
10310,0,5.0,Mobile Phone,2,32,Debit Card,Male,4.7,5,Fashion,3,Married,4,1,16.9,6,4,6.0,184.73,20.0
10311,0,10.0,Computer,1,23,UPI,Male,1.8,3,Laptop & Accessory,3,Married,9,0,15.9,1,3,3.0,206.62,33.71
10312,0,1.0,Mobile Phone,1,20,Debit Card,Female,2.7,4,Mobile Phone,2,Married,2,0,17.7,1,3,5.0,96.92,26.45
10313,1,1.0,Mobile Phone,2,6,UPI,Male,1.9,3,Laptop & Accessory,1,Single,5,0,21.8,1,2,2.0,206.64,50.51
10314,0,59.0,Phone,1,12,Credit Card,Female,,6,Fashion,5,Single,7,0,14.8,2,4,1.0,152.11,42.4
10315,0,32.0,Mobile Phone,3,6,Cash on Delivery,Female,2.9,3,Others,5,Divorced,4,1,14.2,2,4,0.0,283.39,98.16
10316,0,21.0,Mobile Phone,2,14,Cash on Delivery,Male,,3,Laptop & Accessory,3,Divorced,7,0,17.8,3,2,2.0,94.57,80.92
10317,0,9.0,Computer,1,20,Credit Card,Female,4.7,3,Laptop & Accessory,3,Single,7,0,11.0,1,6,2.0,234.51,84.29
10318,1,3.0,Mobile Phone,3,11,Cash on Delivery,Female,2.9,2,Mobile Phone,1,Married,2,1,15.3,1,1,2.0,174.0,20.0
10319,0,3.0,Mobile Phone,2,31,UPI,Female,4.9,2,Fashion,4,Divorced,2,0,14.4,1,3,,257.62,66.03
10320,0,5.0,Phone,2,23,E wallet,Male,1.3,6,Fashion,5,Married,2,1,20.3,0,3,7.0,259.0,20.0
10321,1,14.0,Mobile Phone,2,24,Debit Card,Male,4.4,1,Mobile Phone,2,Single,9,0,12.2,0,4,5.0,164.9,82.78
10322,0,22.0,Mobile Phone,1,26,Debit Card,Male,4.2,4,Others,2,Married,1,0,15.5,1,4,0.0,177.32,42.98
10323,0,19.0,Computer,1,31,UPI,Male,4.3,1,Grocery,4,Single,6,1,,1,6,3.0,234.52,25.15
10324,0,5.0,Mobile Phone,1,7,Debit Card,Female,5.6,3,Laptop & Accessory,4,Married,7,0,11.0,3,1,0.0,211.32,51.97
10325,0,55.0,Phone,1,21,Debit Card,Male,0.0,1,Mobile Phone,1,Divorced,9,0,11.8,2,4,4.0,172.96,45.81
10326,1,24.0,Computer,1,32,UPI,Male,0.5,2,Grocery,4,Married,3,0,14.9,3,2,1.0,130.0,86.96
10327,0,14.0,Mobile Phone,2,12,Debit Card,Female,3.1,5,Grocery,3,Married,9,0,11.0,2,4,0.0,201.92,48.58
10328,0,17.0,Mobile Phone,1,8,Credit Card,Female,0.5,6,Fashion,3,Divorced,7,0,14.3,4,5,7.0,113.33,65.69
10329,0,9.0,Phone,1,5,Cash on Delivery,Female,0.6,5,Mobile Phone,4,Single,5,1,23.0,0,4,3.0,218.89,37.53
10330,1,5.0,Phone,3,22,Debit Card,Male,2.7,6,Laptop & Accessory,5,Single,5,0,20.8,3,2,1.0,246.63,49.07
10331,0,7.0,Mobile Phone,1,26,Credit Card,Male,,5,Laptop & Accessory,3,Married,7,0,11.0,1,5,0.0,130.43,34.71
10332,0,25.0,Phone,1,35,Debit Card,Male,0.8,5,Fashion,5,Married,6,1,19.6,4,2,3.0,154.97,53.79
10333,1,1.0,Mobile Phone,2,5,Credit Card,Male,,5,Laptop & Accessory,3,Divorced,8,0,18.4,0,5,10.0,142.16,80.64
10334,0,2.0,Computer,3,13,Credit Card,Male,3.9,4,Fashion,4,Married,9,0,14.4,2,1,3.0,243.23,74.82
10335,0,1.0,Mobile Phone,1,18,Debit Card,Female,3.6,3,Laptop & Accessory,3,Single,6,1,11.0,2,2,14.0,183.28,104.51
10336,0,1.0,Mobile Phone,3,11,E wallet,Male,3.9,2,Laptop & Accessory,5,Married,3,1,19.7,2,4,0.0,158.04,24.82
10337,0,34.0,Mobile Phone,2,12,Debit Card,Female,2.4,5,Mobile Phone,5,Divorced,9,0,12.4,2,2,3.0,218.85,60.96
10338,0,21.0,Phone,1,12,Credit Card,Male,4.4,4,Mobile Phone,1,Married,2,0,16.3,2,3,6.0,151.15,48.04
10339,0,11.0,Computer,1,26,UPI,Male,5.2,2,Fashion,5,Single,5,0,11.0,1,1,2.0,167.77,67.62
10340,0,1.0,Mobile Phone,2,28,Cash on Delivery,Male,3.2,5,Laptop & Accessory,5,Married,4,0,11.0,3,4,0.0,113.1,68.44
10341,1,12.0,Computer,3,27,UPI,Male,2.4,6,Mobile Phone,4,Married,2,0,20.6,3,1,3.0,230.32,37.68
10342,1,11.0,Mobile Phone,1,5,Cash on Delivery,Male,3.0,6,Laptop & Accessory,2,Married,6,1,24.7,2,2,3.0,114.48,73.53
10343,0,3.0,Mobile Phone,1,7,Cash on Delivery,Male,1.5,3,Fashion,5,Divorced,7,1,12.4,1,1,5.0,265.98,60.67
10344,1,,Mobile Phone,2,13,Debit Card,Female,2.6,1,Laptop & Accessory,5,Married,2,1,24.1,1,1,5.0,194.34,105.36
10345,0,,Computer,3,12,Credit Card,Female,3.7,6,Grocery,3,Single,3,0,12.4,2,3,5.0,170.6,21.74
10346,0,17.0,Mobile Phone,2,9,UPI,Male,,6,Laptop & Accessory,5,Married,5,1,12.4,4,4,4.0,179.21,47.44
10347,0,18.0,Computer,2,5,E wallet,Female,3.6,6,Fashion,1,Married,9,0,11.0,1,1,0.0,282.6,104.09
10348,1,,Mobile Phone,1,6,E wallet,Female,1.1,6,Fashion,2,Single,7,0,18.0,4,8,2.0,99.23,71.02
10349,0,8.0,Phone,1,14,Cash on Delivery,Female,3.8,3,Others,4,Single,3,0,13.8,0,3,5.0,103.68,37.34
10350,0,17.0,Mobile Phone,1,18,Credit Card,Male,2.3,3,Laptop & Accessory,4,Married,4,0,14.2,2,3,12.0,237.56,63.06
10351,0,12.0,Mobile Phone,3,19,UPI,Male,2.7,5,Fashion,4,Single,7,1,12.7,3,3,0.0,124.72,20.0
10352,0,34.0,Mobile Phone,3,14,Debit Card,Male,2.1,6,Fashion,1,Single,1,0,11.0,0,1,3.0,135.65,83.89
10353,0,,Computer,1,13,UPI,Male,4.8,1,Fashion,5,Divorced,4,0,18.8,2,4,1.0,153.42,39.01
10354,1,3.0,Computer,1,16,Credit Card,Female,1.4,1,Grocery,1,Divorced,1,1,14.6,1,3,1.0,247.53,66.03
10355,1,1.0,Mobile Phone,1,14,Credit Card,Male,2.9,2,Mobile Phone,2,Single,5,0,19.8,3,3,2.0,228.57,69.84
10356,1,18.0,Computer,1,28,Cash on Delivery,Male,1.4,4,Fashion,1,Married,2,1,11.0,5,3,3.0,171.53,56.24
10357,0,1.0,Mobile Phone,3,13,Cash on Delivery,Male,4.2,6,Laptop & Accessory,4,Single,9,0,16.4,4,3,0.0,204.03,20.0
10358,0,15.0,Mobile Phone,3,22,UPI,Female,3.2,2,Others,5,Single,3,0,26.0,1,2,6.0,202.58,55.51
10359,0,50.0,Mobile Phone,2,23,Credit Card,Male,1.7,5,Fashion,4,Married,5,1,,2,2,6.0,119.85,20.0
10360,0,15.0,Computer,3,23,Cash on Delivery,Female,,1,Grocery,5,Married,8,0,12.1,0,3,,123.93,111.93
10361,1,8.0,Mobile Phone,3,21,Cash on Delivery,Female,2.0,3,Mobile Phone,1,Single,8,0,12.0,0,3,0.0,57.8,55.63
10362,0,18.0,Mobile Phone,1,6,Debit Card,Female,,3,Mobile Phone,4,Divorced,9,0,11.0,1,5,3.0,269.44,37.75
10363,1,11.0,Phone,3,14,Cash on Delivery,Male,5.4,4,Laptop & Accessory,3,Married,3,0,24.9,3,1,2.0,139.79,20.0
10364,0,14.0,Mobile Phone,2,9,E wallet,Male,1.4,6,Others,3,Divorced,3,0,,4,1,1.0,180.82,82.66
10365,0,51.0,Phone,2,11,Debit Card,Female,4.7,5,Others,1,Single,4,0,11.0,2,3,3.0,212.33,77.66
10366,0,8.0,Mobile Phone,3,10,UPI,Male,4.5,5,Laptop & Accessory,4,Married,6,0,17.8,2,2,6.0,121.72,59.17
10367,0,58.0,Computer,2,34,Debit Card,Female,2.6,2,Laptop & Accessory,4,Single,7,1,11.0,1,4,0.0,129.14,62.96
10368,0,42.0,Mobile Phone,1,6,Cash on Delivery,Female,3.9,6,Fashion,4,Divorced,1,0,14.8,1,3,13.0,124.74,39.97
10369,1,3.0,Mobile Phone,3,12,Cash on Delivery,Male,3.3,1,Laptop & Accessory,3,Single,2,0,14.8,1,3,6.0,50.0,41.26
10370,0,1.0,Computer,1,8,E wallet,Female,,6,Fashion,2,Married,3,0,18.0,3,1,5.0,176.09,101.37
10371,1,1.0,Phone,2,31,Cash on Delivery,Female,2.4,1,Laptop & Accessory,4,Single,1,1,15.5,4,2,5.0,320.23,53.37
10372,1,1.0,Phone,3,22,UPI,Female,3.8,4,Fashion,2,Divorced,3,1,12.7,3,5,1.0,148.23,75.25
10373,1,1.0,Computer,1,35,Debit Card,Male,2.4,3,Laptop & Accessory,5,Married,4,0,15.8,1,2,5.0,149.87,53.17
10374,0,20.0,Computer,1,8,UPI,Male,4.2,6,Laptop & Accessory,4,Single,6,1,13.9,0,3,1.0,157.81,59.32
10375,1,1.0,Mobile Phone,1,12,Debit Card,Female,2.0,2,Fashion,2,Married,5,0,25.2,2,2,9.0,198.7,120.0
10376,0,6.0,Mobile Phone,3,34,Debit Card,Female,5.5,4,Fashion,5,Married,6,0,11.5,3,3,0.0,232.89,105.67
10377,0,,Mobile Phone,2,35,UPI,Female,1.6,1,Fashion,4,Single,9,0,18.3,1,1,1.0,129.93,85.9
10378,1,1.0,Mobile Phone,1,21,Debit Card,Male,6.0,6,Mobile Phone,1,Single,1,0,20.5,2,4,3.0,207.75,62.24
10379,1,30.0,Phone,3,31,Debit Card,Female,2.6,2,Fashion,4,Single,3,0,11.0,5,2,1.0,174.86,88.8
10380,0,5.0,Mobile Phone,1,29,Credit Card,Female,3.9,5,Laptop & Accessory,3,Married,8,0,11.0,2,3,2.0,197.93,20.0
10381,0,2.0,Mobile Phone,2,18,Credit Card,Male,4.2,3,Others,5,Married,9,1,26.0,1,1,2.0,207.08,62.77
10382,0,21.0,Phone,2,12,Credit Card,Female,3.2,1,Laptop & Accessory,5,Married,2,1,11.0,3,1,7.0,121.51,42.48
10383,0,17.0,Mobile Phone,1,18,Debit Card,Female,4.3,1,Fashion,5,Single,5,0,15.1,4,1,2.0,148.44,85.85
10384,0,37.0,Computer,3,12,UPI,Male,2.3,4,Mobile Phone,4,Married,3,1,14.0,0,3,1.0,207.74,89.02
10385,0,23.0,Computer,1,30,Cash on Delivery,Female,1.5,3,Mobile Phone,3,Single,2,0,14.8,4,1,1.0,171.59,99.66
10386,0,29.0,Mobile Phone,2,29,Cash on Delivery,Female,3.1,1,Mobile Phone,4,Single,9,0,12.8,2,2,2.0,227.53,62.85
10387,0,5.0,Phone,1,18,Credit Card,Female,3.9,1,Laptop & Accessory,2,Married,5,0,15.7,2,2,2.0,166.66,62.32
10388,0,3.0,Mobile Phone,3,27,Cash on Delivery,Male,2.3,1,Mobile Phone,4,Married,9,0,11.0,1,3,5.0,240.63,83.3
10389,0,24.0,Mobile Phone,1,15,Credit Card,Female,,4,Others,4,Single,1,0,13.7,1,5,0.0,62.24,103.18
10390,0,29.0,Computer,1,13,Debit Card,Male,1.4,1,Laptop & Accessory,1,Single,4,1,11.0,1,3,1.0,199.4,22.21
10391,0,61.0,Mobile Phone,2,35,Cash on Delivery,Male,3.3,4,Fashion,3,Single,1,0,,2,5,1.0,102.62,60.15
10392,0,,Mobile Phone,1,21,UPI,Male,2.5,5,Grocery,5,Married,5,0,17.0,1,5,1.0,247.28,20.0
10393,1,8.0,Phone,1,21,Debit Card,Male,3.2,5,Grocery,5,Divorced,5,0,20.8,5,1,1.0,171.04,94.35
10394,1,26.0,Mobile Phone,2,16,Debit Card,Male,3.1,5,Laptop & Accessory,1,Married,7,0,21.9,0,5,,159.57,43.96
10395,1,7.0,Computer,3,24,UPI,Male,1.9,5,Grocery,1,Single,7,1,12.7,1,3,1.0,130.43,77.45
10396,0,48.0,Computer,3,6,Credit Card,Male,3.2,2,Grocery,3,Married,8,0,20.0,4,1,2.0,219.82,24.73
10397,0,35.0,Mobile Phone,1,28,Cash on Delivery,Female,2.4,2,Fashion,5,Divorced,6,1,11.0,2,4,3.0,214.09,62.43
10398,1,10.0,Mobile Phone,2,21,UPI,Male,4.1,5,Mobile Phone,2,Divorced,3,1,11.9,3,2,1.0,163.11,49.34
10399,0,25.0,Mobile Phone,3,24,Credit Card,Male,4.1,6,Laptop & Accessory,4,Married,9,0,24.7,2,6,5.0,219.93,41.84
10400,0,25.0,Mobile Phone,1,15,Debit Card,Male,3.2,5,Laptop & Accessory,2,Married,5,0,16.1,2,1,,193.24,93.94
10401,0,1.0,Mobile Phone,1,31,UPI,Female,3.1,3,Fashion,4,Married,9,1,16.4,3,2,2.0,185.16,38.03
10402,0,41.0,Mobile Phone,3,34,UPI,Male,3.9,1,Mobile Phone,3,Married,5,1,13.9,1,1,6.0,226.97,100.74
10403,0,12.0,Computer,1,13,Debit Card,Female,,6,Mobile Phone,4,Married,3,0,26.0,2,2,,288.68,112.06
10404,0,31.0,Mobile Phone,2,22,UPI,Male,4.9,3,Laptop & Accessory,2,Married,7,1,18.2,1,4,8.0,196.91,49.34
10405,0,,Computer,1,10,E wallet,Male,2.7,3,Others,4,Single,9,1,23.9,3,5,3.0,197.01,115.83
10406,0,40.0,Mobile Phone,1,8,Credit Card,Male,1.5,3,Laptop & Accessory,2,Married,1,0,11.4,1,1,3.0,235.12,92.46
10407,0,8.0,Computer,2,18,Cash on Delivery,Female,4.2,3,Fashion,4,Single,3,0,11.0,1,6,8.0,122.85,120.0
10408,0,1.0,Mobile Phone,2,32,Debit Card,Male,4.9,6,Laptop & Accessory,5,Single,7,1,11.0,2,7,6.0,169.02,119.02
10409,0,42.0,Computer,3,24,UPI,Female,3.1,3,Fashion,2,Single,9,0,18.8,2,2,3.0,156.83,70.76
10410,0,1.0,Phone,3,26,Cash on Delivery,Male,2.9,3,Fashion,5,Divorced,4,0,24.9,1,2,5.0,198.02,96.93
10411,0,6.0,Computer,1,14,UPI,Male,4.9,5,Others,4,Divorced,5,0,19.5,3,6,2.0,193.02,58.06
10412,0,53.0,Mobile Phone,1,33,UPI,Male,1.7,3,Fashion,2,Single,8,0,20.3,4,4,3.0,285.51,105.41
10413,0,54.0,Phone,3,8,Debit Card,Male,2.6,6,Laptop & Accessory,3,Single,4,0,16.0,4,5,0.0,269.95,30.61
10414,0,15.0,Computer,2,19,Credit Card,Male,2.2,2,Others,2,Single,2,1,11.0,4,2,0.0,89.11,52.04
10415,0,17.0,Phone,3,13,Debit Card,Male,3.0,6,Laptop & Accessory,4,Divorced,7,0,26.0,1,1,,201.44,44.35
10416,0,10.0,Mobile Phone,1,16,Debit Card,Male,4.2,1,Laptop & Accessory,4,Single,2,0,19.0,2,5,0.0,222.49,53.92
10417,0,6.0,Mobile Phone,1,32,Debit Card,Male,1.5,6,Grocery,2,Married,6,0,18.1,1,6,,185.04,55.14
10418,0,7.0,Computer,3,12,Debit Card,Female,4.2,6,Fashion,4,Single,7,0,20.2,3,3,6.0,149.04,64.98
10419,0,20.0,Mobile Phone,1,28,Debit Card,Male,2.0,2,Grocery,5,Divorced,8,0,11.0,3,2,0.0,262.72,84.72
10420,0,25.0,Mobile Phone,2,9,UPI,Female,3.5,4,Mobile Phone,5,Married,5,0,12.0,2,2,1.0,199.81,68.8
10421,0,28.0,Computer,2,20,Debit Card,Male,0.3,2,Mobile Phone,4,Divorced,1,0,18.7,0,4,3.0,117.39,78.74
10422,0,28.0,Mobile Phone,1,26,UPI,Male,0.5,4,Fashion,5,Married,3,0,14.1,2,5,3.0,238.56,35.59
10423,0,1.0,Computer,1,19,E wallet,Male,2.8,5,Laptop & Accessory,4,Single,9,0,14.5,4,4,6.0,208.06,45.5
10424,0,,Phone,2,21,UPI,Male,4.5,4,Laptop & Accessory,3,Married,6,0,22.7,0,7,2.0,141.38,51.76
10425,1,1.0,Mobile Phone,1,5,Cash on Delivery,Female,4.3,3,Laptop & Accessory,5,Single,5,1,15.7,1,2,2.0,134.19,62.0
10426,0,14.0,Mobile Phone,1,35,Debit Card,Female,1.1,3,Mobile Phone,3,Single,1,0,26.0,4,3,5.0,132.23,102.32
10427,0,10.0,Mobile Phone,2,29,Cash on Delivery,Female,4.3,3,Others,3,Divorced,4,0,14.8,1,4,2.0,251.03,67.16
10428,0,39.0,Computer,1,16,UPI,Female,3.6,4,Others,3,Divorced,5,1,19.8,2,2,3.0,215.37,42.77
10429,0,7.0,Computer,2,24,UPI,Male,3.5,6,Others,5,Married,2,0,17.9,1,2,9.0,237.37,83.42
10430,0,2.0,Computer,1,23,Debit Card,Male,5.7,4,Laptop & Accessory,5,Single,5,0,11.6,3,3,2.0,192.27,67.3
10431,1,2.0,Phone,1,9,Credit Card,Male,2.3,4,Fashion,3,Married,3,0,11.0,3,1,1.0,139.11,57.83
10432,0,25.0,Mobile Phone,1,34,Cash on Delivery,Male,4.2,1,Fashion,3,Married,8,0,15.2,1,2,0.0,132.34,106.33
10433,1,17.0,Computer,1,19,Debit Card,Female,3.0,1,Mobile Phone,3,Single,1,1,26.0,3,3,3.0,244.39,88.57
10434,0,1.0,Mobile Phone,3,13,Cash on Delivery,Male,5.0,1,Fashion,4,Divorced,4,1,12.6,0,3,0.0,206.77,63.36
10435,1,1.0,Mobile Phone,3,29,Cash on Delivery,Female,3.4,3,Laptop & Accessory,2,Single,9,0,18.1,2,4,2.0,164.06,61.44
10436,0,21.0,Mobile Phone,2,7,Cash on Delivery,Male,2.4,5,Others,4,Married,1,0,13.5,0,6,6.0,181.28,55.57
10437,1,1.0,Computer,3,16,Cash on Delivery,Male,,2,Laptop & Accessory,3,Married,6,0,16.3,2,2,3.0,239.89,23.61
10438,0,31.0,Phone,1,27,Credit Card,Male,3.3,1,Grocery,3,Single,6,1,21.9,1,5,1.0,213.79,56.51
10439,1,22.0,Computer,2,35,Cash on Delivery,Female,2.0,2,Laptop & Accessory,2,Married,2,1,15.7,2,2,6.0,174.46,65.18
10440,0,1.0,Phone,1,23,Cash on Delivery,Female,0.0,1,Mobile Phone,2,Divorced,1,0,11.3,1,2,1.0,177.23,25.26
10441,0,1.0,Computer,3,19,Credit Card,Male,4.6,4,Laptop & Accessory,5,Single,1,0,,2,3,5.0,144.57,31.95
10442,0,61.0,Phone,1,7,Cash on Delivery,Male,4.4,4,Laptop & Accessory,3,Divorced,5,0,11.4,0,4,3.0,181.39,120.0
10443,0,8.0,Phone,2,24,Cash on Delivery,Female,3.0,3,Fashion,2,Single,5,0,19.1,3,3,0.0,162.73,113.74
10444,0,8.0,Mobile Phone,1,22,Debit Card,Female,3.9,3,Others,3,Married,7,0,11.0,1,4,9.0,176.99,42.96
10445,0,30.0,Mobile Phone,1,26,UPI,Female,3.9,2,Grocery,3,Single,9,0,22.7,2,4,0.0,147.51,42.91
10446,0,52.0,Mobile Phone,3,20,Cash on Delivery,Male,3.1,3,Mobile Phone,1,Divorced,4,0,26.0,3,5,18.0,99.62,81.34
10447,0,61.0,Mobile Phone,1,19,UPI,Female,,5,Fashion,3,Single,4,1,,3,3,0.0,237.23,52.54
10448,0,25.0,Computer,1,9,E wallet,Male,3.4,5,Mobile Phone,4,Single,7,1,11.0,0,2,1.0,214.39,67.58
10449,0,8.0,Mobile Phone,3,14,Credit Card,Female,2.7,5,Laptop & Accessory,4,Married,9,0,19.6,3,5,0.0,164.07,63.62
10450,0,1.0,Mobile Phone,1,14,Debit Card,Male,5.4,3,Laptop & Accessory,3,Married,7,0,15.5,1,4,,160.69,50.17
10451,1,27.0,Mobile Phone,3,17,UPI,Male,3.8,1,Laptop & Accessory,3,Single,8,1,26.0,4,1,5.0,96.68,20.11
10452,0,14.0,Mobile Phone,3,22,Cash on Delivery,Male,3.8,2,Fashion,5,Divorced,7,0,11.4,0,1,4.0,243.95,40.16
10453,1,9.0,Mobile Phone,3,32,UPI,Female,4.8,6,Laptop & Accessory,3,Divorced,9,0,11.0,0,3,6.0,255.24,53.29
10454,0,,Computer,1,14,UPI,Male,3.1,2,Fashion,3,Single,6,0,16.8,1,5,1.0,174.72,45.91
10455,0,2.0,Computer,1,20,UPI,Female,5.4,2,Laptop & Accessory,2,Married,9,0,18.5,5,4,2.0,199.61,27.38
10456,0,,Mobile Phone,1,35,UPI,Male,,6,Grocery,3,Married,3,0,11.0,2,9,4.0,120.68,114.93
10457,0,1.0,Mobile Phone,2,6,Debit Card,Male,2.9,1,Laptop & Accessory,4,Married,4,0,20.8,3,1,2.0,185.14,79.9
10458,0,11.0,Mobile Phone,1,34,Debit Card,Female,4.6,3,Fashion,2,Married,9,0,15.3,1,2,4.0,138.72,58.41
10459,0,1.0,Mobile Phone,1,22,Cash on Delivery,Male,1.5,1,Mobile Phone,4,Married,2,0,13.4,2,3,4.0,138.93,84.19
10460,0,2.0,Phone,2,8,Credit Card,Female,2.6,4,Fashion,1,Single,2,0,18.3,1,7,0.0,162.68,57.15
10461,1,2.0,Computer,2,23,Debit Card,Male,3.6,1,Laptop & Accessory,3,Married,8,0,13.3,5,4,6.0,154.54,120.0
10462,0,18.0,Mobile Phone,2,29,Cash on Delivery,Male,3.6,6,Fashion,4,Single,6,1,11.0,2,6,5.0,172.3,120.0
10463,0,24.0,Computer,2,33,Credit Card,Female,2.2,3,Others,3,Married,5,0,11.0,3,3,4.0,243.4,115.84
10464,0,15.0,Computer,2,9,UPI,Female,4.7,6,Fashion,4,Single,2,0,11.3,1,4,,53.28,95.04
10465,0,58.0,Phone,1,32,Credit Card,Female,1.8,6,Mobile Phone,2,Single,1,0,26.0,1,2,1.0,148.0,53.64
10466,0,8.0,Computer,3,21,UPI,Male,3.3,1,Mobile Phone,4,Single,3,0,15.2,2,1,,217.91,20.0
10467,1,6.0,Mobile Phone,3,6,Cash on Delivery,Male,2.2,3,Mobile Phone,1,Married,6,0,11.0,1,1,1.0,191.68,105.0
10468,0,36.0,Computer,1,19,Debit Card,Male,0.8,1,Laptop & Accessory,5,Married,5,1,22.6,3,2,1.0,133.21,50.13
10469,1,,Computer,1,27,Credit Card,Female,2.2,1,Mobile Phone,2,Divorced,6,0,14.7,1,1,6.0,306.31,65.73
10470,0,59.0,Computer,3,28,Cash on Delivery,Male,2.6,2,Mobile Phone,5,Divorced,7,0,16.8,0,3,4.0,341.78,77.74
10471,1,1.0,Mobile Phone,3,10,Credit Card,Male,,2,Fashion,3,Single,7,0,16.6,1,1,3.0,179.07,82.69
10472,0,61.0,Computer,1,33,Credit Card,Female,4.5,2,Mobile Phone,4,Divorced,3,0,23.9,2,2,1.0,120.51,75.59
10473,1,1.0,Computer,2,27,Credit Card,Female,3.2,3,Mobile Phone,3,Single,8,0,11.0,1,2,10.0,164.93,41.75
10474,0,39.0,Phone,2,22,UPI,Female,3.4,5,Fashion,5,Single,8,0,23.8,1,2,0.0,112.36,60.24
10475,0,,Mobile Phone,1,18,E wallet,Male,2.9,5,Grocery,2,Married,3,0,19.5,0,5,6.0,204.04,55.56
10476,0,61.0,Computer,3,16,Cash on Delivery,Male,2.9,5,Grocery,2,Single,6,0,15.5,3,2,13.0,214.53,97.27
10477,0,1.0,Computer,2,10,UPI,Male,3.7,5,Fashion,3,Married,9,0,,3,5,5.0,239.12,55.12
10478,1,14.0,Mobile Phone,3,32,Credit Card,Male,2.4,3,Mobile Phone,1,Married,1,0,,1,5,,203.97,56.89
10479,0,61.0,Phone,1,26,Cash on Delivery,Male,0.3,2,Fashion,2,Single,2,0,15.3,1,3,4.0,193.73,67.81
10480,0,13.0,Computer,3,24,Cash on Delivery,Male,0.8,2,Laptop & Accessory,5,Married,2,0,25.9,4,4,0.0,119.55,56.11
10481,0,17.0,Mobile Phone,1,31,E wallet,Male,3.4,2,Fashion,5,Married,5,0,23.6,3,2,0.0,106.65,64.81
10482,0,21.0,Mobile Phone,1,24,Debit Card,Male,2.7,3,Mobile Phone,3,Married,6,0,12.7,0,1,1.0,58.75,33.06
10483,1,10.0,Mobile Phone,2,22,UPI,Male,6.0,1,Fashion,5,Divorced,3,0,26.0,1,1,0.0,184.85,31.17
10484,0,17.0,Mobile Phone,2,7,E wallet,Male,4.1,4,Mobile Phone,4,Married,4,1,20.7,2,5,4.0,231.8,47.59
10485,1,15.0,Computer,1,30,Credit Card,Male,3.5,6,Laptop & Accessory,3,Single,2,1,17.8,1,5,1.0,249.1,74.84
10486,0,41.0,Mobile Phone,3,10,E wallet,Male,1.1,3,Laptop & Accessory,4,Single,3,0,13.3,2,5,6.0,230.26,38.43
10487,1,1.0,Mobile Phone,3,8,Debit Card,Male,2.2,6,Grocery,4,Married,8,0,11.5,1,2,1.0,157.97,72.84
10488,0,5.0,Computer,1,23,Cash on Delivery,Male,,6,Mobile Phone,5,Married,5,0,18.3,6,10,2.0,291.55,94.04
10489,0,54.0,Computer,2,34,Credit Card,Female,3.2,1,Grocery,3,Married,2,0,17.3,3,1,,123.07,20.46
10490,0,39.0,Phone,3,21,Credit Card,Male,1.9,6,Grocery,4,Married,2,0,12.7,2,4,1.0,120.27,36.45
10491,1,10.0,Mobile Phone,3,32,Credit Card,Female,1.6,2,Laptop & Accessory,1,Single,4,0,21.7,0,1,5.0,226.0,23.99
10492,0,17.0,Mobile Phone,3,35,Cash on Delivery,Female,3.6,2,Others,2,Divorced,9,1,16.0,1,3,5.0,264.37,22.9
10493,0,5.0,Mobile Phone,1,15,Debit Card,Female,2.2,5,Laptop & Accessory,1,Married,6,1,17.5,1,3,0.0,287.56,20.0
10494,0,3.0,Mobile Phone,3,18,E wallet,Male,,5,Mobile Phone,5,Single,1,0,21.4,1,4,2.0,239.83,70.52
10495,1,,Computer,2,31,Credit Card,Male,2.8,6,Others,5,Single,4,0,20.0,1,1,1.0,224.08,38.07
10496,0,7.0,Mobile Phone,2,15,Cash on Delivery,Male,4.7,1,Laptop & Accessory,4,Married,3,0,11.0,3,1,5.0,228.77,70.88
10497,1,15.0,Mobile Phone,3,33,Debit Card,Female,2.7,4,Laptop & Accessory,4,Married,1,1,19.6,5,4,3.0,163.31,93.54
10498,0,1.0,Mobile Phone,2,23,Debit Card,Female,4.7,6,Laptop & Accessory,3,Single,6,1,15.2,3,3,2.0,131.92,36.03
10499,0,61.0,Mobile Phone,3,21,UPI,Male,2.5,6,Grocery,2,Married,1,1,12.3,1,5,,196.48,88.19
10500,0,61.0,Computer,3,8,Cash on Delivery,Female,1.3,1,Grocery,3,Divorced,1,0,15.3,1,4,1.0,78.26,98.99
10501,0,21.0,Mobile Phone,1,16,UPI,Female,2.7,1,Others,3,Married,7,0,13.2,1,2,5.0,161.5,44.92
10502,0,13.0,Computer,1,8,Cash on Delivery,Female,3.0,6,Fashion,4,Divorced,1,0,15.8,1,4,8.0,148.16,20.0
10503,0,6.0,Mobile Phone,2,31,Debit Card,Female,1.1,4,Others,4,Single,3,0,14.9,1,1,8.0,215.0,28.76
10504,0,30.0,Computer,2,16,UPI,Male,1.8,1,Laptop & Accessory,1,Married,5,0,19.1,1,1,6.0,193.21,120.0
10505,1,20.0,Mobile Phone,3,21,UPI,Female,3.7,1,Fashion,1,Single,3,0,11.0,5,4,2.0,269.19,57.42
10506,1,3.0,Phone,2,19,Debit Card,Male,2.4,3,Mobile Phone,2,Single,6,0,16.1,2,1,16.0,229.34,95.49
10507,0,43.0,Mobile Phone,3,11,Cash on Delivery,Female,4.0,4,Mobile Phone,3,Married,9,0,14.8,0,6,1.0,141.65,65.55
10508,0,31.0,Mobile Phone,1,25,Cash on Delivery,Male,1.3,2,Grocery,5,Single,2,0,,1,4,4.0,220.35,20.0
10509,0,53.0,Computer,3,5,Cash on Delivery,Male,2.0,5,Grocery,4,Married,7,0,11.0,4,6,0.0,76.36,80.15
10510,0,23.0,Mobile Phone,2,9,Debit Card,Male,3.9,2,Grocery,5,Married,4,0,,1,4,15.0,223.94,46.4
10511,0,17.0,Mobile Phone,1,16,E wallet,Male,3.1,6,Fashion,3,Married,6,0,17.6,2,4,4.0,135.23,120.0
10512,0,9.0,Computer,2,11,Cash on Delivery,Male,1.0,2,Mobile Phone,3,Single,6,0,19.6,1,1,,143.53,42.7
10513,0,48.0,Computer,3,26,Debit Card,Male,3.3,5,Fashion,2,Married,8,0,12.3,3,2,0.0,260.58,116.03
10514,0,36.0,Mobile Phone,3,30,Cash on Delivery,Male,,5,Laptop & Accessory,5,Divorced,7,0,16.9,3,3,5.0,203.37,115.48
10515,1,1.0,Mobile Phone,1,35,Debit Card,Male,2.8,1,Laptop & Accessory,4,Single,5,1,15.9,9,1,5.0,168.41,21.66
10516,1,1.0,Mobile Phone,1,19,Debit Card,Female,2.3,4,Others,2,Single,7,0,26.0,4,2,4.0,240.98,85.74
10517,0,8.0,Phone,3,9,Cash on Delivery,Male,4.2,6,Fashion,4,Married,6,0,13.1,1,3,1.0,268.4,54.3
10518,0,29.0,Computer,1,28,E wallet,Female,,6,Fashion,3,Married,5,0,11.0,5,2,2.0,120.02,99.91
10519,0,61.0,Mobile Phone,3,13,UPI,Male,3.7,5,Mobile Phone,4,Single,9,1,26.0,2,3,0.0,137.18,77.15
10520,0,2.0,Mobile Phone,2,5,Credit Card,Male,2.6,4,Laptop & Accessory,5,Married,4,0,17.1,3,1,2.0,228.67,70.59
10521,0,16.0,Mobile Phone,1,10,UPI,Male,1.7,1,Fashion,4,Divorced,7,0,18.1,2,4,1.0,198.4,52.22
10522,0,8.0,Phone,1,20,Cash on Delivery,Male,2.3,6,Fashion,4,Married,7,0,21.8,5,2,1.0,68.33,82.58
10523,0,61.0,Computer,3,35,Cash on Delivery,Male,0.3,6,Laptop & Accessory,1,Married,3,0,15.5,6,1,0.0,286.96,22.67
10524,0,,Computer,3,19,Debit Card,Male,3.9,2,Laptop & Accessory,1,Single,8,1,12.5,2,4,1.0,151.09,93.37
10525,0,32.0,Mobile Phone,1,6,Credit Card,Male,3.8,6,Laptop & Accessory,2,Single,9,0,15.8,5,1,0.0,119.7,90.16
10526,1,11.0,Computer,2,17,E wallet,Male,3.3,5,Others,1,Married,5,1,11.0,2,6,10.0,180.7,80.38
10527,1,,Mobile Phone,3,28,Cash on Delivery,Female,2.3,6,Laptop & Accessory,4,Single,1,1,11.0,0,3,3.0,234.12,36.73
10528,1,5.0,Computer,3,9,Cash on Delivery,Female,3.9,5,Grocery,4,Married,1,0,11.0,1,3,2.0,248.08,35.96
10529,0,,Phone,2,20,Debit Card,Male,3.7,1,Mobile Phone,2,Single,5,0,11.0,2,5,,183.43,45.24
10530,0,36.0,Mobile Phone,3,5,Cash on Delivery,Male,3.9,4,Laptop & Accessory,5,Single,2,0,12.8,2,3,3.0,332.15,37.85
10531,1,30.0,Phone,1,25,Credit Card,Female,3.5,4,Mobile Phone,2,Single,2,1,12.0,1,5,10.0,349.38,74.09
10532,0,61.0,Mobile Phone,2,14,Debit Card,Male,2.7,6,Others,3,Married,6,0,18.6,2,2,0.0,206.88,49.6
10533,0,61.0,Computer,2,20,Credit Card,Male,2.7,3,Mobile Phone,2,Single,5,1,15.8,0,3,1.0,176.28,53.52
10534,0,14.0,Mobile Phone,3,17,Cash on Delivery,Male,0.6,2,Laptop & Accessory,3,Single,2,0,14.2,1,6,14.0,159.79,50.97
10535,0,26.0,Mobile Phone,1,25,Cash on Delivery,Male,1.5,3,Others,3,Single,5,0,22.1,1,6,1.0,170.83,30.08
10536,0,52.0,Computer,2,6,E wallet,Female,3.5,4,Laptop & Accessory,3,Single,4,1,12.5,3,3,0.0,269.71,48.78
10537,0,34.0,Mobile Phone,2,8,Debit Card,Male,4.8,3,Grocery,3,Single,6,0,11.0,2,3,0.0,200.15,98.15
10538,0,5.0,Mobile Phone,1,33,Debit Card,Female,4.0,4,Laptop & Accessory,5,Divorced,1,0,11.0,1,3,0.0,232.22,90.02
10539,0,10.0,Computer,1,26,E wallet,Male,2.7,5,Fashion,1,Single,3,0,15.1,3,1,18.0,221.63,79.61
10540,0,2.0,Computer,1,5,Cash on Delivery,Female,2.0,1,Laptop & Accessory,2,Married,5,0,14.7,2,5,1.0,216.38,109.83
10541,0,55.0,Phone,3,15,UPI,Female,3.8,6,Laptop & Accessory,1,Married,8,0,22.6,4,3,10.0,245.34,49.03
10542,0,16.0,Mobile Phone,3,13,Debit Card,Female,3.2,3,Fashion,4,Married,2,0,,0,4,21.0,229.65,54.63
10543,1,4.0,Mobile Phone,1,27,Cash on Delivery,Male,2.0,6,Mobile Phone,1,Divorced,8,0,19.5,4,1,3.0,208.6,95.02
10544,1,20.0,Mobile Phone,3,10,UPI,Male,3.3,5,Others,5,Married,8,1,,2,3,0.0,290.69,64.08
10545,0,17.0,Mobile Phone,3,5,Cash on Delivery,Male,3.9,5,Fashion,4,Married,6,1,11.0,2,5,0.0,100.84,37.53
10546,0,7.0,Computer,3,12,Credit Card,Male,1.1,1,Laptop & Accessory,4,Single,5,0,,2,3,2.0,196.98,29.32
10547,0,2.0,Phone,1,12,Credit Card,Female,2.9,1,Laptop & Accessory,4,Married,7,1,19.1,3,1,2.0,148.34,37.27
10548,0,20.0,Mobile Phone,2,8,Credit Card,Female,4.5,5,Others,2,Married,6,0,11.0,1,3,3.0,235.18,103.32
10549,0,13.0,Computer,1,8,UPI,Female,4.2,6,Laptop & Accessory,2,Single,9,0,,2,3,2.0,81.95,71.33
10550,0,26.0,Mobile Phone,2,5,Debit Card,Male,3.0,5,Fashion,3,Divorced,2,0,,1,4,10.0,193.99,74.38
10551,0,13.0,Computer,3,33,Credit Card,Male,1.8,3,Laptop & Accessory,4,Married,6,1,14.4,1,2,3.0,208.94,66.46
10552,1,34.0,Phone,1,35,UPI,Female,,3,Fashion,2,Married,7,1,18.3,1,6,4.0,253.38,43.98
10553,0,,Mobile Phone,2,29,UPI,Male,4.1,2,Laptop & Accessory,2,Married,1,0,20.5,1,2,9.0,154.63,20.0
10554,0,14.0,Phone,2,34,Credit Card,Female,2.4,2,Laptop & Accessory,5,Single,9,0,11.0,1,4,0.0,347.41,20.0
10555,0,37.0,Phone,1,12,Debit Card,Male,3.8,5,Mobile Phone,1,Single,8,0,17.7,0,2,1.0,144.82,102.02
10556,0,9.0,Computer,1,33,Debit Card,Male,4.4,2,Laptop & Accessory,5,Married,5,0,11.0,0,7,0.0,111.71,87.78
10557,0,2.0,Computer,2,30,UPI,Male,2.1,5,Fashion,4,Divorced,5,0,17.0,0,7,0.0,216.35,113.26
10558,0,1.0,Mobile Phone,3,27,UPI,Female,2.6,1,Others,3,Married,9,0,12.2,0,2,2.0,172.35,72.86
10559,0,25.0,Computer,2,22,Debit Card,Male,4.4,1,Fashion,2,Married,2,1,21.5,5,5,1.0,290.48,86.05
10560,0,17.0,Computer,1,27,Debit Card,Male,2.8,3,Others,2,Married,6,0,18.5,2,3,2.0,84.61,26.51
10561,0,,Mobile Phone,1,24,Debit Card,Female,3.7,6,Laptop & Accessory,4,Single,4,1,11.0,1,3,16.0,182.14,20.0
10562,0,4.0,Mobile Phone,3,23,Credit Card,Male,2.6,4,Laptop & Accessory,4,Single,4,0,11.0,1,1,0.0,229.09,97.19
10563,0,2.0,Mobile Phone,2,15,Credit Card,Male,1.6,6,Mobile Phone,4,Divorced,8,0,22.1,1,2,3.0,140.0,73.68
10564,1,,Computer,1,34,Debit Card,Female,3.6,5,Grocery,5,Single,3,1,11.0,2,4,0.0,96.46,65.07
10565,0,7.0,Mobile Phone,2,32,Debit Card,Female,4.8,6,Others,4,Single,8,1,11.4,3,5,1.0,266.89,49.96
10566,0,16.0,Mobile Phone,1,30,UPI,Male,3.5,3,Grocery,2,Married,5,0,19.5,1,2,2.0,129.63,119.26
10567,0,,Computer,3,24,UPI,Female,3.7,2,Fashion,2,Married,2,0,11.0,2,2,11.0,242.63,39.69
10568,0,10.0,Computer,1,14,UPI,Female,3.8,5,Fashion,5,Married,5,1,16.2,3,1,1.0,124.55,109.97
10569,0,42.0,Mobile Phone,1,33,Credit Card,Male,5.0,3,Grocery,2,Single,4,0,15.1,2,5,0.0,160.87,65.75
10570,0,7.0,Computer,2,10,Debit Card,Male,2.6,2,Laptop & Accessory,1,Married,9,0,14.5,1,2,1.0,225.43,20.0
10571,0,12.0,Mobile Phone,3,11,Debit Card,Male,0.3,5,Grocery,4,Married,6,0,22.2,6,2,0.0,201.23,83.66
10572,0,27.0,Mobile Phone,1,6,Debit Card,Female,4.5,3,Grocery,3,Divorced,3,1,17.8,2,4,1.0,124.11,62.88
10573,0,9.0,Computer,1,27,Debit Card,Female,1.2,4,Laptop & Accessory,5,Married,2,1,20.9,2,6,3.0,211.84,52.03
10574,0,,Mobile Phone,2,30,Debit Card,Female,2.4,3,Laptop & Accessory,4,Married,7,1,13.5,1,1,0.0,50.0,68.31
10575,0,,Mobile Phone,3,22,Cash on Delivery,Female,2.0,5,Laptop & Accessory,1,Single,1,0,11.0,3,2,2.0,107.98,20.0
10576,1,53.0,Mobile Phone,1,31,Cash on Delivery,Male,2.0,2,Fashion,5,Single,5,0,21.2,3,1,3.0,284.73,70.8
10577,1,2.0,Computer,1,22,E wallet,Female,4.1,5,Others,3,Married,5,0,11.6,3,2,2.0,169.82,67.95
10578,0,47.0,Mobile Phone,1,21,Credit Card,Male,3.8,5,Laptop & Accessory,3,Married,4,1,15.7,0,2,0.0,223.08,120.0
10579,1,12.0,Computer,3,17,UPI,Female,2.0,3,Fashion,3,Married,3,0,17.5,0,1,16.0,221.34,120.0
10580,0,5.0,Mobile Phone,2,19,Debit Card,Male,4.5,5,Fashion,1,Married,9,0,11.0,1,4,1.0,159.35,56.61
10581,0,11.0,Phone,2,15,Debit Card,Female,2.7,6,Laptop & Accessory,3,Married,4,0,11.0,3,2,6.0,187.04,94.6
10582,0,61.0,Mobile Phone,3,11,UPI,Female,5.2,1,Laptop & Accessory,2,Married,9,0,13.4,3,2,1.0,109.64,105.32
10583,1,12.0,Computer,2,21,Debit Card,Male,2.5,4,Fashion,3,Divorced,7,1,19.5,2,1,2.0,187.79,67.88
10584,0,7.0,Phone,2,23,UPI,Female,2.5,2,Mobile Phone,3,Single,9,0,17.1,2,2,1.0,150.57,72.44
10585,0,18.0,Mobile Phone,3,31,E wallet,Female,2.6,4,Laptop & Accessory,4,Single,2,1,11.0,0,4,1.0,305.51,53.75
10586,0,4.0,Mobile Phone,2,12,UPI,Male,1.9,6,Mobile Phone,5,Married,2,0,26.0,2,3,0.0,137.93,25.71
10587,1,1.0,Computer,1,21,Debit Card,Male,3.7,3,Laptop & Accessory,2,Single,8,1,,2,1,1.0,210.8,98.35
10588,0,2.0,Mobile Phone,1,20,UPI,Male,2.2,3,Fashion,3,Single,9,1,12.5,4,7,8.0,163.59,35.65
10589,0,2.0,Mobile Phone,3,35,Debit Card,Female,2.7,6,Laptop & Accessory,3,Married,2,0,14.1,4,2,4.0,228.81,57.31
10590,1,2.0,Mobile Phone,2,32,Credit Card,Female,3.6,1,Grocery,2,Single,6,1,,3,3,0.0,98.61,96.63
10591,1,2.0,Mobile Phone,2,34,Cash on Delivery,Male,5.4,3,Fashion,4,Single,6,0,12.8,1,3,3.0,172.08,23.53
10592,0,18.0,Mobile Phone,3,18,UPI,Male,2.2,6,Laptop & Accessory,4,Married,7,1,22.0,1,5,,215.54,56.03
10593,1,3.0,Mobile Phone,2,26,Credit Card,Male,2.3,3,Laptop & Accessory,2,Married,5,1,,0,1,,194.12,107.73
10594,0,7.0,Computer,1,32,Cash on Delivery,Female,2.3,3,Mobile Phone,3,Married,3,1,11.9,2,3,0.0,209.75,22.43
10595,1,40.0,Mobile Phone,2,22,Debit Card,Female,3.5,4,Mobile Phone,2,Married,3,0,12.3,4,1,,130.25,51.93
10596,0,11.0,Phone,1,13,Debit Card,Male,2.4,1,Grocery,4,Married,6,0,14.5,1,3,1.0,159.21,26.61
10597,0,19.0,Mobile Phone,2,22,Debit Card,Male,1.9,5,Fashion,2,Single,1,0,11.0,1,3,2.0,178.87,94.35
10598,0,3.0,Computer,1,26,Debit Card,Male,3.1,2,Others,5,Married,8,0,18.2,1,5,2.0,226.79,120.0
10599,1,3.0,Mobile Phone,2,24,Cash on Delivery,Male,3.7,6,Fashion,4,Single,7,1,16.1,5,5,7.0,263.81,101.16
10600,1,1.0,Computer,3,29,Debit Card,Female,2.4,1,Mobile Phone,3,Married,7,1,15.9,0,2,10.0,68.5,76.01
10601,1,3.0,Phone,1,20,Debit Card,Male,3.1,4,Laptop & Accessory,4,Single,6,1,11.0,0,1,10.0,160.83,59.42
10602,0,5.0,Phone,1,21,E wallet,Male,3.3,6,Laptop & Accessory,5,Married,3,0,11.0,1,2,0.0,140.46,88.22
10603,1,3.0,Mobile Phone,2,21,UPI,Female,3.0,5,Laptop & Accessory,4,Divorced,9,1,12.8,3,1,10.0,133.6,84.62
10604,0,1.0,Phone,3,20,UPI,Male,3.4,5,Laptop & Accessory,2,Married,6,1,19.0,5,4,0.0,196.0,27.35
10605,0,2.0,Mobile Phone,2,30,Credit Card,Male,2.0,6,Fashion,3,Single,6,1,11.0,2,5,1.0,181.95,31.86
10606,0,11.0,Mobile Phone,1,23,Cash on Delivery,Male,1.7,2,Fashion,5,Divorced,6,0,20.4,1,5,2.0,112.68,20.0
10607,0,4.0,Mobile Phone,1,15,Cash on Delivery,Female,2.0,5,Laptop & Accessory,4,Married,6,0,13.2,1,1,2.0,109.74,72.27
10608,0,8.0,Mobile Phone,3,10,UPI,Female,0.2,1,Mobile Phone,4,Single,6,0,11.0,1,5,3.0,207.71,56.77
10609,0,12.0,Mobile Phone,3,23,Cash on Delivery,Male,1.6,5,Laptop & Accessory,5,Married,4,0,15.5,3,1,2.0,114.51,83.16
10610,1,21.0,Mobile Phone,3,11,Cash on Delivery,Male,3.8,6,Grocery,5,Single,2,0,,2,2,10.0,138.31,101.96
10611,0,1.0,Phone,2,13,Cash on Delivery,Female,,4,Mobile Phone,5,Single,1,1,11.0,1,2,1.0,235.4,75.29
10612,1,28.0,Computer,2,16,Debit Card,Male,1.4,5,Fashion,1,Single,8,0,22.2,1,1,1.0,190.34,62.38
10613,0,17.0,Mobile Phone,1,30,Debit Card,Male,1.0,4,Fashion,4,Single,5,0,14.7,1,3,10.0,272.86,103.62
10614,0,1.0,Mobile Phone,2,6,Debit Card,Male,3.0,5,Grocery,4,Single,3,0,11.0,2,1,0.0,173.58,20.0
10615,0,37.0,Mobile Phone,3,8,Credit Card,Male,3.6,2,Grocery,4,Divorced,9,1,11.5,0,4,3.0,313.97,66.88
10616,0,45.0,Mobile Phone,1,7,Debit Card,Male,2.1,1,Fashion,4,Married,3,1,11.0,2,3,4.0,168.98,58.57
10617,1,1.0,Computer,1,26,Debit Card,Female,2.3,4,Mobile Phone,2,Single,5,1,12.9,1,3,2.0,251.87,60.35
10618,0,5.0,Mobile Phone,3,25,Cash on Delivery,Male,3.9,5,Others,4,Single,2,0,14.3,0,5,4.0,129.61,49.33
10619,0,,Mobile Phone,2,16,Cash on Delivery,Female,5.0,3,Laptop & Accessory,4,Divorced,6,0,19.1,3,3,0.0,140.99,104.1
10620,0,24.0,Phone,3,7,UPI,Male,2.3,3,Fashion,1,Married,9,1,11.0,1,4,7.0,281.51,20.0
10621,0,3.0,Mobile Phone,3,13,Debit Card,Male,3.7,1,Fashion,3,Married,1,0,11.0,1,1,0.0,138.28,85.26
10622,0,4.0,Computer,2,16,Debit Card,Male,3.0,6,Others,2,Single,3,0,11.8,2,1,2.0,166.96,34.8
10623,0,8.0,Computer,1,12,Credit Card,Female,4.3,4,Laptop & Accessory,3,Married,1,0,26.0,2,4,0.0,140.31,20.0
10624,1,11.0,Mobile Phone,3,23,Credit Card,Male,1.6,2,Others,1,Married,5,0,15.9,1,2,3.0,247.46,78.26
10625,1,17.0,Computer,3,30,Cash on Delivery,Male,3.0,6,Grocery,3,Divorced,5,0,17.4,1,3,,107.44,80.53
10626,0,8.0,Phone,1,9,Cash on Delivery,Female,2.2,2,Laptop & Accessory,4,Married,4,0,13.5,7,1,11.0,258.45,106.13
10627,1,11.0,Computer,2,25,E wallet,Male,2.9,1,Laptop & Accessory,4,Married,5,0,25.4,2,3,5.0,194.68,66.42
10628,0,24.0,Mobile Phone,1,9,E wallet,Male,4.1,2,Laptop & Accessory,4,Married,8,0,,2,4,3.0,191.19,93.55
10629,0,1.0,Computer,2,12,UPI,Female,3.0,5,Fashion,5,Divorced,8,0,11.0,0,2,10.0,176.55,91.53
10630,0,5.0,Mobile Phone,1,7,E wallet,Male,2.1,6,Grocery,2,Single,6,0,15.9,2,4,2.0,255.05,69.66
10631,0,22.0,Mobile Phone,2,23,Credit Card,Male,4.1,1,Grocery,2,Divorced,4,0,12.7,3,9,3.0,166.85,26.63
10632,0,40.0,Mobile Phone,2,28,Debit Card,Male,3.6,6,Fashion,5,Married,4,0,17.5,1,4,3.0,137.34,86.6
10633,0,12.0,Mobile Phone,1,13,Credit Card,Male,3.3,4,Laptop & Accessory,2,Married,5,0,21.0,3,2,2.0,211.23,91.86
10634,0,13.0,Mobile Phone,2,25,UPI,Male,1.6,2,Laptop & Accessory,5,Married,5,0,,2,5,7.0,174.87,38.01
10635,1,2.0,Mobile Phone,1,35,Debit Card,Male,3.6,5,Laptop & Accessory,5,Married,2,0,17.2,0,1,0.0,297.65,54.17
10636,0,10.0,Computer,1,30,Debit Card,Male,2.2,6,Fashion,4,Single,6,0,11.0,1,2,3.0,234.71,20.0
10637,0,13.0,Mobile Phone,3,28,Cash on Delivery,Male,1.8,6,Mobile Phone,5,Married,7,0,23.5,1,2,5.0,200.81,92.83
10638,1,4.0,Mobile Phone,2,18,UPI,Female,1.9,2,Grocery,1,Married,3,1,20.8,3,4,9.0,266.05,35.93
10639,1,5.0,Phone,2,25,Credit Card,Female,3.7,1,Grocery,3,Married,4,0,11.0,0,1,8.0,92.95,83.91
10640,0,,Computer,2,32,E wallet,Male,3.6,1,Laptop & Accessory,4,Single,9,0,11.0,3,3,,213.66,89.79
10641,0,1.0,Phone,2,24,Credit Card,Male,,2,Fashion,3,Married,4,0,11.0,0,7,4.0,186.12,83.68
10642,1,6.0,Computer,2,6,E wallet,Male,0.4,6,Grocery,5,Married,7,1,14.6,1,1,2.0,167.8,68.27
10643,1,4.0,Mobile Phone,1,31,UPI,Male,4.3,1,Others,1,Married,2,0,16.8,2,3,2.0,163.14,94.78
10644,1,7.0,Mobile Phone,1,34,Cash on Delivery,Female,4.0,3,Mobile Phone,4,Married,5,0,,3,3,9.0,246.8,62.22
10645,1,2.0,Computer,3,19,E wallet,Male,2.3,6,Others,4,Single,6,0,13.5,0,3,10.0,68.31,96.18
10646,0,39.0,Mobile Phone,1,33,Credit Card,Female,4.6,1,Grocery,4,Married,2,1,13.3,4,1,9.0,208.35,52.12
10647,1,16.0,Computer,1,34,UPI,Male,1.8,4,Mobile Phone,3,Married,1,1,16.7,0,1,0.0,94.17,102.23
10648,0,,Computer,2,8,UPI,Female,,2,Mobile Phone,3,Married,9,0,26.0,3,2,7.0,165.32,72.2
10649,0,28.0,Mobile Phone,1,6,UPI,Female,3.1,6,Laptop & Accessory,5,Married,7,0,11.0,0,7,11.0,176.98,64.25
10650,0,12.0,Phone,2,27,Credit Card,Female,3.3,3,Mobile Phone,2,Married,8,0,11.0,1,5,1.0,276.99,65.73
10651,0,1.0,Mobile Phone,3,27,UPI,Male,1.3,2,Mobile Phone,5,Single,5,1,11.8,1,5,2.0,147.99,101.27
10652,0,13.0,Computer,1,13,Cash on Delivery,Male,1.1,6,Fashion,4,Single,5,0,11.0,1,2,6.0,183.26,51.96
10653,0,15.0,Mobile Phone,2,32,Credit Card,Male,2.9,1,Mobile Phone,4,Single,1,0,,1,8,3.0,106.27,73.06
10654,1,24.0,Phone,3,8,UPI,Female,,3,Mobile Phone,4,Single,3,1,,0,5,20.0,210.35,35.36
10655,1,10.0,Mobile Phone,1,9,Cash on Delivery,Male,3.4,2,Laptop & Accessory,2,Divorced,7,1,11.0,4,4,2.0,100.14,50.87
10656,1,2.0,Mobile Phone,3,15,Cash on Delivery,Male,3.2,1,Grocery,4,Single,9,1,,2,3,5.0,73.31,80.91
10657,0,6.0,Mobile Phone,2,8,Credit Card,Male,4.6,6,Laptop & Accessory,5,Married,8,1,13.2,3,5,6.0,89.46,46.39
10658,1,8.0,Phone,2,8,Debit Card,Female,4.6,1,Grocery,3,Divorced,5,1,13.4,2,2,2.0,162.97,94.05
10659,0,18.0,Mobile Phone,2,19,Credit Card,Female,3.1,6,Laptop & Accessory,5,Married,3,0,14.2,2,4,7.0,165.97,108.95
10660,0,15.0,Computer,2,9,UPI,Female,4.8,2,Others,3,Single,9,1,14.1,4,1,3.0,248.08,47.88
10661,0,7.0,Mobile Phone,2,7,Debit Card,Male,3.3,6,Others,2,Married,4,1,11.0,1,2,2.0,271.33,48.51
10662,0,61.0,Phone,1,20,E wallet,Male,2.9,2,Others,3,Married,9,0,13.5,5,3,0.0,269.88,91.96
10663,0,16.0,Mobile Phone,2,34,Cash on Delivery,Male,5.0,2,Laptop & Accessory,5,Divorced,3,0,15.0,3,7,1.0,249.04,74.3
10664,0,4.0,Mobile Phone,3,29,UPI,Male,1.9,3,Laptop & Accessory,3,Married,7,1,20.8,2,5,5.0,304.53,21.1
10665,0,1.0,Mobile Phone,3,34,Credit Card,Female,1.1,3,Fashion,5,Divorced,1,0,11.0,2,5,10.0,207.32,40.15
10666,0,,Mobile Phone,2,27,E wallet,Male,2.7,4,Grocery,5,Divorced,5,1,15.1,3,3,1.0,208.2,69.59
10667,0,5.0,Mobile Phone,3,5,Debit Card,Female,3.2,3,Grocery,3,Single,9,0,16.0,2,1,1.0,289.62,120.0
10668,1,3.0,Mobile Phone,2,5,Debit Card,Female,3.8,1,Laptop & Accessory,1,Married,9,0,16.1,1,2,0.0,113.14,94.06
10669,0,3.0,Mobile Phone,1,5,E wallet,Female,1.6,3,Grocery,4,Married,6,0,16.4,1,2,4.0,236.39,120.0
10670,0,6.0,Mobile Phone,3,7,Debit Card,Male,2.8,2,Fashion,3,Single,6,0,11.0,2,5,12.0,177.17,65.81
10671,0,3.0,Mobile Phone,3,13,Credit Card,Female,1.5,2,Mobile Phone,4,Married,3,0,16.0,7,1,4.0,259.99,20.0
10672,0,40.0,Computer,1,33,Credit Card,Male,2.7,3,Laptop & Accessory,3,Single,9,0,15.6,2,3,3.0,250.91,120.0
10673,1,1.0,Computer,2,17,E wallet,Female,4.6,1,Others,3,Married,1,0,18.3,3,2,,170.14,36.62
10674,0,13.0,Mobile Phone,3,28,UPI,Female,3.2,4,Laptop & Accessory,4,Single,7,0,14.0,4,2,0.0,107.71,22.46
10675,0,9.0,Computer,3,17,E wallet,Male,1.9,2,Mobile Phone,3,Married,3,0,11.8,1,3,5.0,260.97,91.42
10676,0,61.0,Mobile Phone,2,35,Debit Card,Female,0.6,5,Grocery,3,Married,2,0,21.0,0,5,3.0,151.61,107.53
10677,0,2.0,Mobile Phone,3,29,UPI,Female,2.6,4,Fashion,3,Divorced,5,1,11.0,2,3,4.0,187.26,102.62
10678,1,9.0,Computer,1,25,Debit Card,Female,3.0,6,Laptop & Accessory,3,Single,5,0,11.0,3,1,9.0,112.87,78.22
10679,0,61.0,Computer,1,27,Debit Card,Male,3.0,5,Others,4,Married,2,0,11.0,4,3,6.0,158.36,20.0
10680,0,36.0,Mobile Phone,3,17,E wallet,Male,1.4,5,Mobile Phone,5,Divorced,8,0,17.1,0,1,6.0,240.98,75.56
10681,0,30.0,Phone,2,30,E wallet,Female,3.2,5,Fashion,3,Single,2,0,11.0,0,3,,203.11,106.42
10682,0,5.0,Computer,2,29,Debit Card,Female,,2,Fashion,4,Married,8,0,14.3,1,2,18.0,134.92,78.98
10683,0,3.0,Computer,2,25,Credit Card,Male,3.1,2,Fashion,4,Single,6,0,23.3,3,5,3.0,67.27,64.47
10684,0,19.0,Computer,2,12,Debit Card,Male,2.8,5,Fashion,3,Married,4,1,11.0,4,4,0.0,221.29,96.1
10685,0,47.0,Phone,3,12,Debit Card,Male,3.8,5,Laptop & Accessory,3,Married,3,1,,3,5,2.0,155.08,94.46
10686,0,14.0,Mobile Phone,2,34,Cash on Delivery,Male,4.3,4,Others,5,Married,9,1,20.0,3,1,6.0,190.49,52.98
10687,0,15.0,Phone,3,23,Cash on Delivery,Male,0.2,2,Mobile Phone,4,Single,6,0,11.0,1,1,0.0,171.79,79.44
10688,0,5.0,Phone,1,9,Credit Card,Male,3.8,5,Laptop & Accessory,4,Married,5,0,11.0,2,1,0.0,154.48,62.58
10689,0,26.0,Mobile Phone,3,28,Debit Card,Female,4.3,1,Grocery,4,Single,3,0,14.4,3,2,0.0,217.19,72.94
10690,1,3.0,Mobile Phone,1,14,Cash on Delivery,Male,3.8,6,Laptop & Accessory,1,Single,3,1,13.9,2,2,5.0,127.9,63.89
10691,0,7.0,Mobile Phone,2,23,Cash on Delivery,Male,2.4,2,Grocery,4,Single,6,1,11.0,1,1,2.0,188.98,56.65
10692,0,9.0,Phone,1,7,Credit Card,Female,4.3,2,Fashion,4,Divorced,4,0,18.4,0,1,1.0,204.88,43.36
10693,0,12.0,Mobile Phone,1,26,UPI,Female,2.3,6,Laptop & Accessory,4,Married,4,0,11.0,2,4,0.0,260.85,77.84
10694,0,4.0,Mobile Phone,1,11,UPI,Male,1.7,6,Laptop & Accessory,3,Married,8,0,11.0,1,6,5.0,183.13,84.33
10695,1,2.0,Computer,2,27,Credit Card,Male,3.0,6,Others,1,Single,2,1,11.0,3,3,1.0,108.49,47.68
10696,1,16.0,Mobile Phone,2,10,E wallet,Male,2.9,1,Laptop & Accessory,2,Married,6,1,11.0,0,1,1.0,220.49,32.12
10697,0,6.0,Computer,1,11,E wallet,Female,4.0,6,Fashion,5,Single,9,0,16.4,1,6,4.0,126.71,61.79
10698,0,15.0,Mobile Phone,2,34,Cash on Delivery,Female,2.2,5,Mobile Phone,3,Divorced,3,1,11.0,1,2,3.0,139.79,57.42
10699,0,3.0,Computer,1,11,UPI,Male,3.2,3,Grocery,3,Single,5,0,14.1,2,3,1.0,150.01,95.1
10700,1,11.0,Mobile Phone,3,24,UPI,Male,1.6,2,Grocery,1,Divorced,7,1,26.0,3,7,4.0,168.91,95.2
10701,1,13.0,Mobile Phone,2,12,Cash on Delivery,Male,4.6,6,Grocery,1,Married,1,1,17.8,1,3,1.0,257.57,27.66
10702,0,1.0,Phone,1,28,Credit Card,Male,3.7,5,Laptop & Accessory,4,Married,8,1,15.2,2,5,6.0,219.12,58.77
10703,0,7.0,Mobile Phone,2,6,E wallet,Female,0.3,6,Fashion,4,Married,6,0,17.5,2,4,1.0,114.0,74.61
10704,0,2.0,Computer,3,19,Cash on Delivery,Female,4.4,1,Laptop & Accessory,4,Married,4,0,26.0,4,4,0.0,270.76,54.11
10705,0,1.0,Computer,2,14,E wallet,Male,,1,Laptop & Accessory,2,Single,6,0,11.0,1,4,6.0,243.67,107.08
10706,0,61.0,Computer,2,25,Debit Card,Female,3.1,2,Mobile Phone,4,Married,2,0,14.2,1,6,4.0,205.0,20.05
10707,1,7.0,Mobile Phone,1,19,E wallet,Male,5.2,1,Fashion,2,Married,4,1,23.8,6,3,0.0,50.0,44.67
10708,0,29.0,Computer,1,6,E wallet,Female,1.0,1,Mobile Phone,2,Single,8,0,16.8,2,3,0.0,129.36,66.72
10709,0,5.0,Mobile Phone,2,7,E wallet,Male,3.5,5,Mobile Phone,3,Married,4,0,22.2,3,4,7.0,180.54,42.83
10710,0,20.0,Computer,3,23,Debit Card,Male,2.6,6,Laptop & Accessory,3,Single,5,1,11.2,2,7,5.0,279.33,52.79
10711,0,25.0,Mobile Phone,2,9,E wallet,Male,1.9,1,Laptop & Accessory,2,Divorced,2,0,11.0,4,2,1.0,259.53,20.0
10712,0,,Mobile Phone,1,28,Cash on Delivery,Female,4.6,3,Fashion,4,Married,3,0,26.0,3,1,4.0,122.07,101.39
10713,0,11.0,Mobile Phone,2,23,UPI,Male,,5,Fashion,4,Single,3,0,15.5,1,2,0.0,79.18,82.64
10714,0,9.0,Mobile Phone,3,11,UPI,Female,2.3,5,Others,5,Married,2,0,20.0,4,3,2.0,169.06,20.0
10715,1,7.0,Phone,1,25,Debit Card,Male,3.4,2,Mobile Phone,3,Single,8,0,20.3,2,2,0.0,188.42,94.84
10716,0,47.0,Mobile Phone,2,18,UPI,Male,4.4,5,Laptop & Accessory,1,Married,3,1,22.7,3,3,1.0,105.53,58.26
10717,0,31.0,Mobile Phone,3,16,Debit Card,Female,2.6,2,Fashion,3,Divorced,1,0,16.8,1,4,0.0,127.75,53.39
10718,0,60.0,Mobile Phone,1,30,Cash on Delivery,Male,4.0,1,Fashion,5,Married,2,1,17.0,3,1,2.0,306.97,69.24
10719,0,2.0,Computer,3,14,Credit Card,Female,5.0,4,Laptop & Accessory,4,Single,8,0,18.0,4,5,2.0,157.56,52.88
10720,0,23.0,Mobile Phone,1,14,E wallet,Female,5.1,3,Grocery,4,Married,1,0,11.2,3,1,2.0,161.95,64.15
10721,0,,Mobile Phone,3,8,Credit Card,Male,4.5,6,Laptop & Accessory,1,Married,1,0,21.3,2,5,0.0,349.58,34.49
10722,0,3.0,Mobile Phone,2,22,Cash on Delivery,Male,4.5,3,Mobile Phone,4,Single,1,0,11.6,3,4,1.0,159.68,53.96
10723,1,1.0,Phone,3,10,Cash on Delivery,Male,,1,Laptop & Accessory,1,Single,8,0,21.6,0,4,5.0,119.32,43.43
10724,0,24.0,Computer,1,24,Debit Card,Male,1.4,4,Fashion,4,Single,6,0,,2,4,1.0,137.45,79.18
10725,0,15.0,Mobile Phone,1,8,Cash on Delivery,Female,3.5,5,Mobile Phone,5,Divorced,7,0,11.0,1,2,5.0,197.49,61.57
10726,0,33.0,Mobile Phone,3,9,Debit Card,Male,3.5,4,Grocery,5,Married,4,0,19.8,1,1,1.0,151.51,62.69
10727,0,2.0,Mobile Phone,3,18,Debit Card,Male,3.7,5,Laptop & Accessory,4,Divorced,8,0,16.4,2,2,2.0,172.19,35.83
10728,0,28.0,Mobile Phone,1,13,Credit Card,Male,2.0,5,Laptop & Accessory,3,Single,2,0,23.0,3,5,3.0,177.42,85.46
10729,0,,Computer,1,19,UPI,Female,3.7,5,Mobile Phone,5,Married,9,1,25.4,4,2,,368.87,78.35
10730,1,3.0,Mobile Phone,1,5,E wallet,Female,4.2,4,Laptop & Accessory,4,Married,4,1,15.7,5,1,0.0,222.76,100.12
10731,1,3.0,Phone,3,25,UPI,Male,3.3,1,Grocery,1,Married,1,0,,1,5,,122.94,75.26
10732,0,30.0,Computer,3,25,UPI,Male,1.7,5,Mobile Phone,3,Married,2,0,11.0,1,3,3.0,169.55,62.6
10733,1,19.0,Mobile Phone,1,17,Cash on Delivery,Male,2.3,6,Fashion,2,Married,8,1,14.0,5,1,11.0,228.18,83.53
10734,0,13.0,Mobile Phone,2,6,UPI,Female,3.5,1,Others,3,Married,9,0,24.9,7,1,18.0,244.97,43.57
10735,1,8.0,Mobile Phone,3,19,Cash on Delivery,Female,3.2,5,Laptop & Accessory,3,Single,5,1,15.0,2,5,2.0,83.74,52.08
10736,0,37.0,Mobile Phone,1,19,Debit Card,Male,1.3,1,Grocery,4,Single,4,0,20.6,2,3,2.0,94.97,48.82
10737,0,8.0,Mobile Phone,3,20,UPI,Male,3.4,6,Fashion,3,Married,7,1,14.9,4,3,4.0,208.2,102.37
10738,0,30.0,Mobile Phone,1,7,E wallet,Female,1.7,6,Laptop & Accessory,2,Married,2,0,14.3,3,2,3.0,141.74,62.19
10739,0,10.0,Mobile Phone,1,17,UPI,Female,1.8,1,Grocery,4,Single,7,1,18.4,0,2,4.0,133.31,68.56
10740,0,8.0,Computer,1,24,E wallet,Male,1.7,1,Laptop & Accessory,5,Married,9,0,11.0,2,3,8.0,191.22,46.21
10741,0,11.0,Mobile Phone,3,5,UPI,Female,,2,Fashion,4,Married,2,0,17.2,1,2,5.0,227.45,73.54
10742,1,6.0,Mobile Phone,1,30,Debit Card,Female,0.4,6,Laptop & Accessory,3,Single,8,0,11.0,2,5,2.0,165.66,64.13
10743,0,24.0,Mobile Phone,1,18,Cash on Delivery,Male,1.4,6,Fashion,5,Single,6,0,14.5,0,3,2.0,63.42,106.09
10744,0,12.0,Computer,3,7,Debit Card,Female,3.2,4,Mobile Phone,5,Divorced,6,1,11.0,2,4,4.0,148.29,61.62
10745,1,4.0,Mobile Phone,2,21,Cash on Delivery,Female,3.3,5,Grocery,2,Single,4,0,11.0,3,3,2.0,110.38,84.96
10746,1,41.0,Computer,3,21,Credit Card,Female,2.6,5,Mobile Phone,1,Single,9,1,23.9,2,5,2.0,213.7,36.1
10747,0,8.0,Mobile Phone,2,13,E wallet,Male,2.6,2,Laptop & Accessory,4,Single,8,0,21.7,4,1,0.0,303.03,67.54
10748,1,14.0,Computer,1,24,UPI,Male,3.1,1,Fashion,5,Married,7,1,12.9,3,3,0.0,197.28,75.8
10749,0,42.0,Computer,1,24,E wallet,Female,2.2,1,Laptop & Accessory,5,Married,5,0,26.0,3,4,2.0,206.46,36.88
10750,0,17.0,Mobile Phone,3,8,Cash on Delivery,Male,2.1,5,Mobile Phone,5,Divorced,5,1,21.0,1,2,6.0,228.78,72.04
10751,1,2.0,Phone,3,15,Debit Card,Male,3.3,3,Laptop & Accessory,4,Married,2,1,14.1,1,1,1.0,260.88,31.99
10752,0,50.0,Computer,3,19,Cash on Delivery,Male,4.3,5,Others,4,Married,5,0,11.0,1,1,2.0,145.09,20.0
10753,0,17.0,Phone,2,29,Credit Card,Male,2.0,5,Laptop & Accessory,1,Single,3,1,14.4,0,3,1.0,176.82,70.57
10754,0,7.0,Mobile Phone,2,17,E wallet,Female,3.1,2,Fashion,2,Single,7,1,11.2,4,3,0.0,236.91,95.01
10755,1,2.0,Phone,1,31,UPI,Male,1.8,1,Laptop & Accessory,3,Divorced,9,0,12.2,7,1,12.0,123.5,20.0
10756,0,28.0,Mobile Phone,3,32,Credit Card,Male,3.5,4,Laptop & Accessory,4,Married,6,0,17.5,2,6,7.0,89.46,87.37
10757,1,17.0,Mobile Phone,1,28,Cash on Delivery,Male,,5,Laptop & Accessory,4,Single,7,0,11.2,3,2,0.0,152.1,98.17
10758,0,13.0,Computer,3,24,Credit Card,Male,,5,Others,4,Divorced,7,1,22.9,2,1,5.0,255.38,20.0
10759,0,40.0,Computer,1,16,Credit Card,Female,3.5,4,Laptop & Accessory,3,Divorced,7,0,11.8,2,6,1.0,188.43,61.51
10760,0,27.0,Phone,1,19,UPI,Female,3.5,2,Grocery,4,Married,4,0,11.0,2,3,21.0,152.02,27.61
10761,0,2.0,Mobile Phone,1,10,Cash on Delivery,Female,3.2,3,Fashion,1,Single,6,0,18.9,3,1,1.0,240.94,120.0
10762,0,6.0,Computer,2,22,Debit Card,Male,2.6,2,Mobile Phone,3,Single,7,0,14.8,0,2,1.0,213.21,67.35
10763,1,5.0,Phone,1,26,Debit Card,Male,1.4,5,Others,4,Married,4,1,20.1,2,2,3.0,133.38,20.0
10764,1,24.0,Phone,1,21,Cash on Delivery,Male,3.0,2,Others,4,Divorced,9,1,16.0,2,4,7.0,168.61,92.83
10765,0,1.0,Computer,2,25,E wallet,Male,2.9,6,Laptop & Accessory,5,Divorced,9,0,11.0,3,3,0.0,118.55,53.35
10766,0,15.0,Phone,3,28,Cash on Delivery,Male,2.8,4,Fashion,3,Divorced,4,0,16.8,1,3,4.0,188.6,65.74
10767,0,25.0,Computer,3,21,Debit Card,Male,3.3,2,Laptop & Accessory,3,Married,8,1,11.0,4,5,0.0,218.18,32.93
10768,0,37.0,Mobile Phone,1,15,Credit Card,Female,3.7,5,Fashion,3,Divorced,8,0,15.9,2,1,10.0,50.0,87.44
10769,0,7.0,Mobile Phone,2,22,Debit Card,Male,,4,Laptop & Accessory,3,Married,2,0,11.4,0,3,,118.79,80.73
10770,0,30.0,Phone,1,7,Credit Card,Male,2.7,4,Fashion,5,Married,6,0,13.8,2,5,9.0,280.72,88.43
10771,0,2.0,Computer,2,27,Debit Card,Female,3.5,5,Others,4,Single,9,0,15.3,1,3,2.0,159.87,50.71
10772,0,33.0,Mobile Phone,1,35,Debit Card,Female,2.0,5,Fashion,5,Single,8,0,19.4,1,3,2.0,279.52,37.68
10773,1,,Computer,2,32,Debit Card,Male,1.1,5,Laptop & Accessory,2,Single,1,1,11.7,0,2,14.0,103.5,90.43
10774,1,9.0,Mobile Phone,3,28,E wallet,Female,2.4,3,Grocery,5,Single,5,0,11.0,0,4,18.0,148.09,95.74
10775,0,28.0,Mobile Phone,2,8,Debit Card,Female,3.0,5,Mobile Phone,1,Single,5,1,11.0,9,4,4.0,193.06,20.0
10776,0,2.0,Computer,2,17,Debit Card,Male,0.9,2,Laptop & Accessory,5,Divorced,9,0,15.8,0,4,0.0,160.88,75.31
10777,1,4.0,Mobile Phone,3,28,Debit Card,Female,3.1,6,Fashion,3,Divorced,2,0,,0,1,2.0,255.93,72.61
10778,0,23.0,Phone,1,5,Credit Card,Male,3.2,1,Grocery,3,Single,5,1,16.8,1,4,3.0,172.9,65.35
10779,0,22.0,Phone,3,23,Debit Card,Female,4.0,3,Mobile Phone,4,Married,1,0,21.0,2,2,2.0,222.73,84.0
10780,0,18.0,Computer,2,34,Credit Card,Male,3.4,3,Others,5,Divorced,8,0,15.9,2,2,3.0,114.48,20.0
10781,0,21.0,Mobile Phone,1,24,Cash on Delivery,Male,,1,Fashion,1,Single,8,0,16.3,1,5,0.0,195.86,116.11
10782,0,14.0,Mobile Phone,3,9,Credit Card,Female,3.4,2,Fashion,3,Married,2,0,13.5,5,3,4.0,161.17,120.0
10783,0,5.0,Computer,2,17,Cash on Delivery,Female,3.0,3,Mobile Phone,5,Single,1,1,21.3,3,2,4.0,119.91,72.62
10784,0,7.0,Computer,1,20,Credit Card,Female,3.5,3,Mobile Phone,3,Married,3,0,24.9,1,5,0.0,207.99,80.31
10785,1,3.0,Mobile Phone,3,20,Debit Card,Female,4.3,5,Mobile Phone,2,Divorced,9,1,11.0,2,2,3.0,261.73,42.47
10786,0,43.0,Computer,1,15,Credit Card,Male,2.2,6,Others,3,Single,7,0,16.3,2,1,3.0,144.28,87.14
10787,0,15.0,Computer,1,13,UPI,Male,2.6,4,Fashion,3,Married,7,0,11.0,4,3,4.0,205.37,64.18
10788,1,9.0,Mobile Phone,1,22,Credit Card,Female,3.0,3,Fashion,5,Married,4,1,25.0,4,3,0.0,167.09,58.4
10789,1,11.0,Mobile Phone,1,19,E wallet,Female,2.4,6,Mobile Phone,4,Divorced,5,1,16.0,4,1,3.0,186.43,59.03
10790,0,52.0,Phone,3,17,Debit Card,Male,0.7,2,Mobile Phone,4,Married,7,0,14.9,1,3,1.0,230.39,37.42
10791,0,2.0,Mobile Phone,3,11,Cash on Delivery,Male,4.0,4,Laptop & Accessory,5,Divorced,2,0,11.0,2,1,2.0,266.51,104.09
10792,0,15.0,Mobile Phone,2,7,Credit Card,Female,0.5,1,Laptop & Accessory,3,Single,3,0,13.6,0,4,5.0,254.51,113.88
10793,1,12.0,Mobile Phone,2,16,E wallet,Male,3.4,3,Others,1,Married,3,0,14.5,0,3,4.0,135.03,40.72
10794,0,17.0,Mobile Phone,1,30,E wallet,Female,1.5,2,Fashion,3,Single,7,1,11.0,2,4,0.0,99.34,77.84
10795,1,1.0,Mobile Phone,1,22,Cash on Delivery,Male,1.8,6,Grocery,3,Divorced,7,1,15.9,0,3,3.0,59.32,89.13
10796,0,37.0,Computer,2,13,UPI,Male,3.7,1,Mobile Phone,2,Single,6,0,11.0,1,6,13.0,217.98,33.56
10797,0,48.0,Computer,1,7,E wallet,Female,4.5,5,Laptop & Accessory,5,Divorced,1,1,17.6,1,1,0.0,148.42,48.83
10798,0,14.0,Mobile Phone,3,28,Cash on Delivery,Female,3.4,5,Mobile Phone,4,Married,8,0,11.0,0,3,7.0,243.74,47.04
10799,0,21.0,Computer,2,5,E wallet,Male,2.7,4,Laptop & Accessory,3,Single,4,0,15.9,3,5,4.0,117.92,100.45
10800,0,46.0,Mobile Phone,3,25,E wallet,Male,2.8,1,Others,4,Married,8,0,13.8,2,2,5.0,206.77,92.3
10801,0,22.0,Computer,1,25,UPI,Female,4.5,4,Mobile Phone,4,Single,7,1,16.8,4,3,1.0,73.78,85.95
10802,0,2.0,Phone,2,26,Debit Card,Female,4.4,1,Laptop & Accessory,5,Divorced,1,1,16.0,2,2,1.0,210.28,53.28
10803,0,15.0,Mobile Phone,1,11,Credit Card,Male,3.6,6,Laptop & Accessory,5,Married,7,0,15.6,2,5,9.0,203.48,75.26
10804,0,16.0,Mobile Phone,2,23,Debit Card,Male,4.4,1,Others,4,Single,4,0,,4,1,1.0,114.03,99.45
10805,0,9.0,Mobile Phone,2,16,UPI,Male,2.4,5,Laptop & Accessory,4,Married,5,1,18.3,4,1,,191.53,108.51
10806,0,24.0,Computer,2,34,Credit Card,Male,3.8,4,Laptop & Accessory,4,Married,6,0,16.7,2,3,3.0,304.16,41.57
10807,0,49.0,Mobile Phone,3,18,Credit Card,Male,1.5,5,Fashion,4,Married,5,0,18.8,2,3,0.0,221.28,20.0
10808,0,46.0,Computer,2,17,Debit Card,Female,2.4,1,Laptop & Accessory,2,Divorced,2,1,14.8,4,4,6.0,357.31,30.7
10809,1,10.0,Mobile Phone,2,9,Cash on Delivery,Male,2.5,5,Mobile Phone,2,Single,8,1,13.9,1,4,4.0,189.19,49.45
10810,0,2.0,Mobile Phone,1,16,UPI,Male,4.4,4,Fashion,4,Single,8,0,11.0,4,4,,214.69,72.9
10811,0,61.0,Mobile Phone,2,12,Cash on Delivery,Female,2.7,4,Laptop & Accessory,3,Married,5,0,11.0,3,5,6.0,151.43,80.76
10812,0,32.0,Computer,1,10,Debit Card,Male,4.1,2,Grocery,1,Married,5,0,12.2,4,3,,194.78,63.03
10813,0,2.0,Phone,2,22,Cash on Delivery,Male,2.3,5,Mobile Phone,4,Married,7,0,20.8,2,4,1.0,121.43,76.14
10814,0,45.0,Phone,1,11,UPI,Male,3.9,2,Fashion,1,Single,2,1,11.0,1,1,5.0,234.33,84.58
10815,0,36.0,Phone,1,23,Cash on Delivery,Female,3.6,1,Laptop & Accessory,4,Single,5,0,11.0,2,4,2.0,131.67,46.93
10816,1,13.0,Computer,3,19,E wallet,Female,0.4,6,Mobile Phone,4,Married,1,1,14.6,2,4,14.0,279.97,52.48
10817,0,16.0,Mobile Phone,3,14,Cash on Delivery,Female,4.2,5,Mobile Phone,5,Single,4,0,11.0,0,1,5.0,99.23,81.56
10818,0,,Mobile Phone,1,13,Credit Card,Male,2.4,3,Mobile Phone,3,Married,8,0,12.7,2,5,0.0,161.71,77.19
10819,1,1.0,Computer,1,24,Cash on Delivery,Male,1.5,2,Grocery,1,Single,1,0,12.4,0,2,8.0,165.07,25.56
10820,1,7.0,Mobile Phone,2,20,Cash on Delivery,Male,1.9,4,Laptop & Accessory,4,Married,1,1,11.2,3,2,0.0,112.92,88.02
10821,0,29.0,Mobile Phone,2,31,Credit Card,Male,2.3,2,Fashion,5,Divorced,4,0,11.0,4,3,0.0,194.08,68.69
10822,0,1.0,Mobile Phone,3,24,Cash on Delivery,Female,2.0,5,Others,5,Divorced,5,0,11.0,4,4,5.0,147.99,33.76
10823,0,7.0,Mobile Phone,2,8,Credit Card,Male,1.9,2,Grocery,3,Married,9,0,12.8,1,4,8.0,264.26,58.5
10824,0,9.0,Mobile Phone,3,14,Credit Card,Male,2.7,4,Grocery,3,Single,5,0,11.0,1,2,3.0,131.27,58.23
10825,0,13.0,Mobile Phone,2,14,UPI,Male,3.5,2,Laptop & Accessory,5,Single,1,0,18.6,0,1,1.0,205.26,38.05
10826,0,45.0,Computer,2,12,E wallet,Female,4.4,2,Grocery,2,Single,3,0,11.0,1,5,1.0,174.84,68.85
10827,0,7.0,Mobile Phone,2,5,Credit Card,Female,4.9,3,Mobile Phone,4,Married,4,0,17.7,3,4,1.0,167.2,73.45
10828,0,7.0,Mobile Phone,1,7,Debit Card,Female,5.7,1,Laptop & Accessory,3,Married,7,0,11.0,4,5,1.0,185.49,102.02
10829,0,24.0,Mobile Phone,1,28,UPI,Male,3.4,4,Fashion,1,Married,2,0,21.2,4,3,,222.49,20.0
10830,0,10.0,Mobile Phone,3,16,Debit Card,Male,2.8,1,Laptop & Accessory,3,Married,4,0,15.2,1,3,3.0,66.76,68.78
10831,0,4.0,Mobile Phone,3,11,Debit Card,Male,3.9,3,Mobile Phone,3,Married,8,0,11.0,0,2,9.0,182.86,51.08
10832,0,10.0,Computer,3,26,E wallet,Female,1.6,6,Grocery,4,Married,5,0,26.0,2,3,1.0,130.45,54.73
10833,0,2.0,Mobile Phone,1,27,Credit Card,Male,2.7,6,Fashion,5,Single,6,0,12.5,1,1,0.0,135.01,120.0
10834,1,3.0,Computer,3,5,Debit Card,Female,3.5,5,Fashion,3,Divorced,3,1,11.7,3,2,7.0,194.62,96.05
10835,0,12.0,Mobile Phone,2,28,Cash on Delivery,Male,1.9,5,Others,5,Single,4,0,12.1,2,4,5.0,246.0,99.74
10836,1,9.0,Mobile Phone,2,24,Credit Card,Female,4.2,3,Grocery,1,Single,9,0,17.4,4,2,10.0,273.07,73.17
10837,0,44.0,Mobile Phone,1,35,Debit Card,Male,3.6,5,Mobile Phone,4,Divorced,2,0,11.0,3,5,0.0,145.09,68.72
10838,0,8.0,Mobile Phone,2,5,UPI,Female,,5,Grocery,1,Single,3,1,15.8,2,4,,50.0,30.45
10839,0,15.0,Mobile Phone,2,8,UPI,Male,3.5,2,Others,5,Single,2,1,11.0,1,2,3.0,184.21,116.36
10840,0,18.0,Mobile Phone,2,22,UPI,Female,2.7,2,Laptop & Accessory,4,Divorced,2,0,,0,4,3.0,70.91,36.24
10841,0,1.0,Mobile Phone,3,9,UPI,Male,0.9,2,Laptop & Accessory,4,Married,9,0,21.8,1,1,2.0,206.48,77.75
10842,0,19.0,Mobile Phone,2,5,Credit Card,Female,,6,Grocery,5,Divorced,8,0,11.7,6,4,3.0,126.05,53.4
10843,0,,Mobile Phone,1,5,Credit Card,Female,2.9,3,Laptop & Accessory,4,Single,7,1,20.3,1,2,0.0,200.54,54.64
10844,0,58.0,Mobile Phone,3,9,UPI,Male,3.3,6,Laptop & Accessory,5,Married,9,1,11.0,1,7,2.0,128.8,22.09
10845,0,2.0,Mobile Phone,3,22,Cash on Delivery,Female,3.8,5,Fashion,4,Single,8,0,11.3,1,3,4.0,110.14,73.55
10846,0,9.0,Mobile Phone,2,13,E wallet,Female,0.8,1,Fashion,5,Married,9,1,11.0,1,2,,111.62,20.0
10847,1,1.0,Mobile Phone,2,14,E wallet,Female,2.8,6,Grocery,4,Single,2,1,26.0,1,6,4.0,203.82,20.0
10848,0,61.0,Mobile Phone,3,35,E wallet,Female,2.1,4,Mobile Phone,2,Single,7,0,,0,1,2.0,100.69,47.92
10849,0,12.0,Phone,1,11,UPI,Female,4.7,5,Fashion,4,Married,9,0,,2,2,1.0,212.76,78.01
10850,0,,Computer,3,35,Debit Card,Female,2.9,6,Others,2,Married,9,0,13.5,2,4,1.0,286.63,30.19
10851,0,1.0,Mobile Phone,2,19,Cash on Delivery,Male,2.8,3,Others,4,Married,8,0,15.0,1,7,2.0,280.26,20.0
10852,0,24.0,Mobile Phone,1,18,Credit Card,Male,2.5,2,Fashion,3,Single,1,1,12.8,2,5,0.0,84.21,119.95
10853,0,4.0,Computer,2,8,E wallet,Male,4.9,4,Laptop & Accessory,4,Single,3,0,11.0,2,2,4.0,99.17,120.0
10854,0,,Mobile Phone,3,18,UPI,Male,2.1,6,Fashion,1,Single,8,1,23.1,3,4,7.0,208.87,85.07
10855,1,4.0,Mobile Phone,2,11,E wallet,Female,1.8,4,Laptop & Accessory,2,Single,3,1,21.5,6,5,1.0,115.9,53.39
10856,0,3.0,Computer,2,12,Debit Card,Female,2.0,4,Others,3,Single,4,0,17.0,0,2,0.0,217.13,80.46
10857,0,1.0,Computer,3,28,UPI,Female,2.2,1,Others,5,Married,2,0,16.7,1,2,,77.38,84.54
10858,0,11.0,Mobile Phone,2,12,Cash on Delivery,Male,3.0,6,Laptop & Accessory,3,Single,3,1,16.3,0,1,1.0,175.71,81.76
10859,0,14.0,Computer,2,32,Credit Card,Male,3.8,6,Mobile Phone,3,Divorced,5,1,12.3,1,1,0.0,236.65,87.31
10860,0,1.0,Computer,1,9,Debit Card,Female,2.0,2,Grocery,4,Single,6,1,11.6,1,3,1.0,86.88,82.15
10861,0,26.0,Computer,1,27,UPI,Male,4.8,2,Laptop & Accessory,4,Married,6,0,24.6,4,4,5.0,172.99,54.46
10862,1,10.0,Phone,2,15,Debit Card,Female,3.4,2,Fashion,3,Married,7,0,18.8,2,2,1.0,172.18,66.72
10863,0,13.0,Mobile Phone,1,27,E wallet,Male,1.3,2,Laptop & Accessory,3,Married,8,0,11.0,3,1,3.0,216.39,88.28
10864,1,10.0,Mobile Phone,1,6,Credit Card,Male,0.7,5,Mobile Phone,2,Married,6,1,12.3,1,1,2.0,139.87,77.58
10865,0,9.0,Computer,3,19,Cash on Delivery,Female,3.0,4,Laptop & Accessory,5,Married,6,0,17.9,1,5,0.0,94.32,91.79
10866,0,,Computer,1,23,UPI,Female,2.2,4,Fashion,2,Married,2,1,17.2,3,1,1.0,50.0,39.09
10867,0,3.0,Mobile Phone,1,31,Debit Card,Male,1.9,4,Mobile Phone,3,Single,3,0,18.2,2,2,5.0,259.51,74.14
10868,1,3.0,Mobile Phone,2,22,UPI,Male,2.3,3,Mobile Phone,1,Married,6,1,11.0,2,2,3.0,230.09,40.73
10869,0,35.0,Computer,2,19,Cash on Delivery,Male,2.3,2,Laptop & Accessory,2,Married,6,0,16.9,0,1,0.0,178.54,67.17
10870,0,52.0,Computer,3,23,E wallet,Female,3.3,5,Fashion,4,Single,6,0,21.7,0,4,0.0,176.93,44.71
10871,1,8.0,Mobile Phone,3,29,Debit Card,Female,3.6,5,Laptop & Accessory,2,Single,4,0,11.0,2,2,4.0,205.51,56.13
10872,0,5.0,Mobile Phone,1,11,Debit Card,Male,2.9,6,Others,1,Married,2,0,25.4,3,2,6.0,237.95,92.59
10873,0,18.0,Computer,1,8,Debit Card,Male,3.3,6,Laptop & Accessory,3,Divorced,8,0,17.0,1,2,1.0,58.97,82.0
10874,1,9.0,Mobile Phone,2,18,UPI,Male,1.8,3,Mobile Phone,1,Married,2,0,15.7,4,4,3.0,73.21,35.17
10875,1,1.0,Computer,3,12,Credit Card,Female,2.6,3,Mobile Phone,1,Married,3,0,11.0,2,8,0.0,64.45,50.78
10876,0,3.0,Mobile Phone,2,33,Cash on Delivery,Female,3.2,6,Fashion,5,Married,1,0,11.2,3,2,1.0,159.24,89.89
10877,0,22.0,Mobile Phone,2,27,UPI,Male,3.0,6,Laptop & Accessory,4,Single,9,1,12.7,5,3,0.0,190.92,120.0
10878,0,19.0,Mobile Phone,2,14,E wallet,Male,3.9,4,Mobile Phone,5,Married,3,0,11.0,2,3,5.0,240.75,90.38
10879,1,1.0,Mobile Phone,1,17,UPI,Female,3.1,4,Grocery,5,Married,2,0,13.1,1,1,2.0,50.0,45.38
10880,1,4.0,Computer,3,10,UPI,Female,0.5,4,Grocery,4,Single,6,1,11.0,4,3,6.0,99.73,60.03
10881,0,4.0,Mobile Phone,2,8,E wallet,Female,2.3,4,Others,1,Single,8,0,19.1,3,3,4.0,187.84,75.24
10882,0,20.0,Mobile Phone,3,9,Debit Card,Male,4.9,6,Laptop & Accessory,4,Single,4,1,11.0,3,7,7.0,195.28,75.01
10883,0,1.0,Computer,1,14,Credit Card,Female,2.3,4,Fashion,5,Divorced,1,0,13.5,2,3,1.0,168.02,70.87
10884,0,1.0,Mobile Phone,3,28,Credit Card,Female,2.7,6,Mobile Phone,4,Single,7,0,11.0,2,2,0.0,112.49,38.5
10885,1,28.0,Phone,3,17,UPI,Female,0.4,2,Fashion,4,Divorced,3,0,15.0,1,1,14.0,138.02,51.74
10886,1,3.0,Mobile Phone,3,23,UPI,Male,1.7,5,Grocery,2,Single,5,0,26.0,3,5,5.0,171.78,72.56
10887,1,19.0,Mobile Phone,2,15,Credit Card,Female,2.1,2,Fashion,5,Single,2,0,25.0,2,2,7.0,76.99,52.57
10888,0,4.0,Computer,1,32,Credit Card,Male,5.3,5,Laptop & Accessory,4,Single,8,0,12.0,1,2,0.0,128.81,94.56
10889,0,1.0,Phone,2,35,Credit Card,Female,,1,Mobile Phone,5,Married,3,0,13.9,2,3,1.0,97.15,20.0
10890,1,5.0,Phone,2,23,UPI,Male,2.8,1,Others,2,Single,9,0,11.0,2,2,5.0,210.12,103.14
10891,1,23.0,Mobile Phone,2,9,UPI,Male,,1,Fashion,2,Married,1,0,14.1,4,1,,125.14,120.0
10892,0,34.0,Computer,3,29,Credit Card,Male,1.4,5,Fashion,2,Married,6,0,19.4,2,5,3.0,101.56,76.29
10893,0,31.0,Phone,1,9,UPI,Male,4.3,3,Laptop & Accessory,4,Married,3,0,11.0,0,2,2.0,148.95,42.56
10894,1,9.0,Phone,2,5,Cash on Delivery,Male,0.9,2,Mobile Phone,2,Single,4,0,24.4,5,2,0.0,225.16,112.88
10895,0,19.0,Mobile Phone,1,25,Cash on Delivery,Male,2.8,3,Mobile Phone,1,Married,4,0,20.5,2,4,1.0,178.62,55.57
10896,0,4.0,Mobile Phone,3,13,Debit Card,Female,0.4,5,Laptop & Accessory,5,Single,8,0,20.2,1,1,1.0,246.13,41.62
10897,0,6.0,Computer,2,11,Debit Card,Female,2.3,4,Others,1,Single,9,0,17.3,2,1,0.0,236.93,74.42
10898,0,40.0,Computer,2,13,UPI,Male,0.2,3,Mobile Phone,5,Married,5,0,11.0,1,3,3.0,135.01,100.09
10899,1,1.0,Computer,1,30,Debit Card,Male,,5,Laptop & Accessory,3,Single,3,0,21.1,0,1,1.0,188.08,120.0
10900,0,1.0,Mobile Phone,1,14,Credit Card,Female,4.1,1,Mobile Phone,5,Married,9,0,13.1,0,2,1.0,245.86,47.06
10901,1,4.0,Computer,2,34,Debit Card,Female,1.2,4,Mobile Phone,4,Married,1,0,11.0,2,5,9.0,151.03,68.87
10902,0,1.0,Mobile Phone,2,25,Cash on Delivery,Female,2.3,1,Grocery,5,Married,1,0,15.5,0,3,2.0,194.41,68.22
10903,0,3.0,Mobile Phone,1,7,Credit Card,Female,4.1,3,Grocery,5,Married,3,0,11.0,2,2,1.0,125.89,51.01
10904,1,15.0,Computer,2,22,Debit Card,Female,5.6,3,Grocery,1,Single,2,0,11.4,3,1,5.0,166.47,72.57
10905,0,9.0,Computer,1,13,UPI,Male,3.3,2,Others,1,Married,8,0,19.2,0,4,9.0,164.52,81.74
10906,0,40.0,Phone,3,9,UPI,Male,2.4,2,Mobile Phone,3,Married,5,0,14.3,3,5,0.0,217.63,74.55
10907,0,30.0,Mobile Phone,3,15,E wallet,Male,2.6,5,Fashion,4,Divorced,1,1,14.8,5,3,2.0,156.99,36.88
10908,0,7.0,Mobile Phone,1,33,E wallet,Female,2.2,6,Fashion,5,Married,3,1,22.0,3,6,3.0,192.93,67.15
10909,1,5.0,Mobile Phone,1,5,Credit Card,Male,2.7,3,Mobile Phone,3,Single,3,0,11.0,1,5,1.0,202.87,31.17
10910,0,8.0,Mobile Phone,3,6,UPI,Female,6.0,1,Laptop & Accessory,4,Single,2,0,21.7,1,4,5.0,132.66,20.0
10911,0,16.0,Mobile Phone,1,22,UPI,Female,4.1,2,Others,2,Married,9,0,15.9,1,4,14.0,155.85,64.32
10912,0,5.0,Mobile Phone,1,32,Credit Card,Male,3.7,1,Others,5,Married,1,1,14.6,1,2,11.0,207.78,78.62
10913,0,17.0,Mobile Phone,3,24,UPI,Female,3.4,5,Grocery,5,Single,5,0,14.8,2,3,1.0,290.31,65.87
10914,1,9.0,Mobile Phone,3,18,Debit Card,Female,3.1,6,Mobile Phone,3,Single,9,1,18.8,2,6,1.0,104.57,55.83
10915,0,14.0,Mobile Phone,1,26,UPI,Male,3.2,1,Laptop & Accessory,3,Married,3,0,21.2,1,3,12.0,211.52,74.28
10916,0,10.0,Computer,1,12,E wallet,Female,5.0,1,Mobile Phone,1,Single,3,0,13.6,0,1,2.0,252.85,116.44
10917,0,6.0,Computer,3,34,UPI,Male,3.2,4,Fashion,4,Single,7,0,14.2,2,5,0.0,185.74,71.89
10918,0,53.0,Computer,1,33,Cash on Delivery,Male,2.7,5,Mobile Phone,4,Married,1,0,18.7,2,3,4.0,125.81,120.0
10919,0,25.0,Mobile Phone,2,33,E wallet,Female,1.7,6,Laptop & Accessory,2,Married,9,0,11.0,1,1,1.0,176.85,59.94
10920,1,2.0,Mobile Phone,1,23,Credit Card,Male,3.2,2,Grocery,3,Married,7,0,14.4,2,2,1.0,121.97,61.62
10921,0,36.0,Mobile Phone,3,18,UPI,Female,,4,Fashion,3,Single,8,0,18.0,2,2,8.0,149.83,72.65
10922,1,,Phone,2,30,Debit Card,Female,2.8,3,Laptop & Accessory,4,Divorced,2,1,12.0,3,1,0.0,203.12,20.0
10923,0,40.0,Mobile Phone,2,18,Debit Card,Male,1.8,3,Others,4,Single,3,0,11.0,1,4,0.0,176.37,69.31
10924,0,28.0,Mobile Phone,3,30,Credit Card,Male,3.1,2,Mobile Phone,1,Married,9,0,14.1,0,3,1.0,191.76,34.88
10925,0,9.0,Mobile Phone,2,26,Credit Card,Female,2.2,6,Mobile Phone,4,Single,4,0,11.5,4,5,3.0,109.84,86.65
10926,0,1.0,Computer,1,24,UPI,Male,1.5,6,Mobile Phone,4,Married,5,0,13.5,1,2,0.0,143.34,47.68
10927,0,5.0,Computer,2,12,Debit Card,Female,4.5,5,Mobile Phone,3,Single,9,0,12.2,1,2,2.0,216.78,45.58
10928,0,14.0,Phone,2,13,Credit Card,Female,1.3,3,Fashion,1,Married,8,0,24.4,2,1,3.0,79.51,69.32
10929,0,18.0,Mobile Phone,2,29,Credit Card,Female,2.1,3,Mobile Phone,4,Single,5,0,11.0,4,5,7.0,100.42,44.58
10930,0,5.0,Phone,1,18,Debit Card,Male,3.5,3,Others,5,Married,2,0,20.0,2,4,1.0,161.66,43.09
10931,1,2.0,Computer,1,16,Debit Card,Male,4.2,5,Fashion,2,Single,3,0,11.5,1,3,6.0,148.95,63.43
10932,0,32.0,Phone,3,17,UPI,Male,3.0,3,Grocery,3,Divorced,3,0,17.0,1,5,1.0,226.17,107.36
10933,0,61.0,Computer,2,10,Credit Card,Male,2.9,2,Others,2,Married,7,1,18.9,1,2,4.0,50.0,59.05
10934,0,13.0,Phone,1,35,Debit Card,Male,1.4,2,Grocery,4,Single,6,0,24.2,1,4,2.0,175.05,120.0
10935,1,3.0,Mobile Phone,3,18,UPI,Male,2.2,2,Laptop & Accessory,2,Married,7,0,17.4,2,1,0.0,262.26,101.23
10936,0,5.0,Mobile Phone,1,35,Debit Card,Female,1.0,4,Mobile Phone,3,Married,8,0,12.6,3,1,5.0,199.62,54.5
10937,1,1.0,Phone,3,19,UPI,Female,2.8,2,Laptop & Accessory,4,Married,5,1,15.4,1,3,0.0,87.98,75.88
10938,0,44.0,Mobile Phone,1,6,Cash on Delivery,Male,3.6,1,Mobile Phone,4,Married,6,0,26.0,0,3,0.0,325.65,75.28
10939,0,2.0,Computer,3,22,UPI,Male,3.5,3,Fashion,3,Single,1,0,16.0,0,6,1.0,147.19,61.65
10940,0,,Phone,3,34,Cash on Delivery,Male,,2,Mobile Phone,3,Married,4,0,11.0,2,2,4.0,50.0,74.04
10941,0,5.0,Mobile Phone,1,14,E wallet,Male,3.7,6,Grocery,4,Married,6,0,12.7,3,4,1.0,228.72,35.27
10942,1,14.0,Mobile Phone,1,29,UPI,Male,4.5,6,Mobile Phone,1,Married,4,1,12.5,1,2,0.0,131.51,102.89
10943,0,18.0,Computer,1,25,Credit Card,Female,2.5,6,Fashion,1,Divorced,1,0,19.4,1,1,0.0,292.27,67.14
10944,0,31.0,Computer,3,11,Debit Card,Female,,6,Grocery,5,Single,3,1,11.0,2,5,2.0,223.3,94.25
10945,1,4.0,Mobile Phone,1,26,Credit Card,Male,2.5,5,Laptop & Accessory,1,Single,3,0,,2,4,2.0,307.87,49.88
10946,1,1.0,Mobile Phone,3,29,Debit Card,Female,,6,Fashion,4,Married,3,0,,0,1,1.0,116.8,120.0
10947,0,2.0,Mobile Phone,3,9,Credit Card,Male,2.8,5,Laptop & Accessory,5,Single,4,1,13.3,3,2,0.0,256.68,58.02
10948,0,41.0,Mobile Phone,1,12,Debit Card,Male,2.6,5,Grocery,3,Single,9,0,15.5,0,5,2.0,131.21,41.19
10949,0,37.0,Mobile Phone,3,24,UPI,Female,4.3,4,Fashion,3,Single,9,0,15.9,4,1,6.0,200.61,20.0
10950,0,16.0,Phone,3,17,Debit Card,Male,1.8,6,Fashion,4,Married,8,0,16.3,4,3,5.0,190.34,69.87
10951,0,16.0,Computer,3,11,Cash on Delivery,Male,3.5,5,Fashion,5,Married,3,0,11.0,1,5,7.0,263.23,87.77
10952,0,19.0,Mobile Phone,1,29,Debit Card,Female,0.9,4,Mobile Phone,5,Single,2,0,19.8,2,2,0.0,228.59,91.08
10953,1,3.0,Mobile Phone,2,22,E wallet,Female,2.3,3,Laptop & Accessory,4,Single,3,1,11.8,3,2,13.0,152.11,66.1
10954,0,,Phone,1,13,Debit Card,Male,2.5,1,Fashion,1,Married,5,1,14.9,1,3,1.0,245.32,34.17
10955,0,,Mobile Phone,2,16,UPI,Male,2.4,5,Laptop & Accessory,4,Single,7,0,11.0,4,2,,174.48,113.45
10956,0,8.0,Mobile Phone,2,28,Cash on Delivery,Male,1.1,5,Others,3,Single,2,0,15.2,5,3,1.0,221.61,57.27
10957,0,13.0,Mobile Phone,3,30,Debit Card,Male,2.3,4,Laptop & Accessory,3,Single,6,0,16.1,4,2,2.0,197.74,20.0
10958,0,1.0,Mobile Phone,1,21,UPI,Male,3.0,4,Fashion,1,Single,2,0,15.2,1,4,1.0,167.21,60.51
10959,0,,Phone,2,14,UPI,Female,4.3,1,Fashion,2,Single,1,0,11.0,1,3,1.0,100.58,20.0
10960,0,24.0,Phone,3,11,Cash on Delivery,Female,2.1,2,Fashion,4,Single,3,0,21.8,1,4,7.0,192.2,20.0
10961,1,1.0,Computer,2,32,Cash on Delivery,Female,,4,Mobile Phone,3,Single,4,0,18.5,1,5,5.0,139.5,50.26
10962,1,16.0,Phone,1,25,Cash on Delivery,Female,5.7,1,Mobile Phone,3,Divorced,2,0,14.2,2,3,19.0,106.19,32.1
10963,0,5.0,Mobile Phone,2,9,UPI,Male,0.4,3,Grocery,3,Single,3,0,14.1,1,1,3.0,229.83,46.49
10964,0,8.0,Mobile Phone,3,27,Debit Card,Female,2.1,6,Mobile Phone,5,Married,6,0,11.0,0,1,2.0,142.15,61.42
10965,0,6.0,Computer,1,19,Cash on Delivery,Male,1.7,5,Mobile Phone,4,Single,9,1,11.3,4,2,0.0,71.69,28.0
10966,1,7.0,Computer,1,20,Debit Card,Male,1.0,5,Laptop & Accessory,3,Married,2,0,23.7,4,3,22.0,180.13,81.59
10967,0,,Mobile Phone,2,31,UPI,Male,2.9,1,Mobile Phone,2,Married,7,0,12.9,2,5,3.0,170.88,34.04
10968,1,6.0,Computer,2,20,Cash on Delivery,Male,4.3,1,Fashion,3,Married,1,0,26.0,2,2,4.0,176.3,49.49
10969,0,15.0,Computer,2,14,Credit Card,Male,4.2,5,Mobile Phone,5,Married,4,0,11.0,1,1,2.0,176.23,75.67
10970,1,11.0,Mobile Phone,1,18,Cash on Delivery,Male,3.7,4,Grocery,4,Single,2,0,17.2,1,7,3.0,119.64,114.0
10971,0,19.0,Mobile Phone,1,24,Credit Card,Male,4.4,2,Laptop & Accessory,4,Single,4,0,16.4,2,5,11.0,156.04,48.16
10972,0,,Mobile Phone,3,21,UPI,Female,2.7,3,Mobile Phone,4,Single,2,1,15.2,2,2,0.0,242.36,48.22
10973,0,23.0,Mobile Phone,1,10,Debit Card,Male,3.0,2,Grocery,3,Single,3,0,11.0,2,2,1.0,231.3,88.24
10974,0,4.0,Mobile Phone,2,5,Debit Card,Female,3.3,2,Others,5,Single,8,0,11.0,3,2,0.0,158.79,63.61
10975,1,1.0,Computer,2,15,Debit Card,Male,4.5,2,Mobile Phone,4,Married,4,0,16.2,3,2,6.0,215.11,65.16
10976,1,5.0,Mobile Phone,1,5,Credit Card,Female,2.5,5,Grocery,2,Divorced,6,1,11.0,4,1,0.0,185.58,72.83
10977,1,16.0,Mobile Phone,1,35,Cash on Delivery,Female,4.4,2,Fashion,2,Single,9,1,22.3,0,3,0.0,160.22,44.33
10978,1,1.0,Mobile Phone,1,16,UPI,Male,4.9,4,Others,4,Married,8,1,13.7,2,2,1.0,254.8,70.35
10979,1,12.0,Phone,1,28,Cash on Delivery,Male,3.4,4,Fashion,5,Divorced,2,0,16.5,0,6,2.0,126.31,120.0
10980,0,16.0,Phone,2,24,E wallet,Female,4.0,4,Fashion,3,Single,2,1,14.8,2,6,2.0,198.39,60.84
10981,0,7.0,Computer,1,19,UPI,Female,1.6,1,Laptop & Accessory,5,Single,3,0,14.6,3,2,0.0,80.2,120.0
10982,0,26.0,Mobile Phone,3,9,UPI,Female,3.7,3,Laptop & Accessory,4,Married,2,0,24.1,3,5,12.0,201.63,20.0
10983,1,2.0,Mobile Phone,3,14,UPI,Female,3.7,4,Fashion,2,Single,3,1,21.5,0,1,12.0,140.4,57.31
10984,1,1.0,Mobile Phone,1,30,Debit Card,Female,3.3,2,Fashion,1,Married,2,1,15.9,5,3,1.0,157.1,64.76
10985,0,23.0,Computer,3,21,Credit Card,Male,,1,Mobile Phone,2,Married,6,0,19.0,1,5,5.0,162.53,23.04
10986,0,12.0,Computer,3,14,E wallet,Male,3.2,5,Fashion,4,Married,9,0,22.0,2,2,3.0,50.0,55.95
10987,1,,Mobile Phone,3,11,UPI,Female,,4,Laptop & Accessory,2,Married,8,0,11.4,5,2,1.0,83.15,43.27
10988,1,10.0,Mobile Phone,2,31,Debit Card,Female,2.9,2,Fashion,3,Married,6,0,11.0,1,1,1.0,229.81,42.95
10989,0,5.0,Mobile Phone,3,22,Debit Card,Male,2.9,2,Laptop & Accessory,4,Married,4,0,18.3,1,3,2.0,186.28,66.51
10990,0,30.0,Mobile Phone,3,10,Cash on Delivery,Male,3.0,6,Mobile Phone,4,Married,5,1,22.5,1,5,2.0,267.5,113.57
10991,0,28.0,Mobile Phone,1,35,Cash on Delivery,Female,2.6,5,Laptop & Accessory,2,Divorced,4,0,11.0,2,2,1.0,97.93,83.43
10992,0,21.0,Mobile Phone,3,13,UPI,Male,2.5,1,Fashion,3,Married,5,1,11.4,2,4,6.0,231.07,89.96
10993,1,5.0,Computer,2,6,Cash on Delivery,Male,3.8,2,Grocery,3,Married,2,1,13.6,1,1,2.0,207.64,73.69
10994,0,16.0,Phone,2,26,Credit Card,Female,3.1,3,Mobile Phone,4,Married,8,0,11.0,2,4,4.0,249.87,37.63
10995,1,8.0,Mobile Phone,3,32,UPI,Male,1.6,4,Mobile Phone,5,Divorced,1,1,14.1,1,3,0.0,173.55,59.74
10996,0,1.0,Mobile Phone,1,16,Debit Card,Male,3.7,1,Laptop & Accessory,2,Married,9,0,11.0,2,5,3.0,186.88,65.76
10997,0,44.0,Mobile Phone,1,9,Credit Card,Female,1.9,4,Mobile Phone,5,Single,1,0,13.1,4,5,1.0,127.35,57.74
10998,1,2.0,Mobile Phone,2,19,Cash on Delivery,Male,5.3,4,Grocery,4,Divorced,5,0,19.2,1,1,2.0,163.76,56.26
10999,0,54.0,Phone,2,17,E wallet,Male,1.8,5,Mobile Phone,4,Single,9,0,11.0,1,1,6.0,150.52,81.11
11000,0,10.0,Computer,2,33,Debit Card,Male,5.3,3,Laptop & Accessory,4,Single,1,1,11.0,3,3,5.0,100.47,94.02
11001,0,3.0,Phone,1,33,E wallet,Female,3.5,3,Others,3,Married,1,1,23.4,0,3,1.0,188.17,106.25
11002,0,14.0,Mobile Phone,3,6,Debit Card,Male,2.5,5,Others,2,Married,3,0,,1,6,4.0,236.52,62.76
11003,0,37.0,Mobile Phone,1,35,Credit Card,Female,2.1,4,Others,4,Single,8,1,11.0,2,1,11.0,250.8,105.37
11004,0,23.0,Mobile Phone,2,19,UPI,Male,3.7,3,Fashion,4,Married,3,0,16.0,2,4,3.0,131.36,61.68
11005,0,,Mobile Phone,2,18,Cash on Delivery,Male,,4,Fashion,4,Single,2,1,14.6,1,5,0.0,177.82,68.71
11006,1,19.0,Computer,2,13,Credit Card,Female,2.1,1,Mobile Phone,3,Single,6,0,15.9,1,1,4.0,171.92,77.3
11007,0,,Mobile Phone,1,20,UPI,Female,2.3,5,Mobile Phone,5,Married,5,0,15.3,4,5,0.0,268.48,93.93
11008,0,34.0,Mobile Phone,2,6,Debit Card,Female,3.0,5,Fashion,4,Single,9,0,22.6,1,4,8.0,287.18,120.0
11009,0,5.0,Computer,1,5,Debit Card,Male,3.1,3,Laptop & Accessory,1,Married,3,0,11.0,4,2,,101.71,26.9
11010,0,12.0,Mobile Phone,2,29,Debit Card,Male,4.5,6,Others,3,Single,4,0,14.4,1,7,1.0,209.19,57.03
11011,0,4.0,Computer,1,13,Cash on Delivery,Female,2.7,6,Fashion,4,Single,8,1,12.4,2,2,0.0,211.87,81.37
11012,0,61.0,Mobile Phone,1,29,Credit Card,Male,3.7,1,Laptop & Accessory,4,Divorced,2,0,19.1,1,2,1.0,167.97,32.01
11013,1,51.0,Computer,3,28,UPI,Male,2.5,4,Laptop & Accessory,3,Divorced,5,1,,0,2,9.0,104.22,20.0
11014,0,1.0,Computer,3,24,Credit Card,Male,1.9,3,Mobile Phone,5,Single,9,0,17.2,3,2,0.0,222.33,59.51
11015,0,22.0,Phone,2,18,Credit Card,Female,2.1,4,Laptop & Accessory,3,Married,9,0,26.0,1,5,2.0,252.97,35.9
11016,0,46.0,Computer,2,29,Debit Card,Male,0.0,1,Others,3,Married,9,0,18.3,3,3,10.0,147.18,82.73
11017,0,3.0,Mobile Phone,1,6,UPI,Male,3.0,2,Laptop & Accessory,5,Married,1,1,22.5,1,1,2.0,251.78,44.25
11018,0,15.0,Computer,2,5,Cash on Delivery,Male,2.5,3,Laptop & Accessory,5,Single,1,0,11.0,3,1,2.0,180.24,80.66
11019,0,,Computer,1,32,Cash on Delivery,Male,2.7,6,Grocery,4,Married,1,0,11.0,0,1,3.0,265.32,109.21
11020,0,1.0,Computer,3,14,Debit Card,Female,2.3,6,Laptop & Accessory,5,Divorced,8,0,,3,5,2.0,265.2,120.0
11021,0,21.0,Phone,2,27,Debit Card,Female,3.1,3,Mobile Phone,1,Single,4,0,11.0,1,5,0.0,178.59,74.36
11022,0,6.0,Mobile Phone,2,26,Debit Card,Male,4.6,5,Mobile Phone,5,Divorced,9,1,19.6,3,1,0.0,205.04,42.62
11023,0,46.0,Computer,2,23,UPI,Female,3.8,2,Laptop & Accessory,3,Divorced,6,0,22.7,3,5,3.0,137.85,106.11
11024,0,61.0,Computer,3,22,E wallet,Male,2.0,6,Laptop & Accessory,2,Single,3,0,22.1,2,3,10.0,82.59,72.8
11025,0,51.0,Mobile Phone,3,28,Credit Card,Male,4.8,6,Laptop & Accessory,2,Single,8,0,11.0,0,5,0.0,195.04,73.07
11026,1,11.0,Computer,1,35,Debit Card,Male,5.9,6,Mobile Phone,3,Single,1,1,12.9,1,5,0.0,92.02,80.88
11027,0,35.0,Mobile Phone,3,24,Cash on Delivery,Female,3.0,6,Grocery,3,Single,2,1,18.7,4,2,1.0,305.58,33.13
11028,0,33.0,Computer,2,26,Credit Card,Female,2.9,3,Grocery,3,Married,8,0,19.5,5,4,6.0,248.31,28.73
11029,1,6.0,Computer,2,24,Cash on Delivery,Female,4.0,4,Mobile Phone,2,Divorced,1,0,14.9,2,1,1.0,170.91,88.83
11030,0,31.0,Mobile Phone,3,33,UPI,Male,3.8,1,Laptop & Accessory,3,Single,5,0,11.0,3,2,8.0,340.04,52.67
11031,0,1.0,Computer,2,15,E wallet,Female,,2,Grocery,4,Divorced,3,0,13.4,2,4,0.0,142.18,82.57
11032,1,16.0,Phone,1,13,Cash on Delivery,Male,2.4,5,Fashion,3,Single,2,0,11.3,3,5,11.0,156.45,64.36
11033,1,4.0,Computer,1,19,Debit Card,Male,2.5,5,Mobile Phone,3,Married,4,1,11.0,1,1,3.0,155.73,98.0
11034,0,2.0,Phone,3,32,Cash on Delivery,Male,4.5,4,Grocery,4,Divorced,2,0,13.2,4,1,4.0,176.16,114.7
11035,0,1.0,Mobile Phone,2,20,Debit Card,Male,2.6,1,Grocery,5,Married,5,0,26.0,2,1,1.0,161.4,70.9
11036,0,21.0,Phone,3,17,Debit Card,Male,,5,Laptop & Accessory,4,Single,8,1,13.3,2,1,6.0,207.39,91.26
11037,1,7.0,Phone,1,25,Debit Card,Male,4.2,5,Grocery,3,Married,4,0,11.0,0,1,0.0,120.07,64.86
11038,0,23.0,Mobile Phone,2,10,E wallet,Female,4.5,1,Fashion,4,Married,7,0,12.8,1,2,0.0,187.68,104.68
11039,0,1.0,Mobile Phone,3,29,UPI,Male,1.9,2,Others,2,Single,5,0,25.4,2,2,2.0,147.45,20.13
11040,0,6.0,Computer,1,35,UPI,Male,1.5,3,Grocery,2,Married,9,0,11.0,1,5,7.0,183.76,83.38
11041,1,13.0,Mobile Phone,1,19,Debit Card,Male,3.4,3,Laptop & Accessory,3,Married,2,1,15.0,1,2,5.0,115.03,53.81
11042,0,28.0,Phone,2,19,Debit Card,Female,3.1,1,Mobile Phone,5,Married,2,0,19.4,1,5,2.0,128.13,83.98
11043,0,6.0,Mobile Phone,2,26,Debit Card,Female,3.9,1,Mobile Phone,2,Single,1,0,11.0,0,4,3.0,307.51,61.9
11044,0,17.0,Mobile Phone,1,22,Debit Card,Female,1.3,6,Fashion,1,Married,4,0,16.1,4,6,0.0,124.73,77.56
11045,1,39.0,Computer,2,15,Debit Card,Female,2.6,1,Fashion,2,Single,8,1,11.0,0,6,7.0,211.41,54.47
11046,0,17.0,Mobile Phone,2,5,Debit Card,Female,3.3,4,Laptop & Accessory,5,Married,5,0,11.0,3,6,6.0,147.79,20.0
11047,0,4.0,Phone,1,18,UPI,Female,1.8,4,Grocery,4,Married,5,0,18.7,2,1,4.0,118.96,101.8
11048,0,1.0,Computer,1,29,Credit Card,Male,3.6,1,Fashion,3,Divorced,4,1,25.9,1,2,2.0,183.85,20.0
11049,0,36.0,Mobile Phone,3,6,Credit Card,Female,,4,Grocery,4,Divorced,7,0,12.7,3,5,13.0,127.87,33.79
11050,0,1.0,Computer,3,6,UPI,Female,1.8,3,Grocery,4,Divorced,8,0,18.5,1,5,8.0,211.08,79.28
11051,0,37.0,Computer,2,24,Debit Card,Male,4.0,1,Fashion,4,Married,9,0,17.9,2,2,4.0,172.52,79.57
11052,0,13.0,Mobile Phone,1,30,Credit Card,Male,,3,Laptop & Accessory,2,Married,6,0,16.0,2,5,1.0,260.16,94.9
11053,0,50.0,Mobile Phone,2,14,Credit Card,Male,2.3,3,Laptop & Accessory,5,Married,9,0,11.0,1,4,,101.66,78.64
11054,0,28.0,Computer,1,20,Credit Card,Male,2.5,4,Grocery,3,Married,1,0,11.0,0,3,3.0,196.57,101.06
11055,0,61.0,Phone,2,7,E wallet,Male,4.1,5,Grocery,4,Married,3,0,11.0,3,2,2.0,202.22,89.12
11056,1,7.0,Phone,1,18,Debit Card,Female,2.5,5,Fashion,1,Married,1,0,13.9,2,2,1.0,120.21,20.0
11057,0,26.0,Mobile Phone,3,34,Debit Card,Male,2.5,2,Others,3,Married,5,0,12.5,1,2,2.0,140.16,69.79
11058,1,9.0,Computer,1,27,Credit Card,Male,,2,Mobile Phone,3,Married,8,0,11.0,0,2,3.0,94.59,47.55
11059,0,11.0,Phone,2,11,Debit Card,Female,4.0,5,Grocery,4,Married,6,0,13.8,2,3,2.0,86.4,118.39
11060,0,17.0,Mobile Phone,2,23,Debit Card,Female,2.4,1,Fashion,1,Married,5,1,11.2,3,6,1.0,172.89,46.28
11061,0,37.0,Computer,2,23,UPI,Female,5.2,5,Grocery,4,Married,1,0,18.3,3,1,5.0,228.41,89.13
11062,0,61.0,Phone,1,29,Credit Card,Female,4.1,6,Mobile Phone,2,Single,1,1,12.7,2,4,3.0,172.1,20.96
11063,0,26.0,Mobile Phone,2,27,Credit Card,Male,4.9,4,Laptop & Accessory,4,Married,5,0,20.1,2,1,0.0,174.61,60.34
11064,0,9.0,Computer,2,23,Debit Card,Female,5.1,5,Mobile Phone,5,Divorced,5,0,16.4,2,2,1.0,102.1,68.49
11065,0,9.0,Computer,1,7,Credit Card,Male,2.3,1,Laptop & Accessory,4,Single,8,0,12.0,0,4,8.0,53.9,20.0
11066,0,24.0,Mobile Phone,2,17,UPI,Female,2.2,1,Laptop & Accessory,4,Married,2,1,14.0,2,2,5.0,200.52,55.55
11067,1,4.0,Phone,1,23,Credit Card,Male,0.8,2,Fashion,4,Single,7,1,,4,2,1.0,140.36,79.28
11068,1,2.0,Phone,1,29,Credit Card,Male,4.8,2,Others,3,Single,5,0,16.0,3,6,11.0,71.95,95.39
11069,0,7.0,Phone,1,18,Debit Card,Male,1.0,1,Fashion,5,Divorced,2,1,17.2,1,4,0.0,147.36,92.04
11070,1,6.0,Computer,2,12,UPI,Male,3.3,3,Laptop & Accessory,3,Divorced,5,0,12.3,1,1,13.0,194.96,68.95
11071,0,6.0,Mobile Phone,3,33,Credit Card,Male,1.6,6,Fashion,4,Married,9,0,13.6,3,1,1.0,204.15,78.46
11072,1,4.0,Mobile Phone,3,27,Debit Card,Male,2.9,2,Fashion,4,Married,5,1,15.7,2,3,0.0,191.93,31.77
11073,0,1.0,Computer,2,12,E wallet,Male,3.0,6,Grocery,3,Married,5,1,11.0,7,3,2.0,138.27,20.0
11074,1,1.0,Mobile Phone,1,21,Cash on Delivery,Male,5.2,4,Grocery,3,Married,2,1,18.3,6,3,1.0,215.67,64.88
11075,0,61.0,Mobile Phone,1,29,Credit Card,Male,3.8,3,Laptop & Accessory,3,Divorced,9,0,11.0,5,4,3.0,178.77,24.98
11076,0,10.0,Phone,2,25,Cash on Delivery,Female,6.0,4,Mobile Phone,5,Single,2,0,13.3,1,1,6.0,127.43,20.0
11077,1,8.0,Mobile Phone,1,33,Debit Card,Male,3.2,4,Fashion,5,Married,5,0,11.0,2,3,7.0,112.97,56.18
11078,0,20.0,Mobile Phone,1,9,Debit Card,Female,3.4,6,Laptop & Accessory,4,Divorced,2,0,19.5,2,3,2.0,191.78,55.51
11079,0,4.0,Computer,2,9,Credit Card,Male,1.7,1,Laptop & Accessory,4,Single,2,1,21.1,3,2,2.0,232.14,40.73
11080,0,53.0,Computer,2,29,E wallet,Male,2.2,3,Others,5,Single,6,0,14.3,1,5,0.0,215.62,76.14
11081,0,27.0,Mobile Phone,2,25,Credit Card,Male,1.3,2,Mobile Phone,1,Married,3,0,14.4,4,2,,189.79,80.71
11082,0,1.0,Mobile Phone,3,6,Debit Card,Male,,1,Grocery,2,Married,9,0,14.8,3,4,4.0,218.0,77.68
11083,0,9.0,Mobile Phone,2,26,Cash on Delivery,Female,2.1,5,Mobile Phone,4,Married,6,0,14.9,2,3,0.0,322.29,57.7
11084,0,38.0,Mobile Phone,2,27,Credit Card,Male,2.5,2,Others,5,Single,2,0,21.0,0,1,5.0,197.27,52.05
11085,0,52.0,Mobile Phone,3,15,Credit Card,Male,1.5,5,Others,5,Married,1,0,26.0,1,1,3.0,189.45,28.22
11086,0,11.0,Phone,2,19,Credit Card,Female,2.1,1,Mobile Phone,3,Single,2,1,14.0,6,3,0.0,212.68,62.24
11087,0,17.0,Phone,2,27,Cash on Delivery,Female,3.0,4,Grocery,1,Single,6,0,18.4,2,1,3.0,225.02,86.86
11088,1,3.0,Mobile Phone,1,11,E wallet,Male,0.6,4,Fashion,3,Single,2,1,11.0,4,3,0.0,99.85,60.67
11089,0,61.0,Phone,3,15,UPI,Female,5.2,3,Mobile Phone,2,Single,7,0,11.0,1,7,2.0,190.63,68.33
11090,0,4.0,Mobile Phone,1,34,Credit Card,Male,4.6,2,Fashion,3,Married,7,0,11.0,3,2,,240.23,72.01
11091,0,51.0,Mobile Phone,1,6,Cash on Delivery,Male,5.8,5,Mobile Phone,4,Married,1,0,23.0,4,4,2.0,284.74,61.01
11092,1,18.0,Mobile Phone,3,10,Cash on Delivery,Male,1.8,5,Laptop & Accessory,1,Married,6,1,19.2,3,2,0.0,181.21,44.54
11093,0,16.0,Phone,1,13,Cash on Delivery,Male,2.4,3,Mobile Phone,5,Married,5,0,12.7,1,2,5.0,152.74,64.26
11094,1,12.0,Mobile Phone,2,21,Credit Card,Female,5.5,6,Mobile Phone,3,Married,8,0,16.3,2,2,0.0,189.9,73.1
11095,0,4.0,Mobile Phone,2,23,E wallet,Male,5.1,6,Mobile Phone,4,Divorced,8,0,19.6,2,1,5.0,141.37,81.57
11096,1,3.0,Phone,1,16,Debit Card,Male,2.4,2,Fashion,1,Single,9,0,22.2,1,2,2.0,274.16,120.0
11097,1,4.0,Phone,2,10,Debit Card,Male,1.6,4,Laptop & Accessory,3,Single,2,1,17.5,1,4,2.0,208.85,68.18
11098,1,3.0,Mobile Phone,1,20,Debit Card,Male,5.2,6,Others,1,Married,1,1,15.6,1,2,7.0,176.85,78.35
11099,0,27.0,Mobile Phone,3,27,UPI,Male,2.1,1,Laptop & Accessory,5,Divorced,6,0,22.9,0,2,4.0,246.81,43.9
11100,0,7.0,Mobile Phone,2,6,Credit Card,Male,3.8,3,Fashion,5,Single,2,0,11.0,3,1,0.0,110.79,67.96
11101,0,1.0,Mobile Phone,3,30,UPI,Female,3.7,1,Mobile Phone,3,Married,5,1,11.0,0,1,1.0,55.68,34.41
11102,0,61.0,Mobile Phone,1,28,E wallet,Male,2.6,1,Laptop & Accessory,2,Married,1,0,22.5,4,3,8.0,205.3,23.22
11103,0,38.0,Computer,2,15,Debit Card,Female,1.5,3,Laptop & Accessory,5,Married,1,0,12.3,3,4,0.0,244.44,33.12
11104,0,47.0,Mobile Phone,1,19,Cash on Delivery,Male,4.3,5,Fashion,3,Married,5,0,23.0,4,3,3.0,171.46,65.33
11105,0,61.0,Mobile Phone,1,33,Cash on Delivery,Male,1.4,2,Mobile Phone,2,Divorced,6,0,26.0,2,4,5.0,139.25,20.0
11106,0,3.0,Phone,2,10,UPI,Male,1.2,5,Grocery,4,Married,7,0,26.0,2,3,3.0,122.59,72.75
11107,0,,Computer,2,32,UPI,Male,3.1,4,Fashion,5,Married,4,1,11.0,1,7,,105.93,66.73
11108,0,,Phone,2,29,Cash on Delivery,Female,1.4,2,Laptop & Accessory,1,Single,4,0,19.8,1,1,5.0,219.91,25.84
11109,0,21.0,Mobile Phone,1,13,Cash on Delivery,Male,3.4,3,Others,2,Married,5,0,11.9,1,3,4.0,229.08,54.92
11110,0,3.0,Phone,1,13,Credit Card,Female,4.8,3,Laptop & Accessory,5,Married,6,1,11.1,4,1,6.0,235.09,55.32
11111,1,30.0,Phone,3,29,E wallet,Male,4.3,3,Laptop & Accessory,2,Divorced,8,0,17.2,2,3,4.0,180.44,87.58
11112,1,4.0,Phone,2,22,Credit Card,Male,5.1,1,Mobile Phone,2,Married,9,0,11.2,1,4,2.0,110.64,40.75
11113,0,4.0,Computer,1,30,UPI,Male,4.0,3,Mobile Phone,4,Married,7,0,19.5,1,2,2.0,137.11,103.91
11114,0,13.0,Computer,1,17,Credit Card,Male,2.6,4,Mobile Phone,5,Single,3,0,,2,1,5.0,215.92,55.6
11115,1,16.0,Computer,1,30,Credit Card,Female,1.4,4,Laptop & Accessory,3,Married,6,1,13.8,4,3,,117.76,54.15
11116,0,15.0,Phone,2,33,Credit Card,Male,,3,Mobile Phone,5,Divorced,9,1,17.2,3,5,1.0,173.89,20.0
11117,0,1.0,Mobile Phone,2,27,UPI,Female,3.8,2,Others,4,Married,6,0,12.3,0,6,1.0,118.95,20.0
11118,0,37.0,Mobile Phone,2,9,Credit Card,Male,3.9,4,Grocery,1,Married,8,0,17.8,2,4,,138.19,51.85
11119,0,5.0,Mobile Phone,2,35,Cash on Delivery,Female,2.2,2,Laptop & Accessory,5,Married,8,0,23.5,0,1,3.0,110.89,20.0
11120,1,2.0,Mobile Phone,3,29,E wallet,Male,2.8,2,Mobile Phone,3,Married,4,1,17.5,1,4,0.0,180.98,31.04
11121,0,39.0,Phone,2,21,UPI,Male,3.8,2,Grocery,3,Married,7,0,14.3,2,2,4.0,92.22,56.08
11122,0,56.0,Phone,3,30,Cash on Delivery,Male,2.5,3,Grocery,4,Divorced,7,0,22.9,3,2,18.0,134.38,98.4
11123,0,35.0,Mobile Phone,2,27,Cash on Delivery,Male,5.2,6,Laptop & Accessory,3,Married,7,0,12.6,1,2,6.0,231.07,57.05
11124,1,29.0,Mobile Phone,1,30,Credit Card,Female,3.4,1,Fashion,1,Married,8,0,12.7,1,3,5.0,242.93,55.43
11125,0,19.0,Mobile Phone,1,25,UPI,Female,3.9,3,Mobile Phone,1,Single,2,0,11.0,0,3,0.0,220.25,47.45
11126,0,14.0,Computer,2,15,Cash on Delivery,Male,2.9,4,Mobile Phone,3,Married,2,0,11.0,1,4,8.0,264.93,72.58
11127,0,1.0,Mobile Phone,1,13,E wallet,Female,3.5,4,Grocery,5,Single,6,1,11.0,0,1,2.0,100.82,120.0
11128,1,9.0,Computer,2,27,Credit Card,Male,1.2,4,Fashion,4,Single,6,0,15.3,1,1,8.0,174.52,80.16
11129,0,8.0,Mobile Phone,2,24,Cash on Delivery,Male,3.0,4,Fashion,5,Married,5,1,16.4,1,2,1.0,184.53,29.28
11130,0,5.0,Mobile Phone,2,31,Debit Card,Male,2.1,6,Mobile Phone,3,Married,2,0,11.0,4,3,0.0,297.11,72.63
11131,0,23.0,Mobile Phone,2,28,Credit Card,Male,6.0,1,Mobile Phone,3,Married,8,0,11.9,2,3,2.0,165.75,40.75
11132,0,12.0,Mobile Phone,3,13,Debit Card,Male,3.2,6,Grocery,2,Married,3,1,11.0,1,5,1.0,228.08,91.51
11133,1,1.0,Computer,2,13,Cash on Delivery,Male,2.8,2,Others,2,Divorced,1,0,26.0,2,3,5.0,281.62,61.87
11134,1,4.0,Mobile Phone,1,14,Debit Card,Male,3.5,3,Laptop & Accessory,3,Single,1,1,23.8,3,1,12.0,187.82,76.92
11135,0,20.0,Computer,2,24,Debit Card,Male,3.4,4,Mobile Phone,4,Married,7,1,,2,5,4.0,151.85,93.33
11136,1,1.0,Mobile Phone,1,10,Debit Card,Female,3.0,2,Fashion,5,Married,7,0,15.8,2,1,8.0,157.05,120.0
11137,0,34.0,Mobile Phone,1,8,UPI,Male,3.8,3,Mobile Phone,5,Married,6,0,11.0,0,2,2.0,77.31,44.92
11138,0,12.0,Mobile Phone,2,5,Debit Card,Male,3.7,1,Laptop & Accessory,2,Single,6,0,21.1,3,5,5.0,152.45,20.0
11139,0,11.0,Phone,3,10,Debit Card,Male,3.1,5,Laptop & Accessory,5,Married,5,0,18.9,2,4,7.0,94.72,20.0
11140,0,16.0,Mobile Phone,3,28,Credit Card,Male,4.8,1,Fashion,3,Single,6,0,11.0,3,1,4.0,226.93,53.06
11141,0,31.0,Mobile Phone,2,10,Credit Card,Female,1.1,5,Laptop & Accessory,2,Single,2,1,11.0,1,4,,86.27,80.12
11142,0,7.0,Computer,3,33,UPI,Female,2.5,4,Mobile Phone,5,Single,5,0,14.6,2,10,3.0,203.53,59.64
11143,0,,Computer,3,16,Debit Card,Female,2.5,2,Laptop & Accessory,4,Single,2,0,23.3,2,3,4.0,248.26,64.23
11144,0,15.0,Computer,3,7,UPI,Male,3.0,6,Laptop & Accessory,2,Single,3,0,12.7,2,3,1.0,223.74,26.21
11145,0,5.0,Mobile Phone,2,17,E wallet,Male,2.7,2,Grocery,3,Divorced,5,1,22.8,1,7,6.0,151.02,70.66
11146,0,37.0,Phone,2,28,UPI,Male,2.4,3,Fashion,3,Married,1,0,,5,4,12.0,225.83,73.54
11147,0,28.0,Phone,1,14,UPI,Male,4.5,5,Laptop & Accessory,4,Married,3,0,11.0,1,2,2.0,180.58,20.0
11148,0,19.0,Computer,1,13,Credit Card,Female,1.8,5,Laptop & Accessory,3,Divorced,6,0,12.5,3,5,4.0,152.56,120.0
11149,0,34.0,Mobile Phone,2,21,Debit Card,Male,3.6,3,Others,5,Married,2,1,,2,3,5.0,158.19,89.12
11150,0,,Computer,2,15,Cash on Delivery,Male,2.4,2,Mobile Phone,1,Married,3,1,20.0,2,2,4.0,206.57,72.49
11151,0,22.0,Mobile Phone,1,31,Debit Card,Male,3.5,6,Grocery,3,Married,9,0,20.6,3,5,3.0,86.6,120.0
11152,0,32.0,Mobile Phone,1,10,Debit Card,Female,4.6,2,Mobile Phone,3,Married,8,1,16.3,5,3,8.0,149.76,49.85
11153,0,21.0,Mobile Phone,2,14,Debit Card,Male,0.0,3,Laptop & Accessory,4,Married,3,0,17.7,3,5,2.0,202.48,73.63
11154,1,,Mobile Phone,3,28,Cash on Delivery,Male,2.0,6,Fashion,3,Single,7,1,26.0,4,4,0.0,149.24,20.0
11155,0,17.0,Computer,1,22,UPI,Female,2.0,6,Laptop & Accessory,4,Single,4,0,26.0,1,2,7.0,102.49,117.0
11156,0,25.0,Computer,2,18,Credit Card,Female,2.8,5,Grocery,5,Single,7,0,15.3,4,3,4.0,126.52,84.97
11157,0,3.0,Mobile Phone,1,34,Debit Card,Female,4.1,6,Laptop & Accessory,5,Married,5,0,11.0,2,2,7.0,190.33,43.99
11158,0,38.0,Computer,3,8,Cash on Delivery,Female,5.2,4,Fashion,5,Married,2,0,15.8,1,4,,208.97,46.24
11159,0,36.0,Mobile Phone,3,17,UPI,Female,4.1,3,Others,5,Married,6,1,15.7,2,3,0.0,245.07,94.04
11160,0,1.0,Mobile Phone,2,5,Debit Card,Female,2.8,2,Others,4,Single,1,0,11.0,3,2,10.0,226.85,111.52
11161,0,31.0,Computer,2,24,Cash on Delivery,Female,2.4,4,Others,5,Married,6,1,15.7,1,3,0.0,226.15,48.09
11162,1,2.0,Mobile Phone,3,6,Debit Card,Male,4.8,4,Laptop & Accessory,3,Married,1,0,11.0,1,2,6.0,64.71,88.68
11163,0,7.0,Mobile Phone,3,7,UPI,Male,1.2,5,Mobile Phone,3,Single,3,0,17.3,4,3,6.0,225.18,37.4
11164,0,24.0,Mobile Phone,2,24,UPI,Male,3.5,6,Laptop & Accessory,3,Single,7,0,18.6,2,2,4.0,148.97,82.98
11165,0,3.0,Mobile Phone,3,7,Cash on Delivery,Male,,3,Fashion,3,Married,2,0,18.2,5,3,0.0,93.51,66.1
11166,0,30.0,Mobile Phone,1,10,Credit Card,Male,2.6,4,Fashion,3,Single,9,1,20.9,6,4,4.0,213.47,20.0
11167,0,32.0,Mobile Phone,1,33,E wallet,Male,3.4,1,Mobile Phone,5,Single,3,0,17.8,2,2,8.0,190.74,49.45
11168,0,,Mobile Phone,3,11,Cash on Delivery,Male,1.4,4,Mobile Phone,3,Single,3,0,19.7,2,1,2.0,233.09,90.01
11169,0,1.0,Mobile Phone,3,15,UPI,Male,3.6,4,Mobile Phone,1,Divorced,7,0,,0,1,2.0,147.93,79.28
11170,1,6.0,Phone,2,35,Debit Card,Female,3.1,4,Fashion,4,Single,1,0,12.3,2,1,2.0,179.66,28.52
11171,0,17.0,Phone,2,11,UPI,Male,3.7,3,Laptop & Accessory,1,Married,5,1,14.1,3,2,0.0,71.95,33.33
11172,0,61.0,Mobile Phone,2,21,Debit Card,Female,2.5,5,Others,2,Married,3,0,12.9,0,1,8.0,297.66,20.0
11173,1,17.0,Phone,3,25,Debit Card,Female,1.7,5,Laptop & Accessory,2,Single,1,1,11.0,1,1,8.0,99.7,40.38
11174,1,5.0,Mobile Phone,3,23,Debit Card,Male,4.3,1,Mobile Phone,3,Married,7,0,13.2,5,4,24.0,131.38,70.45
11175,0,18.0,Mobile Phone,3,16,Credit Card,Male,4.4,6,Laptop & Accessory,3,Married,7,0,20.0,1,1,3.0,118.15,87.44
11176,0,13.0,Mobile Phone,1,5,Credit Card,Male,3.7,1,Mobile Phone,4,Married,9,1,19.4,2,3,5.0,192.39,20.0
11177,0,27.0,Mobile Phone,3,5,Credit Card,Female,3.5,4,Grocery,4,Single,7,0,11.0,2,3,0.0,129.11,69.08
11178,0,2.0,Computer,3,22,E wallet,Female,0.1,4,Grocery,3,Married,4,0,25.3,2,1,4.0,244.69,31.54
11179,0,25.0,Computer,1,14,E wallet,Male,4.4,4,Mobile Phone,3,Single,3,0,20.1,1,2,4.0,198.89,65.11
11180,0,14.0,Phone,2,28,UPI,Female,3.6,1,Mobile Phone,3,Single,6,0,16.4,2,2,9.0,90.59,119.71
11181,0,59.0,Computer,1,24,Credit Card,Male,4.5,5,Mobile Phone,4,Married,6,1,11.0,2,1,7.0,226.79,28.57
11182,0,7.0,Mobile Phone,2,34,UPI,Male,1.6,1,Laptop & Accessory,1,Single,2,0,11.0,0,3,11.0,234.71,65.46
11183,0,18.0,Mobile Phone,2,30,Cash on Delivery,Female,3.8,6,Fashion,1,Married,7,1,,0,3,8.0,136.29,20.0
11184,0,48.0,Mobile Phone,1,7,Cash on Delivery,Male,3.7,5,Others,4,Single,1,0,21.0,2,3,8.0,111.34,81.35
11185,0,1.0,Mobile Phone,1,18,Debit Card,Male,0.0,1,Mobile Phone,3,Single,9,0,21.8,1,3,0.0,203.92,51.2
11186,0,49.0,Mobile Phone,2,12,Debit Card,Female,2.9,5,Grocery,2,Single,2,0,14.2,6,1,7.0,219.52,100.22
11187,1,20.0,Computer,3,20,Debit Card,Female,3.0,1,Mobile Phone,2,Married,3,0,22.8,2,3,3.0,119.79,59.04
11188,0,1.0,Mobile Phone,1,22,Debit Card,Female,1.8,5,Laptop & Accessory,5,Single,6,1,11.0,6,4,1.0,235.41,80.74
11189,0,6.0,Computer,3,13,Debit Card,Male,3.6,3,Fashion,5,Married,7,0,11.0,2,2,0.0,145.58,120.0
11190,0,22.0,Computer,3,8,UPI,Female,3.3,3,Laptop & Accessory,4,Married,1,0,21.1,3,2,4.0,250.99,83.76
11191,0,1.0,Mobile Phone,2,31,Credit Card,Female,2.2,2,Fashion,3,Married,3,1,11.0,2,7,1.0,85.21,85.62
11192,1,15.0,Mobile Phone,1,29,Cash on Delivery,Female,2.4,6,Mobile Phone,4,Married,6,1,14.8,0,1,2.0,136.0,101.08
11193,0,7.0,Mobile Phone,3,5,Debit Card,Male,1.0,5,Fashion,5,Married,4,0,11.0,1,10,4.0,167.5,76.32
11194,0,17.0,Phone,2,25,Debit Card,Male,3.5,5,Mobile Phone,5,Married,5,1,11.0,4,1,9.0,120.53,42.35
11195,1,1.0,Computer,2,30,Credit Card,Female,3.4,6,Grocery,2,Married,3,0,11.0,1,1,6.0,178.1,20.0
11196,0,36.0,Phone,2,27,Cash on Delivery,Male,2.8,6,Others,5,Single,8,0,12.7,2,3,2.0,159.19,46.35
11197,0,61.0,Mobile Phone,2,18,Cash on Delivery,Male,2.7,5,Grocery,2,Divorced,1,0,11.0,1,3,1.0,167.42,84.47
11198,0,61.0,Mobile Phone,3,15,UPI,Male,3.9,2,Fashion,2,Divorced,7,0,18.7,1,3,1.0,155.76,52.16
11199,0,24.0,Mobile Phone,1,8,UPI,Female,3.2,1,Laptop & Accessory,4,Married,2,0,21.1,2,3,1.0,102.57,59.4
11200,1,2.0,Mobile Phone,2,32,Credit Card,Male,4.0,6,Fashion,3,Single,8,0,18.7,1,4,0.0,178.62,58.29
11201,0,25.0,Mobile Phone,2,32,Debit Card,Female,3.2,3,Fashion,5,Married,3,0,11.0,1,1,14.0,172.47,48.55
11202,1,1.0,Phone,1,25,Debit Card,Male,4.1,2,Grocery,1,Divorced,4,1,18.1,0,3,3.0,119.46,84.88
11203,1,1.0,Computer,2,20,UPI,Female,4.0,3,Laptop & Accessory,4,Divorced,2,1,11.0,2,5,0.0,254.94,81.88
11204,0,7.0,Computer,2,31,E wallet,Male,4.1,4,Fashion,5,Divorced,5,1,26.0,2,2,,198.89,61.4
11205,0,12.0,Mobile Phone,1,13,UPI,Female,2.3,2,Mobile Phone,5,Married,9,0,15.3,1,3,3.0,223.18,86.2
11206,0,26.0,Mobile Phone,1,26,UPI,Female,3.8,2,Laptop & Accessory,2,Single,4,0,11.0,1,2,3.0,131.48,66.5
11207,0,20.0,Mobile Phone,1,33,Cash on Delivery,Male,3.0,3,Fashion,3,Married,7,0,15.3,2,1,0.0,50.0,69.08
11208,0,10.0,Phone,3,18,E wallet,Male,2.8,5,Others,4,Single,8,0,16.0,2,2,12.0,284.64,54.44
11209,0,5.0,Mobile Phone,1,10,Cash on Delivery,Male,2.4,4,Grocery,2,Married,1,0,19.2,3,5,1.0,190.12,52.49
11210,0,61.0,Mobile Phone,3,6,Credit Card,Male,3.4,3,Fashion,5,Single,6,0,11.0,2,3,0.0,201.82,50.79
11211,0,9.0,Phone,3,5,E wallet,Male,0.7,2,Grocery,5,Single,5,0,11.0,0,1,0.0,199.24,60.99
11212,0,10.0,Mobile Phone,1,24,Credit Card,Male,3.4,5,Grocery,2,Single,1,0,17.9,2,1,3.0,203.94,80.54
11213,0,3.0,Mobile Phone,1,30,UPI,Female,,4,Grocery,2,Married,9,0,19.7,3,5,0.0,116.18,49.74
11214,0,28.0,Computer,1,23,E wallet,Female,4.3,5,Grocery,1,Married,7,0,26.0,1,2,0.0,118.27,66.4
11215,0,21.0,Mobile Phone,2,31,Credit Card,Male,3.2,3,Grocery,5,Married,1,0,23.3,3,3,1.0,118.44,98.97
11216,1,4.0,Mobile Phone,3,27,Debit Card,Male,4.6,5,Grocery,2,Single,2,0,11.0,1,5,3.0,213.08,97.74
11217,0,1.0,Computer,1,11,UPI,Male,2.5,2,Fashion,3,Married,4,0,25.6,2,1,0.0,107.2,34.27
11218,0,20.0,Mobile Phone,1,26,Credit Card,Male,2.4,2,Fashion,3,Divorced,9,0,18.5,5,5,1.0,88.27,120.0
11219,1,19.0,Mobile Phone,2,19,Cash on Delivery,Male,4.9,1,Mobile Phone,4,Divorced,2,0,23.2,1,3,,141.45,84.07
11220,0,5.0,Computer,3,9,E wallet,Male,2.3,4,Mobile Phone,1,Married,1,0,17.8,2,1,0.0,163.66,50.31
11221,0,54.0,Computer,3,7,Debit Card,Male,0.3,3,Fashion,2,Single,1,1,23.6,0,2,2.0,177.02,20.0
11222,0,2.0,Mobile Phone,1,19,Cash on Delivery,Female,,5,Mobile Phone,5,Divorced,9,1,21.5,3,3,0.0,150.82,91.23
11223,0,10.0,Phone,3,8,Debit Card,Female,5.0,6,Laptop & Accessory,5,Single,1,0,18.3,3,4,0.0,209.06,77.58
11224,0,,Computer,2,33,Credit Card,Male,2.8,2,Others,4,Married,4,0,12.4,0,4,2.0,250.02,37.24
11225,0,9.0,Mobile Phone,3,9,Debit Card,Male,2.9,1,Laptop & Accessory,1,Single,5,1,12.4,4,3,1.0,182.95,68.27
11226,0,18.0,Phone,2,8,Credit Card,Male,2.4,3,Others,3,Divorced,6,0,11.0,1,2,0.0,249.72,23.0
11227,0,9.0,Mobile Phone,1,7,Credit Card,Male,5.3,2,Grocery,4,Single,6,0,14.6,1,1,2.0,212.99,23.98
11228,0,5.0,Phone,2,6,E wallet,Female,4.8,3,Fashion,3,Single,3,0,21.6,1,6,,122.7,56.09
11229,0,61.0,Phone,3,9,Credit Card,Male,2.3,2,Grocery,5,Married,7,0,18.5,1,5,5.0,129.2,58.31
11230,1,9.0,Mobile Phone,3,22,Cash on Delivery,Male,3.2,3,Fashion,4,Single,8,1,11.0,3,1,6.0,126.17,109.78
11231,0,40.0,Computer,1,6,Cash on Delivery,Male,5.2,2,Fashion,1,Single,1,1,20.8,1,1,8.0,168.54,65.1
11232,1,4.0,Mobile Phone,2,19,Debit Card,Male,5.5,6,Fashion,5,Single,9,0,11.0,1,3,14.0,163.27,51.31
11233,0,4.0,Computer,3,22,Debit Card,Female,3.5,6,Laptop & Accessory,5,Married,6,0,17.0,1,5,5.0,215.68,43.0
11234,1,1.0,Phone,3,34,Debit Card,Male,3.7,6,Grocery,1,Single,1,0,23.4,1,1,3.0,170.59,73.05
11235,0,18.0,Computer,2,22,UPI,Female,3.1,6,Grocery,4,Married,9,0,11.0,1,3,,194.86,20.0
11236,0,8.0,Computer,1,12,UPI,Male,2.4,5,Mobile Phone,3,Married,4,1,16.0,1,5,0.0,109.93,68.34
11237,0,35.0,Mobile Phone,1,16,Debit Card,Female,3.9,4,Laptop & Accessory,3,Single,9,0,11.0,2,1,4.0,194.5,116.83
11238,0,11.0,Phone,2,27,Debit Card,Male,5.1,2,Mobile Phone,2,Single,5,0,24.8,3,3,21.0,151.3,95.05
11239,0,61.0,Computer,3,13,Debit Card,Female,2.1,3,Mobile Phone,4,Married,6,1,26.0,2,2,2.0,146.92,120.0
11240,0,3.0,Mobile Phone,2,23,Debit Card,Male,3.4,2,Laptop & Accessory,5,Single,9,1,18.3,1,5,5.0,141.21,44.06
11241,0,36.0,Computer,2,5,UPI,Male,3.4,1,Fashion,4,Married,6,1,20.3,1,4,2.0,270.68,78.8
11242,0,26.0,Mobile Phone,2,26,Cash on Delivery,Female,1.6,6,Laptop & Accessory,1,Single,1,0,23.2,4,1,2.0,109.22,60.06
11243,0,26.0,Mobile Phone,1,29,E wallet,Male,3.2,5,Fashion,4,Divorced,1,0,19.6,3,6,2.0,220.61,101.57
11244,0,33.0,Phone,3,33,Debit Card,Male,3.0,6,Fashion,3,Single,2,0,11.0,3,2,2.0,177.2,62.07
11245,0,25.0,Phone,3,21,Cash on Delivery,Male,2.7,6,Grocery,5,Married,2,0,12.3,4,2,1.0,98.4,97.09
11246,0,17.0,Computer,1,5,UPI,Male,4.8,1,Mobile Phone,3,Married,6,1,12.3,1,4,5.0,162.15,35.76
11247,1,2.0,Computer,2,24,Cash on Delivery,Male,,3,Others,2,Married,5,0,11.0,1,1,,50.0,60.55
11248,1,1.0,Mobile Phone,3,30,UPI,Male,2.1,2,Fashion,2,Divorced,7,1,20.9,2,3,8.0,283.18,55.77
11249,0,,Mobile Phone,2,21,UPI,Male,4.0,2,Laptop & Accessory,4,Divorced,8,0,11.0,1,3,1.0,157.92,101.65
11250,1,17.0,Mobile Phone,2,29,Credit Card,Female,,1,Mobile Phone,3,Married,3,1,20.0,1,3,9.0,246.93,35.23
11251,0,28.0,Mobile Phone,1,10,E wallet,Male,3.3,4,Others,4,Married,9,0,,6,3,1.0,260.74,50.95
11252,0,11.0,Mobile Phone,3,9,UPI,Female,4.0,5,Others,2,Single,1,1,13.7,3,4,1.0,145.92,59.22
11253,0,2.0,Mobile Phone,2,31,Debit Card,Female,3.0,2,Fashion,3,Married,3,0,18.3,2,4,5.0,181.76,20.0
11254,0,2.0,Phone,2,9,Credit Card,Male,2.8,2,Fashion,3,Single,2,0,24.2,2,3,1.0,191.12,55.91
11255,0,20.0,Computer,1,15,E wallet,Male,2.3,3,Laptop & Accessory,5,Single,6,1,20.2,1,3,,294.02,67.57
11256,0,10.0,Computer,2,15,Cash on Delivery,Male,4.2,1,Mobile Phone,5,Single,1,0,14.3,2,4,1.0,168.52,111.78
11257,0,4.0,Mobile Phone,1,15,E wallet,Female,,3,Mobile Phone,2,Married,8,0,14.8,2,3,5.0,176.77,55.36
11258,0,12.0,Computer,3,16,Debit Card,Male,6.0,5,Mobile Phone,3,Married,3,1,11.0,0,2,1.0,96.06,60.84
11259,0,1.0,Mobile Phone,3,16,Debit Card,Female,4.0,2,Fashion,2,Single,6,0,18.8,2,3,3.0,126.36,47.91
11260,0,15.0,Mobile Phone,2,6,Cash on Delivery,Female,5.3,1,Laptop & Accessory,4,Married,2,0,14.5,3,3,4.0,150.02,50.37
11261,0,5.0,Phone,3,7,UPI,Female,2.4,6,Laptop & Accessory,3,Single,5,0,11.0,1,2,5.0,258.08,55.84
11262,0,28.0,Phone,2,32,UPI,Female,2.1,1,Fashion,5,Married,2,1,19.7,4,3,9.0,293.59,62.01
11263,0,6.0,Computer,1,11,UPI,Male,1.7,1,Fashion,5,Single,7,0,23.5,3,3,2.0,210.07,74.7
11264,0,10.0,Mobile Phone,2,24,Debit Card,Female,3.2,5,Mobile Phone,3,Married,5,0,13.9,1,4,0.0,201.06,83.12
11265,0,1.0,Phone,2,18,E wallet,Female,2.8,4,Grocery,3,Single,8,0,11.6,2,7,1.0,221.09,53.23
11266,0,1.0,Computer,3,26,Cash on Delivery,Male,,4,Laptop & Accessory,5,Single,6,0,11.5,4,3,2.0,138.92,71.17
11267,0,8.0,Computer,2,20,UPI,Female,2.7,4,Others,5,Married,8,0,17.4,3,4,5.0,263.4,51.27
11268,0,11.0,Computer,3,28,Credit Card,Male,,3,Mobile Phone,1,Married,9,0,11.0,3,3,0.0,94.14,43.01
11269,0,,Phone,3,35,Credit Card,Male,4.2,3,Mobile Phone,3,Single,7,0,15.5,4,4,1.0,152.71,101.13
11270,0,6.0,Mobile Phone,2,18,UPI,Male,4.5,5,Mobile Phone,3,Married,1,0,12.6,0,4,6.0,219.2,65.03
11271,1,21.0,Mobile Phone,3,21,E wallet,Female,3.8,1,Grocery,2,Single,9,0,18.0,2,2,4.0,151.13,48.09
11272,0,35.0,Computer,2,19,UPI,Female,4.1,4,Laptop & Accessory,2,Single,9,0,18.5,5,3,5.0,328.11,72.9
11273,0,27.0,Mobile Phone,3,15,Credit Card,Male,4.1,2,Mobile Phone,1,Single,2,0,11.0,4,3,6.0,220.06,97.6
11274,0,1.0,Mobile Phone,1,17,Debit Card,Male,5.5,4,Laptop & Accessory,4,Married,2,0,19.0,2,1,6.0,239.01,47.87
11275,0,11.0,Phone,3,10,UPI,Male,0.9,5,Laptop & Accessory,3,Married,7,0,17.7,1,1,4.0,134.46,76.08
11276,1,1.0,Phone,2,21,Credit Card,Female,2.4,4,Mobile Phone,1,Married,5,0,13.9,0,2,2.0,237.9,81.61
11277,0,4.0,Mobile Phone,1,16,E wallet,Female,5.0,2,Laptop & Accessory,2,Divorced,5,0,12.4,1,2,16.0,228.6,70.1
11278,0,61.0,Phone,3,32,E wallet,Female,3.1,2,Others,5,Married,1,1,12.5,1,4,3.0,273.87,64.81
11279,0,2.0,Mobile Phone,2,32,Cash on Delivery,Male,4.1,2,Laptop & Accessory,5,Single,6,0,14.0,4,2,0.0,50.0,119.5
11280,0,12.0,Mobile Phone,2,28,Cash on Delivery,Female,0.2,5,Others,3,Divorced,8,0,11.0,1,2,1.0,133.16,54.8
11281,0,17.0,Mobile Phone,3,8,Debit Card,Male,2.3,4,Mobile Phone,3,Divorced,4,0,11.0,1,3,4.0,200.18,63.11
11282,0,21.0,Mobile Phone,1,25,E wallet,Male,0.9,5,Laptop & Accessory,5,Divorced,3,0,16.2,3,2,10.0,201.98,52.5
11283,1,,Mobile Phone,1,14,E wallet,Male,2.3,6,Laptop & Accessory,2,Single,1,1,11.6,1,1,0.0,177.3,76.55
11284,0,1.0,Computer,2,22,Debit Card,Male,2.7,2,Mobile Phone,2,Divorced,4,0,20.3,0,3,0.0,88.32,20.0
11285,0,7.0,Mobile Phone,3,23,Credit Card,Male,3.4,4,Fashion,3,Divorced,2,0,14.2,2,2,8.0,191.79,97.61
11286,1,13.0,Mobile Phone,3,11,UPI,Female,4.7,3,Fashion,2,Divorced,5,0,12.2,0,2,9.0,198.51,25.52
11287,1,1.0,Computer,2,27,Cash on Delivery,Female,4.0,5,Laptop & Accessory,3,Married,1,0,17.0,1,2,1.0,179.82,77.89
11288,0,7.0,Mobile Phone,2,34,Debit Card,Male,3.8,3,Laptop & Accessory,5,Single,9,0,12.6,2,5,1.0,177.79,47.5
11289,1,1.0,Mobile Phone,1,16,Cash on Delivery,Female,2.5,6,Others,4,Single,9,0,11.0,1,2,4.0,236.53,113.35
11290,1,1.0,Mobile Phone,3,15,Cash on Delivery,Male,1.7,3,Mobile Phone,3,Married,5,1,13.0,1,2,1.0,170.76,73.78
11291,0,9.0,Computer,3,28,Debit Card,Female,2.9,1,Mobile Phone,5,Divorced,1,0,11.0,4,3,,104.99,20.0
11292,1,2.0,Mobile Phone,1,33,Debit Card,Female,2.1,2,Fashion,1,Single,3,0,11.0,4,3,0.0,264.21,58.2
11293,0,15.0,Mobile Phone,2,7,Debit Card,Female,1.9,6,Fashion,2,Married,7,0,11.0,2,4,0.0,260.82,78.03
11294,0,21.0,Mobile Phone,3,6,Cash on Delivery,Male,1.3,3,Others,4,Married,5,0,11.0,2,3,0.0,177.62,56.12
11295,0,29.0,Mobile Phone,2,6,Debit Card,Male,3.1,5,Laptop & Accessory,4,Married,9,0,18.9,1,4,1.0,232.5,34.4
11296,0,4.0,Mobile Phone,1,35,E wallet,Male,3.2,2,Mobile Phone,1,Single,4,0,22.6,1,3,0.0,88.56,20.0
11297,1,3.0,Computer,3,26,Credit Card,Female,4.5,6,Laptop & Accessory,3,Married,5,0,16.9,3,1,,171.33,120.0
11298,0,1.0,Mobile Phone,1,6,Debit Card,Female,4.6,2,Laptop & Accessory,4,Married,3,0,11.0,1,3,5.0,77.15,120.0
11299,0,18.0,Computer,1,31,Debit Card,Male,3.8,6,Mobile Phone,4,Married,8,1,11.0,2,3,0.0,247.48,33.76
11300,0,22.0,Computer,3,19,Debit Card,Male,6.0,5,Laptop & Accessory,4,Married,3,0,17.1,1,1,9.0,90.24,72.45
11301,1,1.0,Computer,2,8,Debit Card,Male,2.3,4,Fashion,3,Single,6,1,,3,3,1.0,155.32,50.97
11302,0,49.0,Mobile Phone,1,29,Debit Card,Female,2.6,5,Grocery,1,Married,7,0,11.0,3,2,4.0,192.94,95.08
11303,0,1.0,Phone,2,30,Cash on Delivery,Male,2.8,4,Mobile Phone,3,Single,2,0,11.0,3,1,,229.44,56.3
11304,1,14.0,Mobile Phone,3,7,Debit Card,Male,2.7,2,Fashion,2,Married,7,1,11.0,2,1,1.0,211.63,55.8
11305,0,22.0,Phone,1,21,Debit Card,Male,1.1,5,Laptop & Accessory,5,Single,3,0,23.7,3,2,3.0,248.58,25.23
11306,0,36.0,Computer,1,6,Cash on Delivery,Male,2.3,3,Laptop & Accessory,3,Married,3,1,19.2,1,4,3.0,228.23,42.21
11307,1,22.0,Mobile Phone,2,30,Credit Card,Male,3.5,5,Fashion,3,Married,5,1,13.3,2,2,5.0,258.51,91.37
11308,0,,Phone,1,33,Debit Card,Female,4.4,3,Others,4,Single,4,0,16.4,2,4,5.0,74.7,82.92
11309,0,7.0,Mobile Phone,3,14,Debit Card,Male,1.5,3,Laptop & Accessory,3,Single,7,0,15.9,0,1,4.0,150.92,61.03
11310,0,30.0,Computer,2,11,UPI,Female,,2,Fashion,3,Married,3,0,15.5,0,3,2.0,207.08,106.09
11311,1,1.0,Phone,2,13,E wallet,Female,,4,Fashion,5,Married,9,1,26.0,0,3,8.0,274.42,27.03
11312,0,40.0,Mobile Phone,1,29,UPI,Female,3.6,4,Fashion,5,Single,1,1,23.5,2,1,3.0,149.7,30.7
11313,0,14.0,Computer,2,24,Credit Card,Male,1.9,3,Mobile Phone,4,Single,2,0,24.1,3,1,18.0,297.91,59.93
11314,0,30.0,Computer,1,19,Cash on Delivery,Female,1.4,4,Others,1,Single,9,0,17.0,1,4,,201.18,94.78
11315,0,10.0,Computer,3,12,Credit Card,Female,1.4,5,Laptop & Accessory,4,Single,8,0,13.0,2,3,0.0,137.3,113.95
11316,0,18.0,Mobile Phone,1,21,Debit Card,Female,2.8,3,Mobile Phone,4,Married,7,0,11.0,0,1,1.0,110.73,20.0
11317,0,13.0,Mobile Phone,2,31,E wallet,Male,3.1,3,Fashion,2,Single,9,0,,4,1,3.0,224.14,45.35
11318,0,23.0,Mobile Phone,2,15,UPI,Male,,1,Laptop & Accessory,2,Divorced,5,0,21.1,3,4,5.0,141.59,103.09
11319,1,1.0,Mobile Phone,3,20,Debit Card,Male,3.9,5,Mobile Phone,5,Divorced,3,0,11.0,1,3,3.0,163.67,24.57
11320,0,1.0,Mobile Phone,3,34,Cash on Delivery,Male,4.4,4,Mobile Phone,1,Divorced,2,0,13.9,2,6,6.0,189.72,20.0
11321,1,5.0,Mobile Phone,1,26,E wallet,Female,3.0,4,Laptop & Accessory,4,Married,6,1,11.0,2,5,,191.97,56.4
11322,1,3.0,Mobile Phone,1,34,Cash on Delivery,Male,2.0,1,Laptop & Accessory,3,Married,2,1,14.4,2,3,0.0,294.75,100.06
11323,0,36.0,Mobile Phone,1,28,UPI,Female,3.4,5,Others,3,Single,8,1,11.0,1,3,0.0,203.63,71.01
11324,0,4.0,Mobile Phone,3,22,E wallet,Male,1.5,2,Laptop & Accessory,1,Married,5,1,19.0,2,2,3.0,143.71,102.21
11325,0,61.0,Computer,1,28,Debit Card,Male,3.6,2,Laptop & Accessory,5,Single,2,0,13.5,1,2,,135.21,115.4
11326,0,7.0,Phone,1,8,Debit Card,Female,3.5,5,Laptop & Accessory,3,Single,6,0,11.0,4,1,1.0,280.03,101.41
11327,1,3.0,Mobile Phone,1,22,Debit Card,Male,4.5,4,Fashion,4,Married,6,0,11.0,2,1,3.0,149.07,108.45
11328,0,28.0,Computer,1,24,Debit Card,Male,4.2,6,Grocery,4,Divorced,8,1,15.8,2,6,0.0,215.09,20.0
11329,0,19.0,Computer,3,12,UPI,Female,3.7,2,Laptop & Accessory,4,Divorced,6,1,15.3,1,1,0.0,191.53,48.75
11330,0,12.0,Mobile Phone,1,19,Credit Card,Male,1.0,6,Fashion,5,Married,3,0,11.7,1,4,4.0,205.24,36.47
11331,0,14.0,Computer,2,17,UPI,Female,2.5,6,Mobile Phone,4,Married,8,1,13.1,5,4,1.0,263.9,53.54
11332,0,22.0,Computer,3,8,Debit Card,Female,3.8,2,Mobile Phone,3,Single,2,0,,4,1,4.0,196.96,94.66
11333,1,4.0,Phone,1,33,Credit Card,Male,4.8,4,Laptop & Accessory,5,Married,9,0,11.0,1,5,7.0,229.05,89.97
11334,0,61.0,Phone,1,18,Credit Card,Male,3.9,5,Grocery,4,Divorced,6,0,14.8,3,2,7.0,198.34,58.06
11335,0,61.0,Computer,2,19,Cash on Delivery,Male,1.5,1,Mobile Phone,3,Divorced,1,0,11.0,4,4,,152.79,102.32
11336,0,18.0,Phone,3,19,Debit Card,Male,5.1,5,Laptop & Accessory,2,Married,4,0,11.0,1,1,2.0,209.64,24.94
11337,0,4.0,Mobile Phone,3,28,UPI,Male,3.2,1,Grocery,5,Divorced,1,0,16.9,4,3,5.0,140.95,120.0
11338,0,20.0,Mobile Phone,2,27,Debit Card,Male,3.7,6,Grocery,3,Married,3,0,13.6,2,8,5.0,110.18,87.98
11339,1,1.0,Mobile Phone,3,9,Debit Card,Male,3.8,6,Mobile Phone,4,Married,6,0,24.2,1,4,6.0,214.89,112.16
11340,1,1.0,Computer,2,28,UPI,Male,,5,Grocery,3,Married,3,0,11.0,2,1,1.0,207.84,52.64
11341,1,5.0,Mobile Phone,2,19,Cash on Delivery,Male,2.1,2,Fashion,2,Married,5,0,12.5,3,4,0.0,201.68,41.1
11342,0,11.0,Computer,2,22,Debit Card,Female,3.4,6,Laptop & Accessory,4,Single,8,0,16.0,0,6,3.0,178.62,108.89
11343,0,36.0,Computer,2,7,E wallet,Female,2.1,3,Others,1,Single,8,0,14.8,4,2,5.0,175.67,69.65
11344,0,23.0,Phone,3,24,Credit Card,Male,2.4,3,Grocery,3,Single,9,0,21.3,2,4,,114.99,48.65
11345,1,24.0,Mobile Phone,3,14,Debit Card,Male,2.7,4,Fashion,4,Divorced,4,1,18.8,4,1,0.0,68.26,67.84
11346,0,9.0,Computer,2,9,Debit Card,Female,0.9,5,Grocery,3,Married,5,0,23.3,2,1,5.0,233.27,55.44
11347,1,7.0,Mobile Phone,3,9,Debit Card,Male,3.9,5,Others,4,Married,4,0,11.0,4,2,1.0,232.46,74.36
11348,1,8.0,Mobile Phone,2,19,Debit Card,Male,4.5,4,Fashion,5,Single,7,1,19.7,0,2,0.0,164.95,103.47
11349,0,61.0,Phone,3,5,Cash on Delivery,Male,3.7,4,Fashion,4,Single,9,1,11.0,4,4,0.0,268.31,66.32
11350,1,,Mobile Phone,2,5,Debit Card,Female,0.7,1,Laptop & Accessory,1,Single,6,1,17.7,2,3,1.0,210.0,20.0
11351,1,36.0,Mobile Phone,3,20,UPI,Female,3.6,1,Mobile Phone,2,Single,2,0,13.5,1,1,3.0,200.28,40.47
11352,0,15.0,Phone,1,32,Credit Card,Male,4.4,3,Fashion,4,Married,7,0,11.0,3,5,1.0,301.05,56.12
11353,0,10.0,Mobile Phone,3,31,Credit Card,Male,2.5,2,Laptop & Accessory,5,Single,3,0,22.0,1,6,0.0,104.7,60.85
11354,0,23.0,Computer,3,21,E wallet,Male,3.4,5,Mobile Phone,5,Married,8,0,11.0,0,3,0.0,177.17,20.0
11355,0,12.0,Computer,3,18,UPI,Female,3.7,3,Mobile Phone,5,Married,3,1,,4,3,1.0,128.88,51.06
11356,0,,Mobile Phone,3,19,UPI,Male,2.1,3,Mobile Phone,3,Single,9,0,18.8,2,3,4.0,157.94,62.45
11357,0,41.0,Mobile Phone,3,18,Debit Card,Male,2.0,2,Others,3,Married,1,0,16.0,0,5,0.0,175.96,43.29
11358,0,9.0,Computer,1,25,UPI,Female,0.7,3,Fashion,3,Single,6,0,14.1,5,2,3.0,177.33,63.94
11359,1,5.0,Computer,1,35,Cash on Delivery,Male,2.4,3,Mobile Phone,2,Married,7,0,12.8,2,3,0.0,115.6,103.63
11360,0,16.0,Mobile Phone,1,6,Debit Card,Male,2.0,2,Mobile Phone,1,Single,3,0,17.8,1,4,0.0,184.08,48.54
11361,0,43.0,Mobile Phone,2,7,UPI,Female,2.7,3,Grocery,5,Single,6,1,11.0,1,3,0.0,130.51,20.0
11362,1,4.0,Phone,1,28,Cash on Delivery,Female,4.1,5,Fashion,2,Married,3,1,11.0,1,3,0.0,251.8,120.0
11363,0,17.0,Mobile Phone,3,16,Debit Card,Female,4.0,4,Grocery,2,Married,9,1,15.5,2,3,4.0,225.87,46.81
11364,0,17.0,Computer,3,30,Debit Card,Female,1.6,2,Fashion,1,Married,6,0,11.0,2,1,2.0,200.63,57.28
11365,0,,Computer,3,28,Debit Card,Male,2.6,6,Others,5,Single,8,0,11.0,4,1,7.0,151.45,65.97
11366,0,2.0,Mobile Phone,2,32,E wallet,Male,3.2,4,Mobile Phone,4,Married,4,0,11.0,6,3,0.0,189.29,23.92
11367,0,22.0,Mobile Phone,1,30,Cash on Delivery,Male,0.0,5,Grocery,4,Married,8,0,22.2,2,6,0.0,222.41,72.23
11368,0,43.0,Computer,3,35,Debit Card,Female,2.9,6,Laptop & Accessory,5,Single,5,1,25.9,2,6,1.0,159.58,50.33
11369,1,3.0,Computer,3,6,Cash on Delivery,Female,2.7,3,Fashion,3,Single,8,0,,2,2,5.0,84.6,72.07
11370,0,4.0,Mobile Phone,1,12,E wallet,Male,2.7,3,Mobile Phone,4,Married,2,1,14.1,4,5,1.0,223.15,81.63
11371,0,61.0,Mobile Phone,1,31,UPI,Female,3.4,6,Fashion,1,Married,3,0,17.5,1,2,2.0,211.78,100.62
11372,0,3.0,Computer,3,16,Credit Card,Female,1.6,6,Grocery,2,Single,4,0,17.2,3,3,1.0,199.27,117.59
11373,0,34.0,Computer,3,13,Debit Card,Female,3.6,3,Fashion,5,Divorced,1,0,11.9,2,1,0.0,134.47,58.61
11374,1,12.0,Computer,3,30,Credit Card,Male,3.2,4,Grocery,4,Married,5,0,22.3,2,2,11.0,237.59,48.07
11375,0,5.0,Mobile Phone,2,18,UPI,Male,4.8,6,Laptop & Accessory,3,Married,3,0,21.8,3,4,3.0,248.93,28.21
11376,0,36.0,Mobile Phone,2,30,Credit Card,Female,3.0,1,Mobile Phone,3,Single,7,0,19.5,3,3,6.0,196.89,81.77
11377,0,10.0,Computer,3,10,Credit Card,Male,4.7,4,Others,4,Single,2,1,25.7,1,6,4.0,156.23,65.31
11378,1,13.0,Mobile Phone,1,21,Cash on Delivery,Male,,1,Grocery,1,Married,1,1,19.6,1,4,2.0,157.48,59.93
11379,0,8.0,Mobile Phone,2,15,E wallet,Male,3.5,4,Mobile Phone,2,Married,2,0,11.1,1,4,0.0,156.28,27.96
11380,0,16.0,Phone,2,31,Debit Card,Male,2.9,5,Fashion,2,Married,3,1,15.5,4,5,4.0,153.54,44.84
11381,0,3.0,Mobile Phone,1,23,Debit Card,Male,2.2,4,Laptop & Accessory,3,Married,5,0,20.6,1,5,0.0,158.76,83.25
11382,0,8.0,Mobile Phone,3,25,Debit Card,Male,3.4,4,Mobile Phone,5,Single,6,0,11.0,1,1,2.0,199.39,92.73
11383,0,61.0,Computer,3,17,UPI,Male,5.2,2,Others,3,Married,8,1,13.4,1,4,3.0,233.79,72.33
11384,1,5.0,Phone,2,7,UPI,Male,3.4,6,Mobile Phone,2,Single,4,1,11.0,2,2,6.0,267.07,67.31
11385,0,19.0,Phone,2,7,UPI,Male,3.4,3,Others,4,Divorced,4,0,26.0,1,3,4.0,125.21,103.26
11386,0,7.0,Computer,2,29,E wallet,Male,4.9,3,Laptop & Accessory,5,Single,2,0,17.4,2,5,4.0,135.03,90.73
11387,0,26.0,Computer,1,25,Cash on Delivery,Male,5.2,6,Grocery,2,Married,3,0,18.6,3,2,0.0,230.65,90.57
11388,1,2.0,Phone,1,18,Debit Card,Female,3.0,3,Laptop & Accessory,1,Married,3,0,11.0,3,3,1.0,125.22,41.46
11389,0,61.0,Mobile Phone,2,35,UPI,Male,3.5,1,Laptop & Accessory,3,Married,2,0,21.7,2,2,0.0,110.49,120.0
11390,0,10.0,Mobile Phone,1,12,Cash on Delivery,Female,2.0,5,Laptop & Accessory,4,Married,1,1,16.9,2,6,5.0,123.44,111.54
11391,1,4.0,Computer,2,11,Debit Card,Male,3.3,1,Laptop & Accessory,4,Married,2,0,11.0,2,1,12.0,169.43,77.74
11392,0,1.0,Mobile Phone,2,8,UPI,Male,3.7,2,Laptop & Accessory,5,Single,5,0,17.7,1,2,1.0,278.14,45.5
11393,0,3.0,Mobile Phone,2,7,Cash on Delivery,Male,,2,Laptop & Accessory,5,Married,8,0,11.0,7,3,0.0,172.33,37.6
11394,0,13.0,Mobile Phone,2,23,Debit Card,Male,2.3,6,Grocery,4,Single,5,0,15.3,3,4,2.0,196.46,78.04
11395,1,7.0,Computer,3,31,Cash on Delivery,Female,2.1,4,Others,4,Married,3,0,19.5,2,1,7.0,108.11,73.0
11396,0,31.0,Phone,1,6,Debit Card,Male,4.1,2,Laptop & Accessory,3,Married,7,0,16.2,3,2,3.0,244.46,57.94
11397,0,10.0,Phone,3,9,UPI,Female,3.5,2,Mobile Phone,1,Married,4,1,11.0,1,2,0.0,232.29,33.47
11398,0,5.0,Computer,3,16,E wallet,Female,3.1,5,Fashion,5,Single,7,0,16.6,1,2,14.0,151.87,75.77
11399,1,17.0,Mobile Phone,3,6,Credit Card,Female,1.4,2,Fashion,3,Married,8,0,20.1,1,3,7.0,138.77,60.08
11400,0,22.0,Mobile Phone,1,22,E wallet,Female,3.0,4,Laptop & Accessory,2,Single,3,1,13.8,1,3,0.0,237.48,20.43
11401,0,3.0,Mobile Phone,3,19,E wallet,Female,2.6,3,Others,4,Married,1,0,18.1,1,1,10.0,166.45,65.33
11402,0,3.0,Computer,3,20,UPI,Male,1.3,1,Mobile Phone,3,Married,8,0,18.2,0,5,2.0,140.17,93.14
11403,0,1.0,Mobile Phone,3,16,E wallet,Male,4.2,1,Mobile Phone,4,Single,6,0,11.0,1,4,1.0,158.01,75.62
11404,0,23.0,Computer,2,16,Debit Card,Male,3.9,1,Laptop & Accessory,4,Single,3,0,22.5,5,4,2.0,194.32,55.26
11405,0,19.0,Computer,3,32,UPI,Female,3.2,4,Fashion,3,Single,9,0,11.6,1,1,7.0,223.91,116.21
11406,0,11.0,Mobile Phone,1,8,E wallet,Female,1.2,5,Fashion,5,Divorced,1,0,11.0,0,3,4.0,199.39,43.3
11407,1,33.0,Mobile Phone,2,26,Credit Card,Female,4.1,4,Mobile Phone,3,Single,8,1,11.0,1,4,0.0,196.29,76.24
11408,1,,Mobile Phone,2,32,Cash on Delivery,Female,3.3,1,Others,3,Married,9,1,22.4,5,2,12.0,165.57,49.52
11409,0,15.0,Computer,3,26,Debit Card,Male,3.2,4,Laptop & Accessory,4,Single,1,0,23.8,1,1,0.0,188.74,67.37
11410,0,36.0,Mobile Phone,3,12,Credit Card,Male,3.2,4,Laptop & Accessory,4,Married,9,0,17.8,1,2,5.0,156.52,52.29
11411,0,4.0,Mobile Phone,3,15,Cash on Delivery,Male,2.1,4,Mobile Phone,4,Divorced,5,0,12.1,1,4,4.0,163.81,103.17
11412,0,,Mobile Phone,1,26,Credit Card,Male,3.0,3,Fashion,3,Married,5,0,26.0,3,3,0.0,265.3,74.4
11413,0,5.0,Computer,3,26,E wallet,Female,4.3,4,Mobile Phone,4,Married,5,0,14.9,0,2,0.0,182.53,72.39
11414,1,1.0,Mobile Phone,2,8,Credit Card,Male,,5,Grocery,2,Married,1,0,11.1,1,2,8.0,157.95,53.73
11415,0,13.0,Mobile Phone,3,16,UPI,Male,4.2,3,Laptop & Accessory,5,Married,5,0,21.1,5,3,2.0,139.56,60.39
11416,0,49.0,Mobile Phone,3,25,Debit Card,Male,,6,Laptop & Accessory,3,Single,6,1,14.3,5,2,4.0,50.0,86.36
11417,0,1.0,Mobile Phone,2,31,Credit Card,Female,3.7,6,Others,4,Married,5,0,26.0,2,3,2.0,305.2,86.87
11418,0,2.0,Mobile Phone,3,27,Debit Card,Female,,4,Mobile Phone,1,Married,6,1,11.0,0,1,5.0,311.74,72.53
11419,1,10.0,Mobile Phone,3,14,UPI,Female,2.8,2,Fashion,2,Single,9,1,13.9,4,5,2.0,217.66,86.89
11420,0,48.0,Computer,1,31,UPI,Male,1.4,1,Mobile Phone,3,Married,7,0,24.2,3,1,1.0,117.89,106.52
11421,0,6.0,Mobile Phone,3,13,Credit Card,Female,2.6,3,Mobile Phone,5,Married,5,1,17.9,2,3,1.0,344.08,82.25
11422,0,12.0,Mobile Phone,1,20,Debit Card,Male,3.4,2,Laptop & Accessory,4,Married,9,1,13.2,2,3,7.0,95.76,20.0
11423,0,1.0,Computer,1,8,E wallet,Male,4.8,1,Others,5,Single,5,0,,2,2,2.0,203.6,72.0
11424,0,2.0,Mobile Phone,3,30,E wallet,Male,3.3,5,Grocery,3,Married,5,0,11.0,2,2,0.0,77.21,120.0
11425,0,61.0,Mobile Phone,3,21,Credit Card,Male,1.4,2,Fashion,3,Married,6,0,11.0,2,3,10.0,50.0,94.18
11426,0,60.0,Phone,1,26,Credit Card,Male,3.0,5,Laptop & Accessory,2,Married,8,1,20.8,1,4,6.0,193.92,65.1
11427,0,1.0,Computer,3,22,UPI,Male,2.3,5,Laptop & Accessory,5,Married,1,0,19.7,1,3,0.0,201.54,87.29
11428,0,54.0,Phone,2,31,Debit Card,Male,2.9,2,Laptop & Accessory,2,Single,9,0,18.1,2,1,27.0,187.14,56.16
11429,0,18.0,Mobile Phone,2,11,Debit Card,Male,3.1,2,Fashion,5,Married,8,0,11.0,3,2,4.0,269.59,81.7
11430,0,36.0,Computer,2,26,UPI,Male,5.4,3,Laptop & Accessory,5,Married,7,0,13.3,2,1,0.0,177.12,87.36
11431,0,10.0,Mobile Phone,2,13,E wallet,Male,3.5,5,Mobile Phone,5,Married,5,0,,4,1,1.0,228.74,109.75
11432,0,13.0,Computer,2,10,UPI,Female,3.4,2,Laptop & Accessory,4,Married,1,1,22.6,2,3,4.0,133.04,20.0
11433,1,12.0,Mobile Phone,2,34,UPI,Male,3.6,5,Mobile Phone,4,Single,7,0,17.2,1,2,6.0,257.7,30.58
11434,0,19.0,Computer,3,26,UPI,Male,2.3,4,Mobile Phone,4,Divorced,9,1,15.8,3,2,1.0,262.82,53.09
11435,1,2.0,Mobile Phone,3,24,Debit Card,Male,4.8,4,Laptop & Accessory,2,Single,3,1,11.0,3,3,1.0,164.73,86.68
11436,1,1.0,Mobile Phone,1,32,Cash on Delivery,Female,3.5,4,Laptop & Accessory,4,Divorced,8,0,20.4,2,2,1.0,202.51,95.06
11437,0,6.0,Computer,3,29,UPI,Female,2.7,5,Laptop & Accessory,1,Divorced,3,0,13.3,1,3,3.0,138.07,68.07
11438,1,21.0,Computer,2,7,UPI,Male,3.7,5,Grocery,3,Single,3,1,11.0,4,3,0.0,166.77,20.0
11439,1,4.0,Phone,3,19,Cash on Delivery,Male,4.7,2,Others,2,Married,7,1,11.0,1,2,0.0,224.24,103.15
11440,0,20.0,Mobile Phone,1,5,Credit Card,Female,3.4,2,Grocery,2,Married,6,0,19.1,1,4,4.0,209.09,77.03
11441,0,61.0,Phone,3,31,UPI,Male,3.0,3,Mobile Phone,3,Married,5,0,19.3,1,2,6.0,76.25,78.25
11442,0,1.0,Phone,1,30,Debit Card,Male,3.1,3,Grocery,3,Single,7,0,11.0,4,3,2.0,111.76,20.0
11443,0,20.0,Computer,1,28,E wallet,Male,3.9,3,Laptop & Accessory,4,Married,9,1,14.5,2,2,1.0,144.72,108.82
11444,1,10.0,Mobile Phone,3,28,Debit Card,Male,3.6,6,Mobile Phone,1,Married,1,1,11.0,3,2,2.0,193.19,59.72
11445,0,36.0,Mobile Phone,3,35,Cash on Delivery,Male,3.3,1,Mobile Phone,4,Married,1,0,17.4,0,2,1.0,124.95,101.46
11446,1,3.0,Mobile Phone,2,31,Cash on Delivery,Female,2.8,4,Laptop & Accessory,2,Single,5,1,18.5,5,3,12.0,95.17,89.03
11447,0,21.0,Phone,2,21,Cash on Delivery,Male,3.4,5,Others,4,Married,8,0,11.0,4,3,5.0,50.0,45.93
11448,0,32.0,Mobile Phone,3,13,E wallet,Male,1.3,6,Mobile Phone,4,Divorced,7,1,15.1,2,3,0.0,305.17,77.32
11449,0,52.0,Mobile Phone,1,6,Debit Card,Female,4.5,4,Others,4,Married,7,0,20.0,1,2,1.0,192.12,98.08
11450,0,20.0,Mobile Phone,3,10,UPI,Female,3.1,5,Laptop & Accessory,4,Single,3,0,21.1,6,3,3.0,93.44,20.0
11451,0,12.0,Mobile Phone,1,35,Debit Card,Female,1.7,6,Others,3,Married,9,0,11.0,2,1,,241.98,94.58
11452,0,17.0,Mobile Phone,1,29,UPI,Male,2.6,1,Fashion,4,Married,5,0,21.5,0,4,2.0,269.61,25.77
11453,0,36.0,Computer,2,20,Debit Card,Male,4.0,5,Mobile Phone,3,Married,3,0,16.5,1,4,6.0,192.8,38.82
11454,1,15.0,Computer,2,17,Credit Card,Female,4.9,3,Grocery,3,Married,6,0,12.0,1,2,5.0,217.38,30.9
11455,0,1.0,Mobile Phone,1,10,Credit Card,Male,3.6,6,Fashion,4,Married,8,0,14.5,1,1,2.0,258.53,120.0
11456,0,48.0,Computer,2,27,Credit Card,Male,3.8,4,Grocery,1,Married,8,0,19.8,3,3,7.0,216.34,70.92
11457,0,21.0,Computer,3,19,Debit Card,Female,2.6,4,Fashion,4,Single,4,0,19.7,1,3,5.0,217.95,20.0
11458,0,20.0,Mobile Phone,2,29,Debit Card,Male,5.3,4,Mobile Phone,4,Married,4,1,20.4,1,2,6.0,87.94,43.51
11459,0,4.0,Mobile Phone,2,9,UPI,Male,2.8,1,Fashion,3,Single,9,0,11.0,1,4,12.0,50.0,44.15
11460,0,19.0,Mobile Phone,1,21,Debit Card,Male,3.1,6,Grocery,1,Married,2,0,16.3,2,4,1.0,231.69,68.1
11461,0,9.0,Mobile Phone,2,13,UPI,Male,3.1,4,Laptop & Accessory,1,Married,9,0,13.6,1,2,1.0,166.54,42.82
11462,0,18.0,Phone,1,30,Cash on Delivery,Male,5.0,2,Mobile Phone,5,Divorced,8,0,16.3,5,4,8.0,152.71,20.86
11463,1,2.0,Phone,3,34,Cash on Delivery,Female,3.4,3,Laptop & Accessory,4,Divorced,3,1,12.0,2,3,5.0,238.39,106.68
11464,1,19.0,Phone,1,17,Debit Card,Male,4.0,3,Others,2,Single,2,1,24.5,3,1,10.0,122.71,62.28
11465,0,,Mobile Phone,3,11,Debit Card,Male,2.4,5,Others,3,Married,2,0,14.9,1,4,0.0,177.81,59.67
11466,0,1.0,Phone,2,20,Credit Card,Male,3.6,1,Others,4,Married,1,1,14.2,0,1,3.0,183.42,113.96
11467,0,61.0,Mobile Phone,3,12,UPI,Male,2.4,5,Fashion,5,Married,9,1,17.7,2,5,0.0,221.39,120.0
11468,0,9.0,Computer,2,22,UPI,Male,2.3,5,Grocery,1,Single,1,1,21.7,1,1,,200.48,62.8
11469,0,36.0,Mobile Phone,1,9,Cash on Delivery,Male,3.8,3,Others,2,Divorced,2,0,15.3,3,4,0.0,200.5,31.74
11470,0,27.0,Mobile Phone,2,17,UPI,Male,2.7,6,Grocery,5,Married,7,0,13.1,1,2,0.0,155.72,65.17
11471,0,15.0,Computer,1,28,Credit Card,Female,2.3,6,Fashion,1,Married,5,0,,4,1,0.0,157.29,120.0
11472,0,24.0,Computer,1,27,UPI,Female,4.5,2,Laptop & Accessory,2,Married,1,0,25.4,2,5,3.0,200.42,38.91
11473,0,37.0,Mobile Phone,1,11,UPI,Male,2.1,1,Others,5,Single,4,0,23.5,1,3,1.0,149.97,34.66
11474,0,9.0,Computer,1,24,E wallet,Male,5.3,1,Grocery,4,Married,6,0,11.0,3,2,0.0,130.29,72.01
11475,0,7.0,Computer,2,17,Credit Card,Male,4.3,1,Mobile Phone,3,Single,8,0,19.6,2,2,1.0,257.18,62.54
11476,0,19.0,Computer,1,6,UPI,Female,5.1,2,Mobile Phone,1,Married,2,0,14.6,2,7,0.0,139.52,73.73
11477,0,29.0,Mobile Phone,1,30,E wallet,Male,2.2,1,Others,1,Single,3,0,22.6,3,4,11.0,152.48,71.43
11478,0,25.0,Mobile Phone,2,23,Debit Card,Male,3.8,4,Fashion,2,Divorced,7,0,26.0,0,2,1.0,253.59,61.01
11479,0,28.0,Mobile Phone,3,18,UPI,Male,3.3,2,Laptop & Accessory,5,Married,1,1,11.0,1,1,1.0,138.61,49.52
11480,1,10.0,Mobile Phone,1,34,E wallet,Male,4.1,5,Laptop & Accessory,3,Single,7,1,15.1,0,2,7.0,199.27,53.53
11481,0,30.0,Mobile Phone,1,18,E wallet,Female,2.3,4,Laptop & Accessory,4,Single,1,0,12.3,0,1,4.0,204.55,32.36
11482,1,2.0,Computer,2,13,UPI,Male,4.3,6,Fashion,5,Divorced,8,0,11.0,2,2,4.0,174.59,58.03
11483,0,14.0,Computer,3,8,Cash on Delivery,Male,3.8,5,Laptop & Accessory,3,Married,6,0,11.0,2,3,4.0,156.7,61.19
11484,1,1.0,Mobile Phone,2,21,UPI,Female,2.8,1,Grocery,2,Married,7,0,12.3,2,3,11.0,112.42,55.16
11485,0,7.0,Computer,3,30,UPI,Female,1.2,2,Mobile Phone,4,Single,2,1,13.3,0,3,0.0,217.67,78.41
11486,0,8.0,Mobile Phone,3,24,Credit Card,Female,4.2,6,Mobile Phone,5,Married,6,0,12.9,0,4,18.0,246.16,58.55
11487,0,9.0,Mobile Phone,2,33,UPI,Female,2.8,4,Grocery,5,Divorced,5,0,11.0,2,1,7.0,239.77,69.88
11488,0,21.0,Mobile Phone,2,20,Cash on Delivery,Male,2.0,2,Laptop & Accessory,1,Single,3,1,15.8,2,4,3.0,202.25,64.24
11489,0,8.0,Mobile Phone,3,35,UPI,Male,2.5,2,Fashion,4,Married,9,0,21.3,1,4,4.0,61.45,67.63
11490,0,10.0,Computer,1,28,Debit Card,Male,3.8,6,Mobile Phone,4,Married,5,0,11.7,1,2,,226.17,33.42
11491,0,4.0,Computer,3,34,Debit Card,Male,2.8,2,Laptop & Accessory,5,Married,8,0,11.0,3,4,0.0,173.5,36.06
11492,1,8.0,Mobile Phone,2,12,E wallet,Male,,5,Mobile Phone,2,Single,4,0,15.6,5,6,0.0,144.48,98.36
11493,1,4.0,Phone,3,30,Cash on Delivery,Female,3.3,2,Fashion,4,Divorced,6,0,21.4,2,6,13.0,219.45,75.04
11494,0,1.0,Computer,3,19,E wallet,Male,1.8,1,Fashion,5,Married,4,0,15.9,2,2,3.0,193.56,34.0
11495,0,16.0,Phone,1,30,E wallet,Male,3.7,4,Laptop & Accessory,3,Divorced,4,0,11.0,3,2,1.0,240.54,20.0
11496,0,19.0,Computer,1,22,Debit Card,Male,3.8,3,Others,3,Married,9,1,11.0,3,1,5.0,200.45,91.8
11497,0,17.0,Mobile Phone,1,14,Debit Card,Female,5.5,2,Laptop & Accessory,1,Single,5,0,19.2,2,3,2.0,163.99,84.82
11498,0,11.0,Computer,2,8,UPI,Male,3.8,4,Fashion,3,Divorced,1,1,13.6,2,1,0.0,159.07,51.43
11499,0,8.0,Mobile Phone,1,11,Debit Card,Male,3.4,5,Mobile Phone,3,Divorced,7,0,11.9,1,5,5.0,216.68,67.59
11500,0,35.0,Mobile Phone,3,28,Debit Card,Female,1.0,5,Fashion,5,Single,3,0,11.4,1,5,5.0,99.72,70.87
11501,0,13.0,Mobile Phone,1,21,E wallet,Male,3.8,2,Grocery,3,Single,3,0,16.3,2,3,0.0,149.91,38.01
11502,1,11.0,Mobile Phone,3,12,E wallet,Female,5.2,6,Laptop & Accessory,3,Divorced,6,0,15.7,3,2,12.0,50.0,65.06
11503,1,1.0,Mobile Phone,2,5,Debit Card,Male,2.4,6,Grocery,4,Married,3,0,15.3,2,3,1.0,205.28,62.15
11504,0,7.0,Computer,2,26,UPI,Male,1.2,2,Laptop & Accessory,2,Divorced,1,0,11.0,3,4,,218.7,36.29
11505,1,8.0,Computer,2,25,E wallet,Male,2.2,6,Fashion,3,Single,6,1,11.0,1,2,0.0,133.84,71.1
11506,0,9.0,Mobile Phone,3,14,Credit Card,Female,3.9,1,Mobile Phone,4,Single,7,0,11.1,0,3,3.0,114.39,74.02
11507,0,15.0,Mobile Phone,2,19,Credit Card,Male,2.5,3,Mobile Phone,5,Single,5,0,16.7,2,2,1.0,237.19,32.43
11508,0,,Mobile Phone,2,27,UPI,Female,2.1,6,Laptop & Accessory,4,Single,1,1,18.3,2,2,1.0,137.15,91.06
11509,0,16.0,Mobile Phone,2,10,Debit Card,Female,3.4,2,Fashion,4,Married,2,0,23.8,2,1,7.0,218.6,47.77
11510,0,26.0,Mobile Phone,2,14,Debit Card,Male,3.3,2,Mobile Phone,2,Single,2,0,11.0,3,1,0.0,179.15,44.79
11511,0,30.0,Mobile Phone,2,34,Cash on Delivery,Female,4.7,1,Fashion,5,Married,8,0,19.4,0,5,6.0,148.26,87.27
11512,0,22.0,Computer,2,5,Debit Card,Male,2.5,5,Laptop & Accessory,2,Single,8,0,11.0,1,2,,214.8,86.12
11513,0,56.0,Mobile Phone,3,35,Debit Card,Male,3.1,6,Fashion,4,Divorced,8,0,17.1,1,5,17.0,181.91,40.04
11514,0,1.0,Mobile Phone,3,10,Debit Card,Male,0.5,3,Fashion,3,Single,2,0,11.0,2,2,3.0,269.67,78.1
11515,0,3.0,Mobile Phone,3,17,UPI,Male,2.4,5,Laptop & Accessory,5,Divorced,5,0,11.0,5,1,0.0,135.89,77.84
11516,0,1.0,Mobile Phone,1,34,Credit Card,Female,3.4,2,Fashion,4,Married,5,0,19.5,2,5,,100.51,53.04
11517,0,18.0,Mobile Phone,2,7,Credit Card,Male,2.7,3,Fashion,4,Married,4,0,15.9,2,4,8.0,179.03,82.43
11518,0,41.0,Phone,2,16,Debit Card,Female,0.3,2,Laptop & Accessory,2,Single,8,1,13.1,0,3,7.0,208.58,20.0
11519,1,5.0,Mobile Phone,1,19,UPI,Male,3.7,1,Laptop & Accessory,3,Single,8,1,11.0,0,1,1.0,168.74,46.53
11520,0,47.0,Mobile Phone,3,35,UPI,Male,3.6,1,Laptop & Accessory,4,Married,9,0,17.2,1,6,3.0,287.9,90.86
11521,0,1.0,Mobile Phone,3,26,Debit Card,Female,1.9,5,Mobile Phone,4,Single,4,0,15.5,0,2,2.0,252.77,50.66
11522,1,49.0,Computer,1,11,Credit Card,Male,3.8,4,Mobile Phone,2,Single,1,1,19.3,1,3,13.0,148.47,33.0
11523,1,7.0,Mobile Phone,1,10,E wallet,Male,1.5,5,Laptop & Accessory,5,Single,9,0,11.0,3,1,11.0,183.86,20.0
11524,1,,Mobile Phone,3,13,Cash on Delivery,Female,2.1,3,Others,5,Married,1,0,18.7,4,3,16.0,71.69,95.74
11525,0,11.0,Computer,1,20,Debit Card,Male,4.7,1,Fashion,3,Single,4,0,11.7,2,4,8.0,243.1,44.21
11526,0,,Mobile Phone,2,16,Credit Card,Female,4.6,5,Laptop & Accessory,5,Married,1,1,,2,4,9.0,139.17,20.0
11527,0,6.0,Phone,3,13,Debit Card,Male,3.8,1,Grocery,4,Single,3,0,14.6,1,4,0.0,191.94,75.98
11528,1,6.0,Mobile Phone,1,12,Credit Card,Male,2.3,4,Mobile Phone,3,Single,3,1,11.0,2,1,7.0,164.56,112.85
11529,0,29.0,Computer,2,9,E wallet,Female,3.5,5,Mobile Phone,3,Divorced,7,0,12.5,2,4,4.0,90.64,67.31
11530,0,13.0,Mobile Phone,1,30,E wallet,Male,3.6,1,Laptop & Accessory,4,Single,3,0,11.0,2,5,13.0,230.01,20.0
11531,0,6.0,Mobile Phone,1,7,E wallet,Female,0.9,2,Mobile Phone,4,Divorced,6,0,11.8,2,3,3.0,116.48,41.77
11532,0,16.0,Mobile Phone,1,8,UPI,Male,1.7,6,Laptop & Accessory,3,Divorced,4,0,11.0,0,2,0.0,148.84,94.76
11533,1,22.0,Mobile Phone,3,15,Cash on Delivery,Male,,4,Fashion,4,Divorced,6,1,17.4,3,3,3.0,231.17,71.42
11534,0,5.0,Mobile Phone,1,14,Debit Card,Female,0.0,6,Mobile Phone,4,Married,9,1,11.0,3,5,4.0,121.72,25.19
11535,0,9.0,Phone,2,12,E wallet,Female,3.1,2,Mobile Phone,4,Married,7,0,18.3,1,1,0.0,269.45,120.0
11536,1,2.0,Mobile Phone,2,13,UPI,Female,2.9,6,Fashion,1,Single,1,1,26.0,5,4,2.0,120.78,47.82
11537,1,,Mobile Phone,2,17,Credit Card,Male,2.0,3,Fashion,5,Divorced,8,1,,1,1,,109.82,57.93
11538,0,20.0,Mobile Phone,3,28,UPI,Male,3.0,4,Fashion,3,Married,4,0,11.0,2,6,1.0,182.79,55.21
11539,0,3.0,Phone,2,30,UPI,Female,,1,Grocery,3,Married,8,0,26.0,2,3,,278.05,91.4
11540,0,13.0,Computer,3,23,UPI,Male,3.2,2,Fashion,2,Single,3,0,17.1,2,4,0.0,179.64,58.08
11541,0,22.0,Computer,3,27,UPI,Male,2.8,3,Others,3,Single,5,0,14.2,3,1,11.0,238.88,20.0
11542,0,2.0,Mobile Phone,2,15,Cash on Delivery,Female,3.7,2,Fashion,5,Married,3,0,12.8,2,4,5.0,99.55,20.0
11543,0,15.0,Computer,1,28,Cash on Delivery,Male,3.9,4,Others,3,Single,3,0,11.0,1,6,0.0,158.01,47.32
11544,0,5.0,Computer,3,7,UPI,Male,2.0,6,Others,4,Married,3,0,13.0,1,2,5.0,161.84,71.11
11545,0,59.0,Phone,1,5,Debit Card,Male,4.2,2,Laptop & Accessory,1,Married,4,1,11.0,1,6,5.0,104.32,49.5
11546,0,11.0,Mobile Phone,2,27,UPI,Male,2.8,2,Fashion,3,Married,3,1,11.0,1,4,0.0,84.52,83.18
11547,0,29.0,Phone,3,18,Debit Card,Female,0.5,5,Fashion,5,Married,2,0,18.5,2,4,1.0,165.5,108.16
11548,0,14.0,Mobile Phone,1,23,Cash on Delivery,Female,2.5,1,Grocery,4,Single,6,0,20.8,2,3,3.0,274.78,27.4
11549,0,1.0,Mobile Phone,2,5,Debit Card,Female,2.9,2,Mobile Phone,2,Single,1,0,13.6,1,3,2.0,193.11,71.13
11550,0,18.0,Computer,1,27,Debit Card,Female,1.3,5,Mobile Phone,4,Married,5,0,18.0,4,2,6.0,139.02,49.91
11551,0,54.0,Mobile Phone,3,31,Debit Card,Male,2.9,6,Laptop & Accessory,2,Married,6,0,26.0,2,3,2.0,57.77,41.87
11552,0,16.0,Phone,3,16,Cash on Delivery,Female,2.6,1,Grocery,3,Divorced,1,0,11.0,0,3,0.0,157.68,48.83
11553,0,30.0,Mobile Phone,3,18,E wallet,Male,3.4,4,Laptop & Accessory,4,Single,1,0,11.0,2,3,14.0,153.62,86.17
11554,0,38.0,Mobile Phone,1,19,Debit Card,Male,2.5,4,Others,4,Married,7,0,20.0,4,2,1.0,203.07,67.52
11555,0,4.0,Mobile Phone,1,11,Credit Card,Male,2.8,5,Fashion,2,Married,6,0,11.0,1,2,5.0,164.78,49.42
11556,0,4.0,Mobile Phone,2,8,Cash on Delivery,Male,4.2,5,Mobile Phone,5,Married,9,0,11.8,1,5,0.0,217.91,120.0
11557,0,16.0,Phone,1,18,UPI,Female,3.4,4,Grocery,4,Married,4,1,15.7,1,1,1.0,226.05,54.22
11558,0,9.0,Mobile Phone,2,22,Debit Card,Male,3.3,3,Grocery,3,Married,3,1,22.4,4,2,2.0,175.81,75.4
11559,0,32.0,Mobile Phone,3,20,UPI,Female,2.6,6,Laptop & Accessory,4,Single,6,0,15.8,3,6,0.0,176.65,62.15
11560,0,41.0,Mobile Phone,1,30,UPI,Female,1.8,1,Fashion,4,Single,8,0,11.0,3,4,2.0,182.05,20.0
11561,1,7.0,Phone,1,18,Debit Card,Female,3.7,1,Laptop & Accessory,4,Single,5,0,17.1,0,1,0.0,75.31,55.85
11562,0,4.0,Mobile Phone,3,25,Debit Card,Male,1.8,5,Mobile Phone,3,Married,3,0,16.4,4,3,3.0,223.22,47.65
11563,0,27.0,Computer,2,15,E wallet,Female,4.9,6,Fashion,4,Married,3,0,11.0,3,3,4.0,281.84,51.89
11564,0,5.0,Mobile Phone,1,31,E wallet,Male,,1,Mobile Phone,2,Single,1,0,11.0,1,2,0.0,183.56,120.0
11565,0,31.0,Computer,2,29,Cash on Delivery,Female,2.7,3,Laptop & Accessory,5,Married,6,1,,1,1,8.0,133.04,46.36
11566,0,9.0,Computer,3,10,Cash on Delivery,Female,4.2,1,Fashion,4,Married,7,0,11.0,1,4,0.0,179.58,67.64
11567,1,19.0,Phone,3,19,Cash on Delivery,Male,2.9,5,Others,2,Married,9,1,11.0,2,5,1.0,153.9,89.57
11568,1,1.0,Mobile Phone,2,14,Cash on Delivery,Female,3.5,2,Mobile Phone,4,Divorced,6,0,11.0,1,2,4.0,181.64,42.01
11569,1,17.0,Mobile Phone,2,34,Cash on Delivery,Male,3.2,2,Others,5,Single,8,0,11.0,3,1,2.0,161.28,34.82
11570,0,10.0,Computer,2,16,Debit Card,Female,1.2,5,Others,5,Single,6,0,20.3,7,4,2.0,50.83,73.37
11571,0,15.0,Mobile Phone,2,13,Cash on Delivery,Male,1.8,2,Fashion,3,Divorced,2,0,14.1,1,3,0.0,185.73,65.88
11572,1,3.0,Computer,3,32,Cash on Delivery,Female,2.7,6,Laptop & Accessory,2,Single,3,0,17.1,2,5,6.0,313.46,80.14
11573,0,24.0,Computer,3,21,Credit Card,Male,2.9,1,Fashion,4,Divorced,1,0,16.2,3,2,3.0,99.83,20.0
11574,0,35.0,Phone,2,22,Cash on Delivery,Female,3.9,5,Fashion,2,Divorced,5,0,11.0,2,1,0.0,245.83,113.76
11575,0,4.0,Computer,2,15,UPI,Male,3.1,5,Fashion,5,Married,6,0,11.6,0,2,1.0,204.04,66.82
11576,0,1.0,Mobile Phone,1,10,UPI,Male,2.8,5,Mobile Phone,2,Single,6,0,13.6,3,1,,124.86,95.77
11577,1,1.0,Mobile Phone,1,23,Credit Card,Male,2.5,2,Grocery,3,Married,2,1,14.2,4,7,3.0,99.4,120.0
11578,0,18.0,Mobile Phone,3,6,Debit Card,Female,4.0,4,Others,3,Single,1,0,17.9,2,2,0.0,195.76,60.84
11579,0,16.0,Computer,2,26,Debit Card,Male,2.2,2,Fashion,3,Single,7,0,20.6,2,6,1.0,201.65,38.77
11580,0,14.0,Computer,2,27,E wallet,Male,1.6,5,Laptop & Accessory,4,Single,4,0,17.2,1,3,1.0,89.5,53.74
11581,1,4.0,Mobile Phone,2,24,Cash on Delivery,Male,2.8,1,Grocery,3,Single,9,1,25.6,4,1,2.0,235.58,59.68
11582,0,8.0,Phone,1,17,Debit Card,Female,4.0,6,Laptop & Accessory,2,Married,8,0,17.6,2,4,7.0,150.33,70.1
11583,0,16.0,Mobile Phone,3,33,Debit Card,Female,2.3,4,Grocery,3,Divorced,6,0,11.8,1,7,2.0,209.56,103.53
11584,0,12.0,Phone,2,30,UPI,Male,3.3,5,Fashion,4,Married,3,0,22.7,2,1,2.0,222.19,65.26
11585,0,61.0,Mobile Phone,1,35,E wallet,Female,1.9,6,Mobile Phone,2,Single,8,0,11.0,1,5,9.0,233.75,103.18
11586,1,2.0,Phone,1,13,E wallet,Female,2.1,2,Fashion,4,Single,1,0,18.2,3,3,3.0,120.63,100.07
11587,0,21.0,Mobile Phone,2,31,UPI,Female,,3,Grocery,4,Divorced,9,1,14.1,4,5,3.0,300.69,69.46
11588,0,9.0,Computer,3,16,UPI,Male,0.5,5,Fashion,4,Single,9,1,11.0,1,3,1.0,124.75,20.0
11589,1,10.0,Mobile Phone,2,20,Credit Card,Male,2.1,1,Mobile Phone,5,Single,8,0,16.3,3,2,3.0,233.67,91.81
11590,0,22.0,Mobile Phone,1,33,Credit Card,Female,0.9,3,Laptop & Accessory,5,Single,4,0,13.3,2,3,3.0,150.05,85.89
11591,0,21.0,Phone,2,23,Debit Card,Male,2.0,3,Mobile Phone,5,Single,9,0,,3,2,2.0,183.12,58.28
11592,0,61.0,Mobile Phone,2,6,Debit Card,Male,4.0,2,Fashion,2,Married,9,0,16.1,4,5,,172.51,33.97
11593,1,2.0,Computer,2,20,Cash on Delivery,Female,4.8,2,Laptop & Accessory,2,Married,5,1,11.0,1,3,8.0,208.02,63.05
11594,0,1.0,Mobile Phone,1,31,UPI,Female,1.5,6,Fashion,3,Married,6,0,15.7,4,4,5.0,242.88,79.83
11595,0,23.0,Computer,3,34,Debit Card,Male,3.9,4,Others,5,Married,7,0,14.2,2,2,3.0,143.27,28.58
11596,0,15.0,Computer,2,9,Cash on Delivery,Male,1.4,5,Grocery,5,Divorced,9,0,17.6,2,1,2.0,127.38,29.06
11597,1,5.0,Computer,2,35,Cash on Delivery,Male,2.2,6,Mobile Phone,5,Married,7,1,11.0,3,5,0.0,56.24,120.0
11598,0,1.0,Mobile Phone,3,32,Cash on Delivery,Male,3.3,4,Laptop & Accessory,2,Single,1,0,11.0,1,4,1.0,190.82,30.75
11599,1,1.0,Mobile Phone,2,29,Credit Card,Female,0.9,4,Mobile Phone,5,Single,9,0,15.6,0,5,5.0,169.86,43.78
11600,0,40.0,Mobile Phone,2,21,UPI,Female,2.2,3,Laptop & Accessory,3,Married,6,0,26.0,1,5,2.0,186.52,113.44
11601,1,3.0,Computer,2,10,E wallet,Male,2.9,2,Grocery,1,Married,2,0,15.8,4,3,8.0,173.91,35.9
11602,0,7.0,Computer,1,28,UPI,Male,0.5,3,Laptop & Accessory,3,Married,9,1,12.4,0,5,0.0,225.53,34.01
11603,1,4.0,Computer,3,11,Debit Card,Male,2.0,5,Laptop & Accessory,1,Single,1,0,20.2,1,2,2.0,149.61,93.11
11604,0,,Phone,2,10,Credit Card,Female,2.4,4,Fashion,4,Single,5,0,11.5,1,1,4.0,200.95,20.0
11605,0,1.0,Mobile Phone,1,7,UPI,Male,2.1,4,Laptop & Accessory,3,Married,9,0,17.6,2,3,2.0,178.09,49.51
11606,0,13.0,Phone,3,29,Debit Card,Female,2.4,5,Laptop & Accessory,3,Single,1,1,15.3,0,6,8.0,122.34,84.91
11607,0,1.0,Mobile Phone,2,25,UPI,Male,3.4,6,Others,4,Married,2,0,21.4,2,4,18.0,138.81,110.43
11608,0,29.0,Mobile Phone,2,19,UPI,Male,3.2,4,Mobile Phone,5,Married,7,0,19.0,0,1,0.0,235.21,80.22
11609,0,4.0,Mobile Phone,3,32,Cash on Delivery,Female,4.5,2,Others,4,Single,2,0,12.1,1,6,0.0,229.43,79.04
11610,1,13.0,Mobile Phone,2,20,UPI,Male,2.7,2,Laptop & Accessory,3,Single,9,0,11.0,4,3,0.0,224.33,69.63
11611,0,38.0,Mobile Phone,2,21,E wallet,Male,1.2,4,Others,5,Single,9,0,11.0,1,2,4.0,169.87,104.18
11612,1,18.0,Mobile Phone,1,13,Cash on Delivery,Male,0.5,5,Laptop & Accessory,5,Single,8,1,16.8,3,1,1.0,50.0,104.06
11613,0,13.0,Phone,3,30,Cash on Delivery,Male,4.6,3,Laptop & Accessory,2,Married,2,0,14.7,4,4,5.0,80.17,78.17
11614,0,7.0,Mobile Phone,1,13,E wallet,Male,2.9,4,Laptop & Accessory,4,Single,3,0,15.2,3,1,2.0,164.22,70.31
11615,1,7.0,Mobile Phone,2,21,Debit Card,Female,3.4,1,Mobile Phone,3,Divorced,3,1,16.5,3,4,3.0,88.93,35.88
11616,1,19.0,Computer,2,33,Cash on Delivery,Male,4.0,2,Laptop & Accessory,1,Married,8,0,11.0,1,2,5.0,248.69,41.49
11617,0,61.0,Mobile Phone,3,11,Debit Card,Male,,1,Fashion,4,Married,8,0,14.4,2,6,3.0,131.45,20.0
11618,0,19.0,Mobile Phone,2,29,Credit Card,Male,,1,Mobile Phone,5,Single,6,0,14.9,2,2,3.0,163.52,59.02
11619,0,14.0,Computer,2,6,UPI,Male,3.9,1,Fashion,2,Single,7,0,11.0,0,2,0.0,284.11,31.28
11620,0,23.0,Mobile Phone,2,30,UPI,Male,4.2,4,Fashion,5,Married,1,0,11.3,4,6,2.0,241.84,40.85
11621,0,11.0,Phone,1,10,Debit Card,Male,2.0,4,Mobile Phone,5,Married,8,1,17.3,5,5,3.0,200.78,100.74
11622,0,1.0,Computer,1,14,E wallet,Male,3.9,1,Laptop & Accessory,5,Married,7,1,19.2,1,1,2.0,193.27,91.12
11623,0,14.0,Mobile Phone,3,21,Credit Card,Female,3.5,4,Mobile Phone,3,Married,5,0,11.0,1,4,9.0,134.63,46.05
11624,0,56.0,Phone,2,18,Debit Card,Female,1.8,1,Fashion,5,Married,5,0,18.0,3,1,9.0,225.67,53.05
11625,0,3.0,Phone,1,7,Debit Card,Male,4.9,1,Laptop & Accessory,3,Married,2,0,,1,4,6.0,192.76,120.0
11626,0,21.0,Mobile Phone,2,31,Debit Card,Male,2.9,6,Mobile Phone,4,Single,1,0,11.0,3,3,1.0,171.87,39.71
11627,0,4.0,Mobile Phone,3,20,Cash on Delivery,Female,0.9,3,Laptop & Accessory,1,Divorced,9,0,,4,3,,218.46,86.02
11628,0,13.0,Mobile Phone,1,20,UPI,Male,3.9,6,Mobile Phone,1,Divorced,3,0,12.5,3,3,,219.54,111.39
11629,1,1.0,Mobile Phone,1,9,E wallet,Male,3.6,3,Grocery,4,Married,5,1,11.0,3,1,1.0,121.72,71.97
11630,0,10.0,Computer,2,20,Debit Card,Male,2.7,3,Laptop & Accessory,3,Single,8,1,12.4,1,3,1.0,235.0,77.29
11631,0,25.0,Mobile Phone,3,27,UPI,Female,3.7,5,Laptop & Accessory,3,Married,7,0,13.4,0,2,0.0,174.87,20.0
11632,0,7.0,Mobile Phone,1,31,UPI,Male,2.0,2,Mobile Phone,2,Single,7,0,20.5,1,3,1.0,184.99,52.8
11633,0,19.0,Mobile Phone,1,9,E wallet,Male,3.6,4,Others,4,Married,4,0,12.8,1,3,2.0,101.06,70.47
11634,1,28.0,Computer,1,28,Cash on Delivery,Male,3.9,3,Fashion,1,Married,4,1,,2,1,12.0,102.88,108.3
11635,0,47.0,Phone,1,9,Credit Card,Male,3.4,2,Fashion,5,Single,6,0,21.4,2,3,1.0,92.71,48.52
11636,1,4.0,Mobile Phone,2,10,Credit Card,Female,3.0,2,Fashion,1,Married,4,0,11.5,0,4,9.0,323.58,69.44
11637,0,9.0,Mobile Phone,2,22,Credit Card,Male,2.8,6,Grocery,2,Single,7,0,16.7,3,3,1.0,316.1,102.46
11638,1,2.0,Mobile Phone,2,16,E wallet,Male,4.7,4,Mobile Phone,3,Married,2,1,14.6,1,4,0.0,77.89,97.35
11639,0,61.0,Mobile Phone,1,25,Debit Card,Male,2.3,6,Grocery,3,Divorced,7,1,16.4,2,4,2.0,89.14,77.26
11640,0,47.0,Mobile Phone,2,11,Debit Card,Male,3.1,5,Others,3,Single,3,0,15.6,2,2,4.0,149.26,46.82
11641,0,13.0,Mobile Phone,2,21,Debit Card,Female,2.9,1,Mobile Phone,3,Single,8,1,15.9,3,2,0.0,246.43,81.07
11642,0,33.0,Computer,2,14,UPI,Female,3.4,3,Mobile Phone,5,Divorced,5,0,13.3,3,1,0.0,217.51,69.57
11643,0,13.0,Phone,3,13,UPI,Male,4.5,5,Laptop & Accessory,4,Married,9,0,15.2,3,2,2.0,310.05,28.78
11644,1,17.0,Computer,3,13,Debit Card,Female,4.5,4,Laptop & Accessory,1,Single,4,1,13.4,1,4,1.0,161.73,58.8
11645,1,1.0,Mobile Phone,3,28,Credit Card,Male,3.8,5,Grocery,3,Single,5,1,26.0,1,3,4.0,138.16,81.58
11646,0,25.0,Phone,1,15,Cash on Delivery,Male,3.3,6,Fashion,5,Divorced,1,0,18.6,3,2,2.0,183.36,110.38
11647,0,2.0,Phone,3,29,Debit Card,Male,3.5,2,Fashion,3,Married,3,0,15.0,3,6,0.0,169.57,42.05
11648,0,31.0,Mobile Phone,1,18,Credit Card,Male,4.7,5,Laptop & Accessory,1,Divorced,4,1,13.0,1,1,,178.36,90.78
11649,0,27.0,Mobile Phone,3,9,E wallet,Female,1.7,3,Grocery,4,Married,9,1,20.9,3,2,1.0,186.41,47.15
11650,0,22.0,Mobile Phone,3,11,Debit Card,Male,2.6,5,Mobile Phone,4,Married,8,1,11.0,1,6,5.0,307.2,63.29
11651,1,1.0,Mobile Phone,2,21,UPI,Male,2.2,5,Fashion,4,Single,2,0,11.0,2,1,6.0,187.21,52.95
11652,1,6.0,Mobile Phone,3,27,UPI,Female,3.8,2,Grocery,1,Single,6,1,,3,2,13.0,116.21,120.0
11653,1,5.0,Phone,2,13,Debit Card,Male,2.7,6,Fashion,2,Married,4,1,22.8,1,5,2.0,162.57,84.46
11654,0,8.0,Phone,2,23,Credit Card,Male,1.1,5,Laptop & Accessory,4,Single,5,0,22.5,3,3,3.0,223.54,89.1
11655,1,1.0,Mobile Phone,1,29,Cash on Delivery,Male,2.3,2,Fashion,2,Married,9,1,16.0,0,7,1.0,216.02,43.91
11656,0,,Computer,2,25,UPI,Male,3.2,3,Laptop & Accessory,4,Single,4,0,,3,2,4.0,212.75,80.93
11657,1,14.0,Mobile Phone,2,17,Debit Card,Male,3.6,3,Fashion,4,Married,5,0,11.7,1,2,2.0,78.06,29.19
11658,0,,Computer,1,13,Credit Card,Male,2.8,1,Laptop & Accessory,3,Married,7,0,26.0,0,1,2.0,86.43,20.0
11659,0,9.0,Computer,2,17,E wallet,Male,1.9,6,Others,5,Single,7,0,14.5,4,1,7.0,172.12,51.52
11660,0,,Mobile Phone,3,18,Cash on Delivery,Male,4.7,1,Fashion,5,Single,6,0,17.1,1,2,0.0,206.76,105.7
11661,1,16.0,Mobile Phone,2,12,Credit Card,Male,3.6,2,Mobile Phone,4,Married,3,1,12.4,3,2,8.0,130.14,52.7
11662,0,13.0,Computer,3,18,Cash on Delivery,Male,3.5,1,Mobile Phone,1,Married,1,0,15.5,1,4,7.0,269.65,84.99
11663,0,45.0,Mobile Phone,2,17,UPI,Male,3.3,1,Fashion,2,Single,9,0,17.3,3,1,2.0,212.45,120.0
11664,0,12.0,Computer,1,31,UPI,Male,1.7,4,Fashion,3,Married,6,1,25.8,1,6,2.0,148.91,62.39
11665,0,61.0,Computer,1,27,UPI,Female,3.1,1,Laptop & Accessory,2,Married,3,0,14.5,0,3,1.0,346.81,118.17
11666,0,34.0,Phone,1,14,Debit Card,Female,0.2,6,Fashion,5,Single,1,0,,1,6,20.0,152.07,20.0
11667,1,4.0,Mobile Phone,2,26,Debit Card,Female,3.5,5,Grocery,2,Single,6,0,12.9,1,5,0.0,157.84,47.43
11668,0,48.0,Mobile Phone,1,6,UPI,Male,0.0,3,Grocery,3,Married,3,0,16.1,2,1,3.0,155.04,79.85
11669,1,2.0,Phone,2,16,Credit Card,Male,2.1,1,Laptop & Accessory,3,Married,1,0,17.1,3,3,4.0,182.51,60.98
11670,0,30.0,Phone,3,20,Debit Card,Female,3.0,2,Mobile Phone,4,Married,5,1,13.8,4,5,10.0,115.51,81.74
11671,0,8.0,Mobile Phone,2,11,E wallet,Female,3.3,4,Grocery,2,Married,1,0,16.4,0,1,6.0,224.23,35.4
11672,0,37.0,Phone,2,6,Credit Card,Male,1.5,4,Mobile Phone,3,Single,3,1,11.0,1,4,4.0,232.49,120.0
11673,0,,Phone,1,20,Cash on Delivery,Male,2.2,3,Grocery,3,Married,3,0,18.0,2,3,0.0,220.03,111.23
11674,0,29.0,Mobile Phone,3,26,Debit Card,Female,1.5,3,Fashion,5,Married,6,0,15.3,0,1,1.0,152.81,85.43
11675,0,28.0,Phone,1,10,Credit Card,Male,4.4,2,Laptop & Accessory,1,Single,4,0,11.7,1,2,0.0,153.08,34.87
11676,0,6.0,Mobile Phone,3,20,Debit Card,Male,2.2,2,Fashion,5,Single,8,0,14.3,3,3,8.0,216.79,65.56
11677,0,1.0,Mobile Phone,1,29,UPI,Male,2.9,6,Grocery,5,Divorced,3,0,22.8,3,2,5.0,192.94,96.75
11678,0,9.0,Mobile Phone,1,17,Credit Card,Male,3.3,6,Others,3,Single,8,0,14.4,1,3,5.0,131.89,47.63
11679,0,3.0,Phone,2,14,Credit Card,Female,3.8,2,Laptop & Accessory,4,Single,7,0,,1,3,4.0,58.55,110.78
11680,0,21.0,Mobile Phone,1,31,Debit Card,Male,3.6,4,Others,1,Married,2,0,17.5,2,3,2.0,156.31,77.35
11681,0,7.0,Mobile Phone,2,24,Debit Card,Male,3.7,4,Mobile Phone,5,Single,8,0,18.5,2,3,0.0,211.32,60.4
11682,0,61.0,Mobile Phone,2,13,UPI,Female,1.6,2,Laptop & Accessory,4,Married,1,0,11.0,0,2,1.0,209.69,94.09
11683,0,18.0,Mobile Phone,1,6,Credit Card,Female,3.5,1,Grocery,3,Married,9,0,11.0,4,1,0.0,89.13,40.85
11684,0,31.0,Computer,3,25,Debit Card,Male,,6,Fashion,3,Divorced,7,1,11.0,1,1,5.0,230.24,55.86
11685,1,2.0,Computer,1,20,Cash on Delivery,Male,3.5,1,Fashion,1,Single,6,0,18.6,4,4,0.0,291.06,48.48
11686,0,35.0,Computer,1,7,Credit Card,Female,4.5,2,Laptop & Accessory,5,Single,8,0,,2,2,4.0,158.93,20.0
11687,0,46.0,Mobile Phone,1,26,Cash on Delivery,Female,1.7,2,Laptop & Accessory,1,Single,9,0,16.3,3,1,4.0,167.79,20.0
11688,0,12.0,Computer,1,6,Credit Card,Male,1.3,4,Grocery,4,Single,8,0,14.3,1,2,2.0,148.61,38.22
11689,0,16.0,Phone,3,33,E wallet,Female,5.0,1,Mobile Phone,3,Married,6,1,11.0,6,4,0.0,158.81,43.12
11690,1,26.0,Mobile Phone,1,14,UPI,Male,2.3,6,Laptop & Accessory,5,Divorced,4,0,11.4,3,1,1.0,252.69,84.75
11691,0,3.0,Computer,2,29,Cash on Delivery,Male,3.7,3,Others,2,Single,9,0,16.3,1,4,1.0,132.94,54.08
11692,0,12.0,Mobile Phone,3,24,UPI,Male,1.1,3,Others,4,Single,8,1,14.0,4,3,4.0,194.53,84.13
11693,0,9.0,Mobile Phone,1,27,Debit Card,Female,4.1,5,Fashion,3,Divorced,8,0,16.1,1,3,0.0,163.5,20.0
11694,0,2.0,Mobile Phone,2,9,Debit Card,Male,4.3,6,Laptop & Accessory,4,Divorced,3,0,11.0,1,2,7.0,191.44,75.02
11695,1,8.0,Phone,2,12,Debit Card,Male,4.9,3,Others,1,Single,9,0,14.9,5,1,5.0,162.84,21.19
11696,1,1.0,Phone,2,16,Credit Card,Female,5.1,1,Laptop & Accessory,2,Divorced,7,0,,4,3,0.0,229.24,50.27
11697,1,,Computer,3,8,Cash on Delivery,Female,1.9,4,Laptop & Accessory,2,Married,1,1,11.0,0,1,5.0,242.46,93.78
11698,1,,Mobile Phone,3,18,Debit Card,Female,4.5,1,Others,4,Divorced,2,1,11.0,3,2,4.0,202.44,54.99
11699,0,59.0,Mobile Phone,1,27,E wallet,Female,3.6,1,Laptop & Accessory,2,Single,2,0,11.0,2,4,5.0,167.07,33.17
11700,1,14.0,Mobile Phone,1,31,UPI,Male,2.9,3,Fashion,4,Married,1,1,11.0,5,1,0.0,227.21,102.49
11701,0,60.0,Mobile Phone,1,19,Credit Card,Male,,2,Laptop & Accessory,2,Single,1,0,16.7,2,1,0.0,135.05,91.89
11702,0,10.0,Computer,2,25,Debit Card,Male,,5,Mobile Phone,5,Married,4,0,22.0,4,1,1.0,205.77,108.63
11703,1,6.0,Mobile Phone,2,7,E wallet,Female,1.9,3,Mobile Phone,5,Divorced,7,1,11.8,4,4,1.0,149.13,27.67
11704,0,12.0,Mobile Phone,3,28,Debit Card,Female,3.2,3,Mobile Phone,4,Single,6,0,11.1,5,1,6.0,192.9,20.0
11705,0,10.0,Computer,2,26,UPI,Male,4.4,3,Mobile Phone,3,Single,7,0,14.3,2,3,5.0,122.42,110.32
11706,0,2.0,Mobile Phone,3,19,Credit Card,Female,3.4,5,Laptop & Accessory,2,Single,8,0,13.4,0,4,10.0,251.03,26.14
11707,0,18.0,Computer,3,8,Credit Card,Male,,4,Laptop & Accessory,1,Married,8,0,11.0,0,1,0.0,104.59,64.76
11708,1,4.0,Mobile Phone,3,19,UPI,Male,3.1,6,Others,3,Married,3,1,18.2,2,3,0.0,172.28,61.47
11709,0,17.0,Phone,1,29,Cash on Delivery,Male,0.9,3,Laptop & Accessory,4,Married,7,0,13.2,2,2,4.0,91.38,45.18
11710,0,18.0,Computer,2,13,UPI,Male,2.5,4,Laptop & Accessory,4,Married,6,0,11.0,2,3,1.0,249.75,28.13
11711,0,2.0,Phone,1,22,Debit Card,Male,1.5,4,Laptop & Accessory,5,Married,8,0,11.6,3,2,1.0,273.25,54.06
11712,1,,Mobile Phone,2,30,Debit Card,Male,2.2,1,Fashion,3,Single,3,1,26.0,3,2,3.0,108.54,92.81
11713,0,27.0,Phone,3,17,Debit Card,Female,4.2,2,Laptop & Accessory,4,Married,9,1,19.6,3,2,0.0,199.46,47.81
11714,0,11.0,Mobile Phone,1,35,E wallet,Female,,5,Fashion,3,Single,5,0,13.0,0,2,,162.25,28.08
11715,0,1.0,Phone,1,13,UPI,Female,2.9,2,Mobile Phone,4,Married,2,1,11.0,2,4,1.0,210.72,67.66
11716,0,61.0,Mobile Phone,1,8,Credit Card,Female,5.0,4,Grocery,3,Married,4,0,11.0,2,3,4.0,274.58,20.0
11717,0,1.0,Phone,3,29,E wallet,Female,3.4,4,Mobile Phone,3,Married,7,0,15.5,4,2,7.0,203.12,73.99
11718,0,21.0,Mobile Phone,2,17,E wallet,Male,2.9,5,Grocery,3,Married,1,0,13.3,0,3,0.0,134.07,83.3
11719,0,61.0,Computer,2,14,Credit Card,Male,2.6,2,Fashion,4,Married,1,0,11.0,3,4,10.0,138.57,51.21
11720,0,4.0,Phone,2,12,Debit Card,Male,3.4,1,Others,5,Single,9,1,14.2,4,4,3.0,158.77,89.28
11721,1,2.0,Computer,2,18,Cash on Delivery,Male,4.6,2,Mobile Phone,3,Married,3,0,11.0,1,3,10.0,136.34,62.63
11722,0,2.0,Computer,3,20,Debit Card,Female,1.9,3,Others,1,Married,1,0,11.2,0,5,0.0,225.61,56.93
11723,1,6.0,Computer,2,30,Debit Card,Male,3.5,2,Fashion,3,Married,7,0,14.0,4,1,3.0,230.73,34.02
11724,1,1.0,Phone,2,34,Cash on Delivery,Female,1.5,4,Mobile Phone,4,Single,7,1,11.0,7,1,2.0,255.58,93.62
11725,0,21.0,Computer,3,23,Credit Card,Female,0.8,5,Mobile Phone,2,Married,2,0,11.0,0,2,5.0,154.51,50.7
11726,1,1.0,Mobile Phone,2,34,E wallet,Female,3.4,3,Grocery,4,Married,8,1,11.0,3,4,3.0,249.26,57.15
11727,0,,Mobile Phone,1,30,E wallet,Male,3.2,4,Others,5,Married,3,1,12.6,6,3,2.0,281.0,85.21
11728,0,,Computer,2,11,UPI,Male,0.7,2,Mobile Phone,5,Married,3,0,11.0,0,4,9.0,100.41,39.67
11729,0,30.0,Mobile Phone,3,16,Credit Card,Female,1.9,5,Others,2,Single,5,0,26.0,0,2,1.0,150.76,42.23
11730,0,17.0,Mobile Phone,1,35,Credit Card,Male,,3,Mobile Phone,5,Married,2,0,20.6,4,1,0.0,173.51,65.41
11731,0,6.0,Computer,1,17,Debit Card,Male,3.5,2,Grocery,4,Single,4,1,19.3,1,1,3.0,229.34,20.0
11732,0,,Mobile Phone,1,19,Credit Card,Female,4.7,3,Others,3,Married,2,0,11.0,4,4,,260.41,76.23
11733,0,,Mobile Phone,3,19,Debit Card,Male,,1,Laptop & Accessory,4,Single,9,0,11.0,2,2,2.0,76.17,64.02
11734,0,9.0,Computer,1,22,Cash on Delivery,Male,2.7,1,Laptop & Accessory,5,Married,6,0,11.0,3,3,2.0,139.83,20.0
11735,0,2.0,Phone,3,6,E wallet,Male,5.1,5,Fashion,3,Married,1,0,26.0,4,6,12.0,248.73,20.0
11736,0,39.0,Mobile Phone,2,18,UPI,Male,4.5,1,Fashion,3,Married,9,1,23.1,2,3,5.0,128.88,48.49
11737,0,10.0,Mobile Phone,3,24,Credit Card,Male,0.2,4,Grocery,3,Divorced,8,0,19.0,4,2,0.0,227.89,52.87
11738,0,3.0,Mobile Phone,2,30,Credit Card,Male,2.6,2,Fashion,4,Married,2,1,14.3,0,2,0.0,214.41,102.49
11739,1,8.0,Computer,3,11,Debit Card,Female,3.5,3,Grocery,2,Single,3,0,12.7,2,2,14.0,226.64,120.0
11740,0,9.0,Mobile Phone,3,24,Debit Card,Male,3.9,3,Laptop & Accessory,5,Single,7,0,18.0,1,5,,227.4,39.58
11741,0,31.0,Mobile Phone,1,6,E wallet,Male,4.3,6,Fashion,4,Divorced,4,1,24.6,1,3,9.0,154.4,39.4
11742,0,23.0,Phone,1,32,Debit Card,Female,0.9,1,Laptop & Accessory,4,Married,8,0,18.9,2,1,1.0,164.05,107.86
11743,0,26.0,Computer,2,6,Cash on Delivery,Female,3.2,3,Fashion,1,Divorced,1,1,11.0,1,5,5.0,159.27,76.28
11744,0,1.0,Computer,2,9,Credit Card,Male,3.3,3,Others,4,Married,4,0,11.0,2,3,5.0,193.52,120.0
11745,1,9.0,Mobile Phone,2,7,Cash on Delivery,Male,4.4,2,Laptop & Accessory,2,Single,1,0,17.8,3,3,1.0,52.13,58.56
11746,0,,Mobile Phone,1,7,Debit Card,Male,3.6,5,Laptop & Accessory,1,Single,7,0,11.0,3,2,3.0,208.95,94.54
11747,0,1.0,Mobile Phone,3,35,Cash on Delivery,Female,3.6,6,Mobile Phone,4,Single,9,1,12.2,2,2,3.0,283.35,120.0
11748,1,5.0,Computer,1,5,UPI,Male,3.4,3,Mobile Phone,3,Single,1,1,24.1,2,4,2.0,191.84,28.11
11749,0,25.0,Mobile Phone,1,23,E wallet,Male,3.0,1,Mobile Phone,4,Single,8,0,13.1,0,3,7.0,172.66,36.12
11750,1,2.0,Mobile Phone,3,35,UPI,Male,4.4,1,Mobile Phone,1,Married,6,0,11.0,3,6,7.0,184.41,77.61
11751,0,13.0,Phone,1,24,UPI,Male,1.8,6,Laptop & Accessory,3,Married,6,0,26.0,2,1,7.0,211.84,63.6
11752,0,4.0,Mobile Phone,3,16,Debit Card,Female,4.5,5,Others,2,Single,8,0,21.5,1,3,6.0,248.6,69.7
11753,1,1.0,Computer,1,26,Debit Card,Male,,3,Mobile Phone,5,Single,1,1,14.6,4,4,2.0,175.93,42.1
11754,0,,Computer,3,31,E wallet,Male,2.3,3,Mobile Phone,4,Single,9,0,15.0,3,2,1.0,169.99,64.04
11755,0,61.0,Mobile Phone,3,10,Debit Card,Male,2.8,3,Mobile Phone,4,Single,6,1,11.0,2,2,7.0,97.56,54.03
11756,0,29.0,Computer,2,32,E wallet,Male,2.8,5,Laptop & Accessory,3,Married,3,0,12.6,3,2,2.0,182.82,81.17
11757,1,57.0,Mobile Phone,2,25,Credit Card,Male,5.2,1,Laptop & Accessory,1,Single,1,1,11.0,0,2,1.0,107.89,93.14
11758,0,12.0,Mobile Phone,1,24,Credit Card,Male,1.5,3,Laptop & Accessory,5,Married,4,0,15.6,3,1,,147.16,20.0
11759,0,2.0,Mobile Phone,3,10,Cash on Delivery,Male,,6,Mobile Phone,3,Single,5,0,24.8,3,5,,232.65,103.02
11760,0,14.0,Computer,1,17,Credit Card,Male,1.7,3,Fashion,3,Married,4,1,17.6,1,2,4.0,241.25,65.84
11761,0,10.0,Phone,3,33,UPI,Female,2.7,6,Laptop & Accessory,4,Married,7,0,26.0,2,2,1.0,207.8,93.45
11762,1,33.0,Mobile Phone,3,25,Cash on Delivery,Female,,6,Mobile Phone,1,Married,6,1,11.0,0,1,1.0,252.87,59.76
11763,1,1.0,Phone,2,14,UPI,Male,0.1,4,Fashion,5,Single,5,1,11.0,5,6,12.0,81.0,97.64
11764,0,12.0,Phone,3,5,Debit Card,Male,2.2,2,Laptop & Accessory,4,Married,3,0,22.5,3,2,6.0,277.68,91.27
11765,1,2.0,Mobile Phone,2,20,Credit Card,Female,1.6,5,Mobile Phone,3,Married,9,0,,2,2,6.0,129.07,77.38
11766,0,7.0,Mobile Phone,1,18,Debit Card,Female,4.2,2,Fashion,1,Married,3,0,17.8,2,3,3.0,198.05,66.34
11767,0,24.0,Mobile Phone,1,32,Credit Card,Female,3.8,5,Fashion,2,Single,3,0,14.8,3,5,,140.07,80.56
11768,0,11.0,Mobile Phone,2,22,Credit Card,Female,3.4,2,Fashion,5,Single,3,0,16.2,1,1,5.0,198.6,120.0
11769,0,8.0,Mobile Phone,2,18,UPI,Male,0.9,4,Grocery,4,Single,8,0,19.1,3,6,3.0,181.07,98.17
11770,1,9.0,Computer,1,29,UPI,Male,4.7,2,Laptop & Accessory,2,Divorced,2,0,16.5,3,5,12.0,248.25,84.73
11771,0,,Computer,1,14,UPI,Male,2.0,3,Fashion,1,Divorced,4,0,,0,6,0.0,327.9,48.46
11772,0,27.0,Mobile Phone,3,24,UPI,Male,4.0,2,Fashion,4,Single,8,0,26.0,1,5,11.0,232.91,46.37
11773,0,40.0,Mobile Phone,2,26,UPI,Male,3.7,2,Laptop & Accessory,4,Single,1,0,15.6,1,3,2.0,172.83,42.73
11774,0,55.0,Mobile Phone,3,9,UPI,Male,2.0,1,Mobile Phone,3,Single,3,0,13.8,1,3,3.0,271.97,27.96
11775,0,27.0,Mobile Phone,3,6,UPI,Female,3.4,5,Mobile Phone,3,Single,4,0,12.9,2,2,0.0,78.18,90.36
11776,0,6.0,Computer,3,21,Credit Card,Male,3.1,2,Mobile Phone,2,Married,6,0,17.0,0,3,3.0,145.17,69.07
11777,0,20.0,Mobile Phone,2,5,UPI,Female,,6,Mobile Phone,4,Married,2,0,13.5,1,6,3.0,166.15,75.56
11778,0,10.0,Mobile Phone,2,5,UPI,Male,2.2,3,Fashion,5,Divorced,7,0,11.0,0,5,24.0,163.36,20.0
11779,1,5.0,Mobile Phone,2,10,E wallet,Male,3.2,3,Mobile Phone,2,Divorced,3,0,13.5,1,2,14.0,135.66,42.3
11780,0,33.0,Mobile Phone,3,30,Debit Card,Female,1.8,5,Laptop & Accessory,4,Single,8,1,11.0,3,1,13.0,221.76,61.21
11781,0,1.0,Computer,3,11,Debit Card,Female,4.5,4,Laptop & Accessory,3,Married,2,0,16.6,1,7,1.0,179.87,29.55
11782,0,41.0,Computer,3,11,Cash on Delivery,Male,2.9,5,Fashion,3,Married,9,0,14.8,2,4,18.0,171.8,29.99
11783,1,11.0,Computer,3,35,Debit Card,Male,1.9,3,Others,3,Married,4,1,,4,2,2.0,264.56,36.15
11784,1,18.0,Computer,3,29,Debit Card,Male,3.7,4,Mobile Phone,5,Single,8,1,20.6,1,3,7.0,153.22,80.25
11785,0,19.0,Mobile Phone,3,20,UPI,Male,4.3,4,Laptop & Accessory,3,Divorced,4,0,14.6,3,5,0.0,241.66,20.0
11786,0,40.0,Phone,3,23,UPI,Female,,1,Grocery,4,Married,6,0,12.7,4,2,2.0,163.56,59.93
11787,1,18.0,Mobile Phone,3,34,Cash on Delivery,Male,5.5,6,Grocery,3,Single,8,0,12.8,1,2,13.0,164.85,110.6
11788,1,,Mobile Phone,2,13,Debit Card,Male,4.8,2,Grocery,2,Married,5,0,12.7,3,3,11.0,134.37,96.86
11789,1,1.0,Mobile Phone,2,5,Credit Card,Male,3.1,6,Mobile Phone,1,Single,6,1,18.0,1,5,4.0,92.68,98.73
11790,0,13.0,Computer,2,22,UPI,Male,2.5,6,Laptop & Accessory,4,Married,2,0,11.0,1,3,6.0,140.32,54.54
11791,1,2.0,Mobile Phone,2,35,Cash on Delivery,Male,1.4,1,Laptop & Accessory,2,Single,4,1,15.4,3,3,0.0,73.42,120.0
11792,0,24.0,Computer,3,11,Cash on Delivery,Male,1.7,2,Others,4,Single,5,0,12.0,1,2,5.0,195.35,47.9
11793,0,12.0,Mobile Phone,1,32,Debit Card,Male,0.7,1,Grocery,3,Single,1,1,11.1,2,4,3.0,161.1,78.53
11794,0,20.0,Mobile Phone,2,22,Credit Card,Male,3.7,4,Fashion,3,Divorced,7,0,17.8,1,7,0.0,245.05,80.83
11795,1,1.0,Computer,2,14,Cash on Delivery,Female,2.9,2,Laptop & Accessory,3,Divorced,6,0,11.0,2,1,0.0,136.5,32.09
11796,0,1.0,Mobile Phone,3,31,Debit Card,Male,2.4,3,Laptop & Accessory,3,Married,4,0,18.1,3,3,0.0,164.54,20.0
11797,1,22.0,Phone,2,24,Credit Card,Male,0.0,4,Laptop & Accessory,2,Married,4,0,16.9,2,3,5.0,253.07,91.45
11798,0,1.0,Mobile Phone,1,6,E wallet,Female,3.6,5,Fashion,3,Divorced,3,0,23.0,2,3,0.0,233.4,37.34
11799,1,1.0,Mobile Phone,2,15,UPI,Female,2.9,4,Others,4,Single,1,1,11.0,2,2,2.0,188.18,62.23
11800,1,1.0,Phone,2,22,Cash on Delivery,Male,3.0,3,Fashion,4,Married,6,0,21.1,2,1,1.0,117.91,76.97
11801,0,56.0,Mobile Phone,3,15,Cash on Delivery,Female,3.0,1,Grocery,3,Married,5,1,13.2,0,4,3.0,215.21,64.33
11802,1,24.0,Mobile Phone,3,18,Cash on Delivery,Female,4.2,2,Grocery,3,Married,6,0,11.0,3,4,4.0,162.71,85.31
11803,0,7.0,Phone,1,17,E wallet,Female,1.0,1,Laptop & Accessory,2,Married,1,0,11.0,1,6,4.0,148.8,78.98
11804,1,6.0,Mobile Phone,1,5,Cash on Delivery,Female,5.8,6,Fashion,2,Married,2,1,18.1,3,3,2.0,259.88,81.19
11805,0,7.0,Computer,3,29,E wallet,Male,1.4,1,Fashion,1,Single,7,0,14.5,1,3,2.0,267.98,76.2
11806,0,26.0,Phone,2,14,Debit Card,Male,2.7,2,Mobile Phone,5,Married,9,0,23.1,0,3,2.0,126.8,21.35
11807,0,19.0,Mobile Phone,1,19,Credit Card,Female,0.0,1,Fashion,2,Divorced,6,0,13.0,3,3,7.0,282.96,65.81
11808,0,3.0,Computer,3,23,UPI,Male,3.2,6,Laptop & Accessory,2,Married,6,0,14.8,2,6,1.0,174.62,79.39
11809,1,,Computer,3,35,Cash on Delivery,Male,2.6,3,Grocery,3,Married,5,1,13.9,0,5,1.0,226.96,120.0
11810,0,1.0,Mobile Phone,3,33,Debit Card,Female,3.0,6,Mobile Phone,2,Single,5,0,11.0,3,5,5.0,289.88,77.16
11811,1,19.0,Computer,1,21,Debit Card,Female,3.4,5,Mobile Phone,4,Married,6,0,14.8,2,3,1.0,170.23,59.73
11812,0,26.0,Computer,1,35,Debit Card,Female,2.4,2,Grocery,1,Divorced,2,1,13.7,0,4,7.0,195.72,85.14
11813,1,5.0,Mobile Phone,1,14,Debit Card,Male,4.9,1,Grocery,2,Single,6,0,15.5,1,2,1.0,223.41,44.71
11814,0,1.0,Mobile Phone,1,26,Debit Card,Male,2.4,2,Grocery,4,Married,4,0,15.4,4,1,4.0,274.82,107.49
11815,1,,Mobile Phone,3,12,Cash on Delivery,Male,3.6,6,Mobile Phone,3,Married,3,1,15.0,2,1,0.0,181.2,62.45
11816,0,61.0,Phone,1,27,Credit Card,Female,1.9,1,Others,4,Divorced,7,0,15.6,3,3,1.0,228.56,58.03
11817,0,6.0,Mobile Phone,1,11,UPI,Male,4.2,3,Fashion,4,Married,5,1,21.6,4,1,1.0,133.54,21.83
11818,0,26.0,Mobile Phone,1,22,Debit Card,Male,1.7,4,Mobile Phone,3,Married,3,0,11.0,2,4,6.0,91.11,50.98
11819,1,17.0,Mobile Phone,1,31,Cash on Delivery,Male,2.7,5,Mobile Phone,4,Single,8,1,11.0,2,2,13.0,139.29,62.53
11820,1,8.0,Mobile Phone,1,8,E wallet,Female,2.2,5,Laptop & Accessory,2,Married,5,1,23.5,0,6,2.0,139.13,116.81
11821,0,4.0,Mobile Phone,3,10,Cash on Delivery,Female,3.4,2,Laptop & Accessory,4,Single,3,0,,1,4,6.0,238.51,53.01
11822,1,2.0,Mobile Phone,3,6,E wallet,Male,1.9,5,Fashion,3,Divorced,9,0,16.6,1,2,4.0,175.59,62.75
11823,1,17.0,Computer,2,17,Cash on Delivery,Female,2.2,1,Mobile Phone,3,Married,2,0,26.0,5,5,13.0,143.35,85.87
11824,0,26.0,Computer,1,25,Credit Card,Female,2.8,6,Laptop & Accessory,4,Single,3,0,17.9,2,1,6.0,126.76,40.07
11825,0,18.0,Mobile Phone,3,16,UPI,Female,2.5,3,Laptop & Accessory,5,Divorced,3,0,26.0,3,7,0.0,154.94,50.6
11826,0,13.0,Mobile Phone,3,9,UPI,Male,3.0,6,Grocery,5,Married,1,0,23.8,5,2,4.0,235.03,103.81
11827,0,1.0,Mobile Phone,3,23,Debit Card,Male,2.0,3,Laptop & Accessory,4,Married,7,0,24.8,4,1,3.0,126.6,20.0
11828,0,61.0,Mobile Phone,2,6,Cash on Delivery,Female,2.1,6,Mobile Phone,3,Divorced,6,1,11.0,1,5,,172.36,44.27
11829,0,28.0,Mobile Phone,1,15,UPI,Male,3.0,2,Others,2,Married,6,0,19.0,2,3,1.0,157.07,76.02
11830,1,6.0,Mobile Phone,3,27,Cash on Delivery,Male,4.7,1,Mobile Phone,3,Divorced,6,0,14.5,1,1,10.0,201.25,76.81
11831,0,61.0,Mobile Phone,2,12,UPI,Female,2.6,5,Fashion,3,Single,7,0,11.0,3,6,10.0,290.46,120.0
11832,0,16.0,Mobile Phone,2,8,UPI,Female,3.9,1,Laptop & Accessory,3,Single,6,0,23.0,2,5,6.0,140.88,70.03
11833,0,15.0,Mobile Phone,1,8,Debit Card,Female,3.5,5,Fashion,5,Divorced,9,0,22.2,1,4,16.0,199.04,47.13
11834,0,24.0,Mobile Phone,1,15,UPI,Male,,1,Mobile Phone,3,Married,5,0,14.1,2,4,6.0,179.08,52.23
11835,0,30.0,Mobile Phone,2,18,UPI,Male,3.9,5,Grocery,3,Married,1,1,,2,3,0.0,152.03,98.85
11836,0,19.0,Mobile Phone,1,13,Credit Card,Male,2.9,5,Fashion,3,Married,1,1,15.3,1,4,1.0,183.02,44.47
11837,0,2.0,Computer,2,24,Cash on Delivery,Male,4.2,3,Grocery,5,Married,1,0,11.0,2,2,0.0,289.19,59.19
11838,1,7.0,Mobile Phone,3,30,UPI,Male,6.0,4,Grocery,4,Single,2,0,11.0,0,3,0.0,175.86,92.5
11839,0,47.0,Mobile Phone,3,18,E wallet,Male,3.0,4,Laptop & Accessory,4,Single,4,0,13.2,0,1,0.0,175.85,55.79
11840,0,,Computer,1,32,UPI,Male,4.4,6,Others,3,Divorced,6,0,18.7,0,3,2.0,157.27,82.79
11841,0,8.0,Mobile Phone,3,7,Credit Card,Male,4.2,2,Laptop & Accessory,5,Married,7,0,13.9,1,3,7.0,204.92,20.0
11842,1,10.0,Mobile Phone,1,31,Credit Card,Female,2.5,6,Laptop & Accessory,1,Single,5,0,11.7,3,2,7.0,120.01,35.0
11843,0,10.0,Mobile Phone,3,17,Cash on Delivery,Female,2.4,4,Mobile Phone,5,Divorced,7,0,11.0,2,3,3.0,187.29,48.5
11844,1,17.0,Phone,3,18,Credit Card,Male,1.4,2,Mobile Phone,4,Divorced,2,1,26.0,4,3,10.0,206.75,21.89
11845,0,51.0,Mobile Phone,2,21,UPI,Male,4.4,3,Laptop & Accessory,3,Married,6,0,11.0,2,1,2.0,129.11,31.14
11846,0,4.0,Computer,2,7,Cash on Delivery,Male,1.9,2,Mobile Phone,3,Married,3,0,11.0,2,1,8.0,275.87,45.65
11847,0,2.0,Computer,2,19,E wallet,Male,2.3,4,Others,4,Divorced,9,0,11.5,0,1,2.0,273.67,120.0
11848,1,3.0,Computer,2,25,Cash on Delivery,Female,5.3,5,Fashion,1,Single,4,1,,3,2,1.0,314.86,76.87
11849,0,39.0,Computer,3,33,Debit Card,Female,2.4,2,Laptop & Accessory,5,Married,5,1,15.6,3,2,9.0,214.28,89.79
11850,0,18.0,Mobile Phone,3,6,Debit Card,Female,5.0,4,Others,3,Married,5,0,11.0,1,1,1.0,204.94,85.3
11851,0,6.0,Computer,1,25,Credit Card,Female,5.3,4,Laptop & Accessory,3,Married,2,0,16.2,2,3,2.0,175.32,20.0
11852,0,30.0,Computer,3,29,E wallet,Male,1.9,5,Mobile Phone,2,Married,4,0,21.7,3,3,1.0,184.09,68.82
11853,0,35.0,Computer,3,14,Credit Card,Female,3.9,1,Mobile Phone,3,Married,7,0,16.2,2,1,4.0,235.62,49.32
11854,0,33.0,Computer,3,31,UPI,Male,3.6,4,Grocery,3,Single,2,0,15.9,3,2,21.0,181.03,20.0
11855,0,45.0,Mobile Phone,3,26,Credit Card,Male,4.0,3,Fashion,3,Married,5,0,15.9,2,2,0.0,170.95,78.67
11856,1,5.0,Mobile Phone,2,19,UPI,Male,4.4,6,Fashion,4,Single,5,0,11.0,1,6,9.0,213.54,20.0
11857,0,25.0,Phone,1,23,Debit Card,Female,0.8,5,Fashion,3,Single,5,0,17.7,2,4,0.0,142.42,64.51
11858,0,11.0,Phone,2,25,Debit Card,Male,3.7,1,Grocery,5,Married,7,0,21.3,5,2,1.0,274.82,55.91
11859,0,33.0,Mobile Phone,1,16,UPI,Male,3.8,5,Laptop & Accessory,4,Married,7,1,23.1,1,5,0.0,180.5,38.42
11860,0,23.0,Phone,1,21,Credit Card,Female,2.4,6,Others,5,Single,8,0,17.6,2,2,5.0,225.89,93.9
11861,0,26.0,Mobile Phone,2,20,Cash on Delivery,Female,4.1,2,Fashion,2,Married,1,0,15.1,0,5,0.0,131.9,59.24
11862,0,19.0,Mobile Phone,1,12,Debit Card,Female,4.5,4,Grocery,3,Single,3,0,26.0,5,3,3.0,177.39,71.72
11863,0,3.0,Computer,2,29,Credit Card,Female,2.4,4,Fashion,3,Single,1,0,15.7,2,2,1.0,156.38,85.35
11864,0,14.0,Computer,3,9,Credit Card,Female,1.4,5,Grocery,4,Single,7,0,12.1,4,2,0.0,158.91,89.47
11865,0,61.0,Computer,3,29,E wallet,Female,5.2,2,Fashion,5,Single,5,0,11.0,1,4,5.0,111.75,68.39
11866,0,49.0,Computer,1,28,Cash on Delivery,Female,2.0,6,Laptop & Accessory,1,Married,2,0,11.0,3,3,0.0,243.38,38.05
11867,1,1.0,Computer,2,19,UPI,Female,1.4,5,Grocery,1,Married,2,0,12.0,2,4,1.0,209.07,62.03
11868,0,,Phone,3,12,Credit Card,Male,3.2,3,Laptop & Accessory,5,Married,7,0,26.0,1,7,1.0,94.87,87.75
11869,0,2.0,Computer,2,22,Credit Card,Female,0.3,4,Fashion,2,Divorced,5,0,11.0,1,4,3.0,167.25,46.68
11870,0,23.0,Mobile Phone,1,25,Credit Card,Male,3.1,4,Laptop & Accessory,4,Single,4,0,24.2,2,5,4.0,166.95,79.0
11871,1,30.0,Computer,1,32,E wallet,Female,,3,Laptop & Accessory,4,Married,8,0,13.8,2,1,0.0,203.93,45.66
11872,0,4.0,Computer,3,12,Credit Card,Female,2.3,1,Laptop & Accessory,5,Divorced,3,0,21.3,3,2,1.0,171.29,89.47
11873,0,12.0,Phone,2,23,Debit Card,Male,3.6,6,Grocery,2,Single,3,0,11.0,2,4,2.0,245.22,62.51
11874,0,33.0,Mobile Phone,2,21,Credit Card,Female,3.6,4,Mobile Phone,2,Married,8,0,14.9,0,1,1.0,237.84,33.22
11875,0,23.0,Mobile Phone,2,34,Debit Card,Male,3.6,6,Mobile Phone,4,Single,2,0,,1,3,8.0,312.41,120.0
11876,1,14.0,Mobile Phone,3,31,Debit Card,Male,2.5,5,Fashion,5,Divorced,3,1,15.1,2,1,6.0,50.0,69.17
11877,0,16.0,Phone,3,8,Credit Card,Female,3.0,1,Grocery,3,Married,4,1,19.7,3,2,3.0,262.04,20.0
11878,0,12.0,Phone,1,8,UPI,Male,3.2,1,Grocery,3,Married,3,0,20.8,1,2,1.0,227.69,37.24
11879,1,6.0,Mobile Phone,2,30,Credit Card,Female,3.1,5,Fashion,4,Divorced,8,1,15.0,2,3,4.0,169.49,105.87
11880,1,,Computer,2,24,Cash on Delivery,Female,2.8,6,Fashion,5,Married,6,0,12.8,3,3,7.0,164.6,89.89
11881,0,21.0,Mobile Phone,1,24,Debit Card,Female,,3,Fashion,5,Single,3,1,15.5,3,3,3.0,174.7,101.51
11882,0,37.0,Computer,2,13,Debit Card,Male,3.4,1,Grocery,5,Single,7,0,11.6,1,3,6.0,194.87,54.8
11883,0,18.0,Mobile Phone,1,31,Debit Card,Female,3.5,4,Mobile Phone,1,Married,4,0,11.6,5,2,5.0,147.55,88.9
11884,0,25.0,Phone,1,18,E wallet,Female,1.5,2,Laptop & Accessory,2,Married,3,0,12.6,1,3,3.0,83.78,56.83
11885,0,3.0,Mobile Phone,1,5,Debit Card,Female,5.8,1,Laptop & Accessory,4,Divorced,2,0,16.4,1,1,1.0,148.82,75.52
11886,0,11.0,Computer,1,13,E wallet,Male,4.1,3,Fashion,5,Married,8,1,23.6,0,3,5.0,164.05,26.35
11887,1,1.0,Mobile Phone,2,27,E wallet,Male,3.4,5,Laptop & Accessory,3,Married,8,1,,2,3,0.0,214.21,56.95
11888,0,5.0,Phone,1,17,Debit Card,Female,5.1,4,Laptop & Accessory,2,Married,2,0,13.1,2,5,6.0,108.72,20.0
11889,0,23.0,Computer,2,34,Credit Card,Female,1.6,2,Others,4,Single,9,0,11.0,2,6,6.0,218.56,61.69
11890,0,61.0,Mobile Phone,3,25,Credit Card,Female,1.7,1,Mobile Phone,1,Single,7,1,11.0,5,1,6.0,107.72,38.94
11891,0,1.0,Mobile Phone,2,22,Debit Card,Female,,3,Others,3,Married,6,0,11.0,2,2,2.0,203.83,70.88
11892,0,9.0,Computer,3,34,Credit Card,Male,4.5,2,Fashion,4,Married,3,0,19.4,1,5,0.0,213.14,31.6
11893,0,28.0,Mobile Phone,1,14,UPI,Female,0.8,2,Mobile Phone,4,Married,3,0,11.0,5,3,0.0,172.18,62.22
11894,0,4.0,Computer,1,32,Credit Card,Female,1.8,4,Laptop & Accessory,4,Divorced,4,0,11.0,2,3,5.0,182.77,120.0
11895,0,14.0,Computer,3,30,Credit Card,Male,1.2,4,Grocery,3,Married,9,0,,1,3,8.0,221.85,59.31
11896,0,23.0,Mobile Phone,3,35,Cash on Delivery,Female,4.2,1,Others,4,Single,8,0,19.1,4,1,4.0,145.08,46.74
11897,0,17.0,Phone,1,30,Debit Card,Male,3.1,1,Laptop & Accessory,4,Married,2,0,,0,1,0.0,198.53,68.34
11898,0,3.0,Mobile Phone,2,8,E wallet,Female,3.6,2,Fashion,4,Divorced,5,0,16.8,0,1,,158.95,20.0
11899,1,7.0,Phone,2,31,Debit Card,Male,1.8,3,Fashion,4,Single,6,1,11.0,1,3,18.0,273.01,53.12
11900,0,27.0,Mobile Phone,2,19,E wallet,Male,3.3,2,Others,3,Divorced,5,0,14.4,3,4,2.0,212.59,63.04
11901,1,14.0,Phone,2,8,Credit Card,Female,1.1,6,Fashion,1,Single,1,0,17.2,2,3,3.0,117.35,70.88
11902,1,1.0,Computer,1,24,Credit Card,Female,4.0,3,Laptop & Accessory,2,Married,9,0,19.2,2,2,6.0,289.07,96.81
11903,0,25.0,Computer,1,15,E wallet,Female,5.2,4,Fashion,2,Married,6,0,17.4,1,3,5.0,240.11,76.84
11904,0,1.0,Computer,1,16,E wallet,Female,0.3,3,Fashion,4,Married,5,0,11.0,1,1,13.0,107.61,30.58
11905,0,24.0,Computer,1,17,Debit Card,Male,4.7,3,Mobile Phone,5,Divorced,6,0,16.8,3,1,0.0,88.42,20.0
11906,0,4.0,Computer,1,6,Credit Card,Female,2.9,4,Fashion,4,Married,3,0,26.0,3,1,3.0,106.33,95.13
11907,0,57.0,Phone,1,12,Credit Card,Male,3.4,5,Others,4,Single,9,0,17.4,3,3,4.0,121.07,46.61
11908,1,8.0,Mobile Phone,1,8,UPI,Male,,6,Grocery,3,Married,4,0,11.0,1,3,8.0,189.08,73.69
11909,0,7.0,Computer,1,13,Debit Card,Female,1.7,2,Grocery,3,Single,6,0,11.0,1,3,8.0,184.93,110.07
11910,1,2.0,Mobile Phone,2,6,Credit Card,Female,5.0,1,Laptop & Accessory,3,Divorced,6,0,11.9,0,5,,224.09,73.26
11911,0,6.0,Mobile Phone,1,27,Debit Card,Female,2.2,3,Laptop & Accessory,2,Single,2,0,11.0,0,5,2.0,161.35,20.0
11912,1,37.0,Mobile Phone,3,9,Debit Card,Female,4.9,1,Fashion,1,Single,9,0,15.6,3,5,7.0,164.36,74.8
11913,0,61.0,Mobile Phone,2,9,Debit Card,Male,4.0,6,Laptop & Accessory,4,Single,2,0,12.9,3,3,2.0,186.75,57.64
11914,0,8.0,Computer,3,27,UPI,Male,2.7,1,Fashion,5,Divorced,5,1,13.2,7,1,2.0,247.55,22.94
11915,1,10.0,Mobile Phone,2,35,E wallet,Female,5.1,2,Mobile Phone,2,Divorced,2,0,14.3,0,2,1.0,66.45,94.02
11916,1,23.0,Phone,1,8,Cash on Delivery,Male,3.0,5,Laptop & Accessory,1,Single,9,1,11.0,2,2,6.0,164.61,75.37
11917,1,39.0,Mobile Phone,3,23,Debit Card,Female,4.6,5,Laptop & Accessory,4,Married,2,1,20.1,4,1,17.0,259.12,120.0
11918,0,16.0,Computer,1,13,Cash on Delivery,Male,4.5,6,Laptop & Accessory,3,Married,8,0,16.1,4,2,1.0,184.07,65.98
11919,1,,Mobile Phone,1,16,Cash on Delivery,Female,1.5,6,Fashion,5,Married,1,0,11.8,1,2,0.0,162.31,43.57
11920,0,9.0,Computer,1,7,Cash on Delivery,Male,2.1,5,Mobile Phone,4,Single,3,0,17.7,4,1,6.0,131.12,75.67
11921,0,21.0,Phone,2,9,Credit Card,Male,2.8,5,Laptop & Accessory,5,Single,7,0,17.1,2,2,,234.15,56.42
11922,0,1.0,Mobile Phone,2,6,Debit Card,Male,2.8,4,Laptop & Accessory,3,Single,6,0,11.0,1,2,12.0,151.12,103.75
11923,0,17.0,Phone,1,27,Credit Card,Male,3.6,1,Fashion,4,Married,2,0,14.0,1,4,1.0,150.65,68.06
11924,0,7.0,Mobile Phone,2,17,Debit Card,Female,1.0,1,Grocery,3,Married,9,0,14.0,1,1,0.0,261.82,45.46
11925,0,28.0,Mobile Phone,3,32,Credit Card,Female,2.9,6,Fashion,4,Divorced,2,0,11.5,3,7,2.0,117.19,71.04
11926,1,1.0,Mobile Phone,3,31,Credit Card,Male,3.7,6,Mobile Phone,3,Married,6,1,11.0,1,5,0.0,277.88,74.49
11927,1,15.0,Computer,1,11,Debit Card,Female,4.0,6,Mobile Phone,2,Single,1,0,11.3,1,2,1.0,190.14,71.71
11928,0,11.0,Mobile Phone,1,32,UPI,Male,2.3,4,Mobile Phone,4,Single,3,1,22.6,1,1,0.0,181.47,56.49
11929,1,18.0,Mobile Phone,2,25,Debit Card,Female,1.8,2,Others,4,Single,5,1,11.1,1,2,1.0,197.12,67.8
11930,0,1.0,Mobile Phone,1,12,Cash on Delivery,Male,2.6,3,Laptop & Accessory,5,Divorced,7,1,20.4,3,4,0.0,181.25,48.05
11931,1,15.0,Phone,2,29,E wallet,Male,3.7,5,Mobile Phone,4,Single,3,1,14.8,1,1,,148.32,72.35
11932,0,14.0,Computer,2,33,Credit Card,Male,1.6,5,Mobile Phone,4,Single,9,0,16.0,3,3,1.0,200.65,37.35
11933,0,14.0,Mobile Phone,1,24,Credit Card,Female,2.7,4,Fashion,2,Single,4,0,11.0,2,8,2.0,150.61,41.55
11934,0,16.0,Phone,2,15,Debit Card,Male,2.5,5,Fashion,4,Married,9,0,22.0,1,2,9.0,205.68,120.0
11935,0,20.0,Computer,3,16,UPI,Male,,4,Fashion,4,Single,3,0,26.0,2,3,4.0,318.75,49.36
11936,1,29.0,Computer,2,22,Debit Card,Female,1.1,3,Others,5,Married,3,1,11.0,4,2,3.0,219.61,76.91
11937,0,5.0,Mobile Phone,3,22,Cash on Delivery,Female,4.8,1,Laptop & Accessory,5,Divorced,4,1,22.8,1,2,4.0,168.68,20.0
11938,1,31.0,Computer,2,31,E wallet,Male,4.0,5,Laptop & Accessory,1,Single,2,0,11.0,1,4,7.0,195.33,54.63
11939,0,12.0,Computer,3,35,Cash on Delivery,Female,4.2,2,Grocery,5,Single,5,0,14.7,1,9,8.0,160.81,91.69
11940,1,1.0,Computer,3,33,UPI,Male,2.6,4,Laptop & Accessory,1,Married,9,0,11.0,2,3,4.0,168.97,76.71
11941,1,,Mobile Phone,2,20,Credit Card,Male,3.2,6,Others,3,Single,8,0,17.3,0,5,,173.3,20.0
11942,1,7.0,Mobile Phone,1,24,E wallet,Female,3.7,3,Grocery,4,Married,8,0,13.8,0,3,3.0,208.52,45.62
11943,0,27.0,Mobile Phone,1,26,Debit Card,Male,4.9,2,Fashion,2,Married,8,0,14.7,3,1,1.0,234.41,93.15
11944,0,22.0,Mobile Phone,3,10,Debit Card,Female,3.5,1,Fashion,4,Married,8,1,22.9,2,2,8.0,306.55,30.54
11945,0,27.0,Phone,2,22,Debit Card,Male,2.2,2,Grocery,1,Single,6,0,22.5,1,2,3.0,218.91,80.03
11946,1,,Computer,2,21,Credit Card,Male,3.8,4,Fashion,2,Married,7,1,14.0,1,5,9.0,114.19,72.52
11947,0,10.0,Computer,2,22,Cash on Delivery,Female,0.0,5,Mobile Phone,4,Married,5,0,21.6,0,5,0.0,103.14,20.0
11948,1,2.0,Computer,2,28,UPI,Male,1.9,1,Fashion,4,Married,6,1,21.9,2,2,2.0,175.97,86.36
11949,0,7.0,Mobile Phone,2,25,UPI,Male,3.1,4,Mobile Phone,5,Divorced,3,0,21.7,2,2,11.0,240.03,88.14
11950,0,10.0,Computer,2,7,UPI,Male,3.8,3,Fashion,4,Married,5,1,15.9,5,6,,167.52,62.29
11951,0,1.0,Mobile Phone,3,13,Credit Card,Female,3.8,2,Laptop & Accessory,4,Married,3,0,17.0,0,2,11.0,168.45,73.05
11952,0,4.0,Computer,1,32,Debit Card,Male,2.5,2,Mobile Phone,3,Single,5,0,13.3,0,6,12.0,233.99,43.09
11953,1,16.0,Computer,3,32,Debit Card,Male,2.8,1,Laptop & Accessory,1,Single,1,0,26.0,2,3,8.0,178.39,57.21
11954,0,23.0,Mobile Phone,2,11,Debit Card,Male,2.6,1,Others,2,Married,1,1,17.4,3,2,3.0,242.06,71.24
11955,0,61.0,Mobile Phone,1,28,Debit Card,Male,3.8,3,Fashion,4,Married,6,0,14.5,0,3,4.0,89.71,96.11
11956,0,48.0,Mobile Phone,1,26,Cash on Delivery,Female,3.6,3,Fashion,4,Married,8,0,18.0,0,2,8.0,208.6,78.75
11957,0,18.0,Mobile Phone,3,11,Debit Card,Male,2.9,1,Laptop & Accessory,3,Married,4,0,16.6,1,5,5.0,73.43,53.03
11958,1,9.0,Mobile Phone,1,35,UPI,Male,2.2,4,Laptop & Accessory,4,Single,7,0,26.0,0,1,3.0,196.0,55.38
11959,0,18.0,Mobile Phone,2,23,Credit Card,Male,3.5,4,Grocery,4,Single,5,1,,2,4,16.0,234.04,68.68
11960,1,27.0,Mobile Phone,1,5,Debit Card,Male,,1,Mobile Phone,1,Single,2,0,19.6,2,4,4.0,82.31,58.01
11961,0,2.0,Phone,1,5,UPI,Female,4.8,2,Laptop & Accessory,2,Married,5,0,14.3,5,5,14.0,50.0,64.44
11962,0,9.0,Mobile Phone,3,5,Debit Card,Male,2.9,6,Fashion,5,Single,2,1,11.0,2,4,0.0,231.06,20.0
11963,0,32.0,Phone,2,15,E wallet,Female,2.7,5,Laptop & Accessory,4,Married,9,1,15.0,1,3,0.0,206.96,38.81
11964,0,8.0,Computer,3,31,Debit Card,Female,2.0,3,Mobile Phone,5,Married,1,1,20.1,3,3,2.0,114.09,117.03
11965,1,15.0,Mobile Phone,2,32,Credit Card,Female,4.8,4,Mobile Phone,2,Divorced,3,0,15.8,1,2,1.0,194.66,78.17
11966,1,15.0,Phone,1,27,E wallet,Female,3.1,5,Grocery,5,Married,1,0,11.0,1,1,6.0,147.51,80.62
11967,1,3.0,Mobile Phone,2,22,Cash on Delivery,Male,3.3,2,Others,2,Single,5,0,24.5,2,2,0.0,169.25,78.57
11968,1,8.0,Mobile Phone,2,17,Debit Card,Male,5.1,3,Laptop & Accessory,1,Single,4,0,11.0,1,5,14.0,163.9,75.75
11969,1,7.0,Mobile Phone,3,32,Credit Card,Male,,4,Fashion,5,Single,6,0,11.0,4,4,1.0,100.16,69.41
11970,0,1.0,Mobile Phone,1,26,Debit Card,Male,1.3,4,Grocery,3,Married,5,0,11.0,2,2,2.0,234.07,100.55
11971,1,1.0,Mobile Phone,2,34,Debit Card,Female,4.4,2,Mobile Phone,4,Divorced,7,0,11.0,0,3,1.0,116.46,80.35
11972,1,32.0,Computer,2,34,UPI,Male,4.4,2,Mobile Phone,2,Married,7,0,15.3,3,2,3.0,185.56,20.0
11973,1,5.0,Mobile Phone,2,19,Debit Card,Female,0.9,4,Laptop & Accessory,4,Single,5,1,18.7,7,6,0.0,219.12,44.11
11974,0,13.0,Mobile Phone,2,21,Debit Card,Male,,4,Fashion,5,Single,1,0,11.5,1,4,0.0,130.2,47.14
11975,0,6.0,Mobile Phone,3,14,Cash on Delivery,Male,2.3,5,Laptop & Accessory,3,Divorced,9,0,18.4,1,6,5.0,163.51,120.0
11976,0,50.0,Computer,3,12,UPI,Male,3.9,2,Laptop & Accessory,4,Married,2,1,19.6,4,3,0.0,149.47,68.55
11977,1,5.0,Mobile Phone,3,25,E wallet,Male,2.4,6,Laptop & Accessory,2,Single,7,0,13.0,0,1,1.0,283.47,105.93
11978,0,10.0,Mobile Phone,3,13,Debit Card,Male,5.7,2,Others,4,Married,3,0,11.0,2,2,6.0,234.89,58.45
11979,0,37.0,Mobile Phone,1,23,Credit Card,Male,3.3,5,Grocery,3,Married,6,1,24.1,1,5,0.0,225.59,75.21
11980,0,33.0,Mobile Phone,2,22,Cash on Delivery,Male,4.1,2,Others,2,Divorced,5,1,11.0,2,4,2.0,312.62,66.8
11981,0,3.0,Phone,3,12,Cash on Delivery,Male,3.2,1,Others,3,Married,6,0,11.0,1,2,0.0,201.13,49.43
11982,1,29.0,Computer,3,31,Cash on Delivery,Male,1.7,3,Fashion,2,Married,5,0,12.7,1,1,1.0,159.84,37.63
11983,0,11.0,Computer,1,9,Debit Card,Female,2.9,1,Fashion,5,Married,9,0,18.5,4,4,4.0,93.61,64.96
11984,0,11.0,Mobile Phone,3,18,UPI,Male,1.3,6,Grocery,3,Married,8,0,19.4,2,6,0.0,138.03,41.58
11985,1,2.0,Mobile Phone,1,17,E wallet,Female,3.4,2,Others,2,Single,1,1,11.0,0,8,8.0,189.56,69.35
11986,0,1.0,Mobile Phone,2,5,Credit Card,Female,2.8,5,Fashion,3,Divorced,9,0,11.0,3,2,9.0,235.88,52.06
11987,0,23.0,Phone,2,15,UPI,Male,1.3,4,Laptop & Accessory,3,Divorced,2,0,16.8,3,1,0.0,140.77,89.81
11988,0,12.0,Mobile Phone,3,16,Debit Card,Female,2.5,2,Laptop & Accessory,4,Single,5,0,18.1,5,3,18.0,275.02,40.67
11989,0,10.0,Mobile Phone,3,10,Credit Card,Female,1.7,4,Fashion,5,Married,6,0,21.7,3,2,1.0,87.62,61.91
11990,0,23.0,Mobile Phone,3,35,E wallet,Male,2.5,3,Laptop & Accessory,3,Divorced,1,0,21.0,1,4,0.0,157.47,56.3
11991,0,26.0,Computer,3,16,Debit Card,Female,2.8,1,Fashion,5,Single,7,1,,2,2,0.0,204.23,54.13
11992,0,3.0,Mobile Phone,1,7,E wallet,Male,3.9,3,Others,4,Single,8,0,11.0,2,6,2.0,187.87,89.08
11993,1,16.0,Computer,1,12,Debit Card,Female,1.9,4,Laptop & Accessory,2,Married,1,0,12.1,2,2,3.0,208.6,20.0
11994,0,2.0,Mobile Phone,1,33,Credit Card,Female,2.0,3,Laptop & Accessory,4,Single,4,0,13.5,1,1,1.0,187.71,20.0
11995,0,,Mobile Phone,1,26,UPI,Male,3.4,4,Others,4,Divorced,2,0,11.0,0,4,7.0,218.89,55.34
11996,0,19.0,Mobile Phone,3,6,Cash on Delivery,Male,3.1,1,Mobile Phone,4,Single,5,0,21.5,2,3,5.0,165.36,120.0
11997,0,56.0,Mobile Phone,2,10,UPI,Male,,4,Mobile Phone,5,Single,2,0,21.2,4,3,1.0,161.96,75.65
11998,0,1.0,Mobile Phone,3,7,UPI,Female,2.8,1,Laptop & Accessory,3,Married,9,0,11.0,5,1,5.0,130.5,108.71
11999,0,1.0,Mobile Phone,3,11,E wallet,Male,3.7,2,Grocery,5,Married,9,0,,1,5,11.0,310.42,97.16
12000,0,5.0,Phone,3,20,Credit Card,Female,0.0,4,Mobile Phone,4,Single,5,0,26.0,2,4,0.0,175.29,22.83
12001,1,5.0,Mobile Phone,3,35,Debit Card,Female,2.1,3,Fashion,3,Single,5,1,22.0,2,2,1.0,206.13,64.5
12002,0,5.0,Phone,2,21,UPI,Male,3.0,5,Mobile Phone,4,Single,4,0,16.1,2,4,2.0,167.32,38.69
12003,0,42.0,Computer,1,16,Credit Card,Male,2.9,3,Fashion,3,Married,1,0,21.6,2,4,2.0,275.51,33.89
12004,0,5.0,Computer,1,19,Debit Card,Male,3.2,6,Grocery,5,Married,3,0,,4,2,3.0,179.33,20.0
12005,0,5.0,Computer,2,18,Credit Card,Male,4.1,5,Mobile Phone,4,Married,4,0,15.6,2,4,,199.65,37.11
12006,1,25.0,Computer,1,5,UPI,Female,2.4,3,Mobile Phone,1,Divorced,7,1,11.0,4,3,4.0,127.66,79.39
12007,1,10.0,Mobile Phone,2,30,Debit Card,Male,3.4,4,Mobile Phone,3,Single,7,0,20.2,2,3,4.0,285.63,84.27
12008,0,26.0,Computer,2,16,UPI,Male,2.7,2,Fashion,4,Married,7,1,20.5,2,1,3.0,193.02,75.51
12009,0,1.0,Mobile Phone,1,24,Credit Card,Female,3.6,6,Mobile Phone,1,Married,7,1,11.0,1,4,0.0,287.81,38.63
12010,0,12.0,Mobile Phone,3,27,Cash on Delivery,Male,3.6,4,Mobile Phone,1,Divorced,4,1,16.6,0,3,2.0,143.96,51.68
12011,1,1.0,Computer,3,24,UPI,Male,1.7,1,Fashion,3,Married,9,0,11.0,6,2,1.0,153.48,34.37
12012,1,1.0,Computer,1,18,E wallet,Male,3.4,2,Mobile Phone,3,Single,4,0,11.0,1,3,2.0,148.37,105.48
12013,0,42.0,Mobile Phone,1,20,Cash on Delivery,Male,3.7,6,Laptop & Accessory,3,Divorced,6,0,16.3,2,3,10.0,162.98,84.09
12014,0,2.0,Phone,1,29,Credit Card,Male,3.2,4,Laptop & Accessory,3,Divorced,1,0,23.7,0,2,2.0,220.23,20.0
12015,1,13.0,Mobile Phone,2,19,Credit Card,Male,3.5,2,Grocery,2,Single,1,0,16.9,1,4,0.0,57.1,73.43
12016,1,9.0,Mobile Phone,3,12,Cash on Delivery,Female,3.2,1,Mobile Phone,4,Divorced,6,0,16.1,2,1,2.0,177.1,32.73
12017,1,7.0,Mobile Phone,2,25,UPI,Male,2.1,6,Grocery,4,Married,1,0,11.0,1,1,6.0,133.16,76.4
12018,0,41.0,Phone,2,35,UPI,Male,2.4,5,Mobile Phone,2,Married,1,0,18.8,2,4,6.0,126.72,87.61
12019,0,1.0,Mobile Phone,1,5,Debit Card,Male,3.2,6,Grocery,3,Married,6,0,11.7,3,2,2.0,208.09,20.0
12020,0,19.0,Mobile Phone,2,17,Credit Card,Female,2.9,2,Mobile Phone,4,Single,8,1,11.0,1,5,1.0,198.0,120.0
12021,0,59.0,Mobile Phone,1,34,Credit Card,Male,2.2,2,Mobile Phone,1,Single,9,1,20.3,4,3,2.0,231.78,98.23
12022,0,14.0,Mobile Phone,3,7,Debit Card,Male,2.2,1,Laptop & Accessory,2,Single,6,0,11.0,2,6,3.0,203.24,41.72
12023,1,49.0,Mobile Phone,1,28,Debit Card,Female,2.9,6,Mobile Phone,1,Single,1,0,13.7,2,3,30.0,190.78,63.69
12024,0,1.0,Mobile Phone,1,16,Debit Card,Male,1.3,4,Laptop & Accessory,5,Married,7,0,11.0,3,3,4.0,146.49,87.22
12025,0,9.0,Computer,2,35,Debit Card,Male,2.4,5,Grocery,4,Single,2,0,13.2,0,3,4.0,124.39,20.0
12026,0,5.0,Mobile Phone,1,11,E wallet,Male,4.5,2,Others,4,Single,7,1,11.0,1,2,2.0,215.95,77.39
12027,0,23.0,Computer,2,12,E wallet,Male,3.3,2,Mobile Phone,4,Single,4,1,18.2,0,3,,164.65,79.21
12028,0,61.0,Computer,3,21,Debit Card,Female,2.5,2,Mobile Phone,4,Married,1,0,17.3,0,1,6.0,203.95,91.71
12029,1,5.0,Mobile Phone,3,22,Cash on Delivery,Male,2.5,2,Fashion,3,Single,9,0,26.0,3,5,2.0,179.73,36.95
12030,0,19.0,Computer,3,14,UPI,Male,5.9,6,Mobile Phone,4,Single,1,0,16.5,3,2,20.0,57.38,73.92
12031,0,3.0,Mobile Phone,2,19,Credit Card,Male,3.0,1,Laptop & Accessory,1,Divorced,7,0,11.0,1,1,2.0,209.01,93.92
12032,0,14.0,Mobile Phone,2,27,Credit Card,Male,3.6,2,Mobile Phone,4,Single,6,0,21.0,1,9,0.0,142.45,36.53
12033,0,11.0,Mobile Phone,1,25,Credit Card,Female,2.1,5,Grocery,4,Married,7,0,20.8,1,3,4.0,231.85,84.22
12034,0,61.0,Mobile Phone,3,25,Credit Card,Female,3.6,1,Laptop & Accessory,4,Divorced,1,0,22.8,1,5,0.0,68.47,36.25
12035,0,16.0,Mobile Phone,2,32,Debit Card,Male,1.4,6,Laptop & Accessory,3,Single,1,0,11.0,0,1,1.0,293.94,48.78
12036,0,7.0,Mobile Phone,1,33,UPI,Male,2.5,2,Others,3,Married,6,0,,2,4,1.0,144.24,20.0
12037,0,2.0,Computer,2,14,UPI,Female,2.7,6,Mobile Phone,4,Married,8,1,11.0,2,4,5.0,208.27,20.0
12038,0,2.0,Computer,2,13,E wallet,Female,0.4,5,Grocery,4,Married,3,1,24.2,0,3,2.0,137.25,90.07
12039,0,4.0,Phone,3,5,Debit Card,Female,3.6,3,Others,5,Divorced,2,0,19.8,3,4,0.0,145.4,97.25
12040,0,5.0,Mobile Phone,1,25,Cash on Delivery,Male,2.4,3,Fashion,3,Single,4,0,21.8,3,2,3.0,221.12,77.42
12041,0,34.0,Phone,2,27,UPI,Female,4.0,5,Mobile Phone,4,Single,8,0,11.0,3,3,2.0,167.88,33.67
12042,0,14.0,Computer,1,9,Cash on Delivery,Male,2.7,2,Others,4,Married,9,0,15.8,2,5,10.0,172.05,88.51
12043,0,13.0,Computer,1,19,UPI,Male,1.8,2,Others,5,Divorced,6,0,11.0,1,2,2.0,230.97,72.12
12044,0,2.0,Phone,1,18,Debit Card,Male,3.6,1,Fashion,4,Married,7,1,11.0,1,3,4.0,191.34,80.33
12045,0,35.0,Mobile Phone,2,30,Cash on Delivery,Male,2.8,2,Grocery,4,Divorced,1,0,15.7,5,2,0.0,206.9,77.44
12046,0,23.0,Computer,2,15,Debit Card,Female,3.0,1,Others,4,Single,5,0,16.3,1,4,5.0,142.52,45.32
12047,0,1.0,Computer,2,27,Cash on Delivery,Male,3.6,2,Laptop & Accessory,4,Single,6,0,17.4,1,1,5.0,219.99,67.94
12048,0,22.0,Mobile Phone,3,21,Credit Card,Male,3.3,6,Fashion,5,Divorced,6,1,11.1,3,1,9.0,186.7,54.01
12049,1,14.0,Computer,1,25,Credit Card,Male,2.2,4,Grocery,1,Single,6,1,17.6,2,3,0.0,205.82,69.01
12050,1,1.0,Mobile Phone,1,18,Debit Card,Male,1.0,4,Others,1,Married,7,0,15.0,2,2,2.0,201.83,87.73
12051,0,11.0,Mobile Phone,2,34,Credit Card,Male,1.9,5,Others,5,Single,4,0,24.4,3,3,4.0,247.77,46.91
12052,0,11.0,Computer,2,10,E wallet,Female,2.8,6,Grocery,4,Married,5,0,12.4,0,5,,210.29,87.14
12053,0,3.0,Mobile Phone,1,26,Debit Card,Male,3.0,4,Laptop & Accessory,4,Divorced,6,0,11.0,1,2,2.0,110.4,66.62
12054,0,52.0,Mobile Phone,1,8,Cash on Delivery,Male,4.7,3,Fashion,3,Married,9,0,18.7,1,1,11.0,144.33,60.73
12055,0,34.0,Computer,1,17,Credit Card,Male,5.5,3,Others,1,Married,4,0,17.0,3,4,2.0,193.58,60.86
12056,0,19.0,Mobile Phone,2,25,Debit Card,Female,2.9,1,Fashion,4,Divorced,4,0,11.0,2,3,16.0,203.9,87.34
12057,0,11.0,Mobile Phone,3,28,Cash on Delivery,Male,3.5,3,Mobile Phone,4,Single,7,0,13.0,3,6,0.0,100.51,59.71
12058,0,9.0,Mobile Phone,2,26,Debit Card,Male,2.4,2,Laptop & Accessory,3,Married,1,0,16.2,1,3,5.0,120.46,61.65
12059,1,18.0,Mobile Phone,3,21,E wallet,Male,2.2,1,Mobile Phone,3,Married,7,1,12.7,3,4,3.0,245.61,113.28
12060,0,14.0,Mobile Phone,1,25,UPI,Female,2.7,6,Grocery,5,Single,8,0,11.0,2,1,2.0,297.95,89.98
12061,1,1.0,Mobile Phone,2,35,Cash on Delivery,Male,2.3,4,Laptop & Accessory,1,Single,2,0,13.8,1,6,14.0,80.74,100.58
12062,0,12.0,Mobile Phone,1,16,Cash on Delivery,Male,2.1,4,Fashion,5,Married,4,0,20.3,3,4,0.0,195.49,114.22
12063,0,29.0,Mobile Phone,3,27,UPI,Male,2.3,3,Fashion,3,Married,4,0,12.8,1,4,9.0,182.87,72.57
12064,0,11.0,Mobile Phone,1,16,Cash on Delivery,Female,2.2,3,Laptop & Accessory,4,Divorced,6,0,16.3,4,4,4.0,240.68,120.0
12065,0,1.0,Mobile Phone,3,28,UPI,Male,,2,Fashion,5,Single,7,0,13.9,1,4,,209.78,79.62
12066,0,27.0,Computer,1,34,Cash on Delivery,Female,3.2,4,Grocery,4,Single,7,0,11.0,1,1,9.0,229.75,25.4
12067,0,4.0,Mobile Phone,2,8,Credit Card,Male,1.6,3,Grocery,3,Married,4,0,14.4,2,2,2.0,50.0,49.35
12068,0,5.0,Mobile Phone,3,6,Debit Card,Female,3.4,4,Fashion,4,Married,3,0,12.3,2,5,6.0,179.57,20.0
12069,0,,Computer,2,24,UPI,Male,2.9,4,Fashion,3,Married,4,0,19.6,1,2,1.0,125.63,99.97
12070,1,7.0,Computer,2,10,Cash on Delivery,Female,2.8,3,Laptop & Accessory,3,Married,9,1,,2,5,7.0,127.17,71.59
12071,0,25.0,Mobile Phone,1,10,Debit Card,Female,3.4,4,Laptop & Accessory,5,Single,7,0,20.3,1,2,4.0,106.44,50.2
12072,0,13.0,Computer,2,26,Cash on Delivery,Male,4.8,3,Mobile Phone,4,Married,3,0,11.0,1,1,0.0,193.7,70.4
12073,0,4.0,Mobile Phone,2,5,UPI,Male,2.8,5,Mobile Phone,4,Married,3,0,11.0,2,3,4.0,200.01,59.5
12074,0,37.0,Computer,2,15,UPI,Male,1.9,3,Mobile Phone,3,Married,5,1,11.0,0,4,0.0,217.86,38.87
12075,0,38.0,Computer,1,27,E wallet,Female,3.6,4,Fashion,1,Married,8,0,16.0,3,1,2.0,155.82,120.0
12076,0,36.0,Computer,1,27,UPI,Female,3.7,5,Fashion,1,Single,5,1,11.0,2,1,0.0,263.05,69.52
12077,1,,Mobile Phone,3,33,Cash on Delivery,Male,3.3,4,Fashion,4,Married,6,1,11.0,0,4,0.0,124.08,67.63
12078,1,10.0,Mobile Phone,3,25,UPI,Male,3.0,4,Laptop & Accessory,4,Divorced,9,0,26.0,2,3,0.0,94.05,62.07
12079,0,61.0,Computer,3,33,UPI,Female,1.7,5,Laptop & Accessory,4,Single,9,0,17.9,0,3,3.0,193.13,29.96
12080,0,26.0,Mobile Phone,2,16,E wallet,Female,1.6,6,Others,5,Single,6,0,17.0,4,3,2.0,138.93,20.0
12081,1,1.0,Computer,3,8,Debit Card,Male,2.5,2,Grocery,1,Single,5,1,16.7,2,2,2.0,211.91,102.9
12082,1,1.0,Mobile Phone,1,32,Credit Card,Male,1.8,5,Mobile Phone,3,Single,8,0,24.7,4,2,1.0,140.54,51.11
12083,0,11.0,Computer,2,20,Debit Card,Female,4.0,6,Laptop & Accessory,2,Divorced,1,0,14.0,2,3,4.0,145.26,20.0
12084,0,43.0,Phone,1,31,Debit Card,Female,1.1,6,Laptop & Accessory,3,Divorced,3,0,18.7,1,2,4.0,140.39,20.85
12085,1,13.0,Mobile Phone,2,23,Debit Card,Male,2.9,4,Laptop & Accessory,1,Married,6,0,20.4,4,4,1.0,136.08,82.88
12086,0,12.0,Computer,1,31,Cash on Delivery,Female,2.8,4,Mobile Phone,5,Married,8,0,26.0,3,2,8.0,179.88,85.81
12087,0,2.0,Mobile Phone,1,15,Debit Card,Male,3.7,2,Laptop & Accessory,2,Single,6,0,15.0,2,3,4.0,194.35,51.25
12088,0,19.0,Computer,1,15,Credit Card,Male,3.9,5,Fashion,5,Married,6,0,22.4,1,1,4.0,135.97,98.89
12089,0,31.0,Computer,2,17,UPI,Male,2.1,3,Laptop & Accessory,3,Married,4,0,11.0,4,4,1.0,109.76,23.01
12090,0,8.0,Mobile Phone,3,17,Cash on Delivery,Female,4.5,4,Fashion,5,Single,7,0,26.0,1,2,0.0,209.92,113.04
12091,0,26.0,Mobile Phone,2,12,Cash on Delivery,Male,1.7,5,Laptop & Accessory,4,Married,7,1,17.5,3,4,8.0,203.27,20.0
12092,0,60.0,Computer,2,15,Credit Card,Male,4.0,1,Mobile Phone,5,Married,1,0,19.5,4,3,6.0,222.88,81.12
12093,0,4.0,Mobile Phone,3,20,E wallet,Male,3.7,4,Fashion,1,Divorced,3,1,11.0,0,4,0.0,117.4,72.35
12094,0,13.0,Computer,2,17,Credit Card,Male,0.8,3,Laptop & Accessory,4,Single,9,0,11.0,2,5,1.0,130.39,89.73
12095,0,6.0,Computer,2,28,Cash on Delivery,Male,1.7,4,Others,5,Divorced,6,0,11.1,2,5,4.0,229.39,20.0
12096,0,28.0,Mobile Phone,2,7,Cash on Delivery,Male,4.1,6,Laptop & Accessory,2,Married,4,1,15.1,3,3,4.0,233.76,56.77
12097,1,15.0,Mobile Phone,1,31,Cash on Delivery,Female,3.2,5,Laptop & Accessory,1,Married,8,0,13.5,1,2,7.0,155.45,96.46
12098,1,18.0,Mobile Phone,2,15,UPI,Male,3.1,2,Fashion,3,Single,7,1,12.5,1,2,,122.84,32.35
12099,1,28.0,Mobile Phone,3,25,Cash on Delivery,Female,0.0,1,Mobile Phone,5,Married,6,1,13.8,1,1,2.0,137.91,108.01
12100,1,9.0,Phone,1,12,Credit Card,Male,2.8,3,Others,4,Single,4,0,11.0,0,3,0.0,122.07,20.0
12101,0,44.0,Computer,1,14,UPI,Male,2.2,4,Laptop & Accessory,4,Married,4,0,17.6,1,3,,227.88,20.0
12102,1,13.0,Mobile Phone,2,30,Debit Card,Male,1.5,3,Mobile Phone,2,Single,8,0,14.0,2,1,0.0,222.77,39.02
12103,0,3.0,Phone,3,34,Credit Card,Female,3.8,2,Fashion,1,Single,3,0,20.7,3,1,9.0,184.88,84.16
12104,0,21.0,Mobile Phone,2,26,UPI,Male,3.1,1,Fashion,5,Married,9,0,12.1,1,2,2.0,139.33,107.28
12105,0,28.0,Phone,2,22,Debit Card,Male,2.0,3,Mobile Phone,1,Married,8,0,12.8,2,1,7.0,127.13,44.76
12106,0,6.0,Mobile Phone,3,21,Credit Card,Female,2.1,5,Mobile Phone,4,Married,4,0,15.9,3,5,0.0,143.06,71.65
12107,0,35.0,Mobile Phone,1,11,Debit Card,Male,3.1,5,Grocery,5,Married,3,0,19.1,3,4,1.0,126.68,102.57
12108,0,,Mobile Phone,1,22,UPI,Female,,3,Laptop & Accessory,2,Divorced,4,1,21.9,1,3,,193.6,83.32
12109,1,5.0,Mobile Phone,2,14,Cash on Delivery,Male,3.9,1,Fashion,4,Single,2,1,14.8,0,6,1.0,225.74,120.0
12110,0,61.0,Computer,1,30,Credit Card,Female,3.6,4,Fashion,1,Single,6,0,17.6,1,5,6.0,227.63,45.68
12111,1,2.0,Computer,1,24,E wallet,Male,3.0,5,Others,4,Single,3,1,15.2,3,3,1.0,126.94,103.45
12112,0,4.0,Computer,3,31,Cash on Delivery,Female,2.0,4,Mobile Phone,2,Married,3,0,13.2,1,6,0.0,144.14,42.29
12113,0,3.0,Phone,1,26,UPI,Male,3.4,4,Laptop & Accessory,4,Married,1,0,11.0,1,4,0.0,146.81,75.52
12114,0,40.0,Mobile Phone,2,17,UPI,Male,,3,Grocery,3,Married,8,0,16.2,2,1,0.0,241.15,67.44
12115,0,19.0,Computer,2,11,Credit Card,Male,3.1,5,Laptop & Accessory,3,Married,8,0,11.0,1,5,5.0,99.95,75.64
12116,0,2.0,Mobile Phone,1,27,UPI,Female,2.8,3,Laptop & Accessory,4,Married,9,0,20.2,5,8,2.0,179.82,31.73
12117,1,10.0,Phone,2,11,E wallet,Male,4.0,2,Fashion,2,Married,5,1,11.0,4,2,5.0,127.51,48.72
12118,0,17.0,Phone,2,24,Debit Card,Female,3.9,4,Grocery,4,Single,4,1,11.6,1,2,4.0,168.51,36.8
12119,0,1.0,Mobile Phone,2,15,Credit Card,Male,3.7,1,Laptop & Accessory,3,Married,9,0,11.0,0,4,0.0,221.63,45.94
12120,0,38.0,Computer,1,14,Credit Card,Male,3.6,6,Grocery,4,Single,3,1,18.2,3,4,0.0,160.61,62.17
12121,0,29.0,Mobile Phone,1,30,E wallet,Male,,4,Mobile Phone,2,Single,4,0,13.2,4,1,5.0,134.8,35.22
12122,1,12.0,Computer,2,16,E wallet,Male,4.9,1,Others,4,Single,8,0,18.4,5,1,5.0,224.86,42.93
12123,0,61.0,Mobile Phone,1,17,E wallet,Female,3.7,3,Laptop & Accessory,2,Married,2,1,11.0,3,3,1.0,187.79,82.52
12124,0,9.0,Phone,1,16,E wallet,Male,4.8,5,Mobile Phone,3,Single,3,0,26.0,6,2,0.0,208.94,74.67
12125,0,61.0,Computer,3,16,UPI,Female,4.3,4,Laptop & Accessory,2,Single,3,0,11.0,1,6,0.0,195.88,116.12
12126,0,19.0,Phone,1,10,UPI,Female,2.5,2,Others,4,Married,8,0,19.6,4,2,1.0,107.11,69.31
12127,0,18.0,Computer,2,7,Debit Card,Female,2.3,4,Laptop & Accessory,3,Single,2,0,18.0,1,2,0.0,258.31,117.68
12128,0,3.0,Mobile Phone,1,12,Cash on Delivery,Male,3.6,1,Laptop & Accessory,5,Married,8,0,19.3,0,3,1.0,168.07,20.0
12129,0,38.0,Mobile Phone,3,21,Credit Card,Male,1.6,1,Fashion,5,Divorced,7,0,11.0,1,4,2.0,230.55,20.0
12130,1,10.0,Mobile Phone,2,34,Credit Card,Male,2.6,1,Others,2,Married,1,0,13.0,2,4,0.0,158.99,54.02
12131,0,3.0,Computer,2,35,Debit Card,Male,2.2,5,Fashion,4,Married,8,0,17.4,5,1,0.0,213.94,51.41
12132,0,1.0,Computer,2,17,Debit Card,Male,3.0,2,Others,1,Single,1,0,15.0,5,2,9.0,240.65,41.97
12133,0,14.0,Mobile Phone,2,12,Debit Card,Female,0.5,2,Fashion,3,Married,9,0,11.0,3,8,3.0,232.95,52.24
12134,1,13.0,Computer,3,9,Cash on Delivery,Male,5.6,1,Laptop & Accessory,4,Single,1,1,18.4,5,3,10.0,186.32,87.19
12135,0,22.0,Computer,1,28,UPI,Male,3.8,2,Grocery,4,Single,5,0,,4,3,1.0,159.63,51.94
12136,0,39.0,Computer,1,32,Cash on Delivery,Male,4.2,2,Mobile Phone,4,Divorced,8,0,12.5,3,3,4.0,95.5,85.76
12137,0,1.0,Mobile Phone,1,8,Credit Card,Female,3.2,3,Mobile Phone,3,Single,4,0,17.9,2,2,0.0,105.73,102.22
12138,0,23.0,Computer,3,20,Debit Card,Female,4.4,6,Grocery,3,Married,6,0,16.4,4,2,3.0,246.99,87.66
12139,1,3.0,Phone,1,22,Debit Card,Female,3.7,2,Laptop & Accessory,2,Single,1,0,12.8,1,2,0.0,130.57,58.6
12140,0,35.0,Mobile Phone,2,8,E wallet,Male,4.0,6,Mobile Phone,4,Married,3,0,19.8,3,1,0.0,228.25,52.17
12141,0,30.0,Mobile Phone,2,15,Credit Card,Female,3.6,1,Others,4,Married,5,1,19.8,2,5,10.0,234.86,104.14
12142,0,14.0,Computer,2,12,Credit Card,Male,4.6,5,Laptop & Accessory,4,Divorced,2,0,11.7,3,6,3.0,207.32,115.02
12143,0,22.0,Mobile Phone,2,30,Credit Card,Female,2.2,6,Fashion,2,Married,1,0,23.6,1,3,10.0,203.47,74.34
12144,0,6.0,Mobile Phone,3,5,UPI,Male,4.9,3,Mobile Phone,3,Single,9,0,15.1,3,6,1.0,110.07,89.21
12145,0,11.0,Computer,1,31,Debit Card,Male,2.8,2,Mobile Phone,3,Divorced,8,0,21.5,0,2,1.0,99.04,83.61
12146,1,31.0,Mobile Phone,1,17,Cash on Delivery,Female,2.0,3,Laptop & Accessory,1,Married,3,0,17.1,6,3,2.0,140.48,45.48
12147,0,11.0,Mobile Phone,2,25,E wallet,Male,3.5,4,Fashion,3,Divorced,6,0,15.2,2,2,4.0,279.17,68.55
12148,1,7.0,Computer,3,31,UPI,Female,1.7,3,Fashion,5,Married,8,1,15.0,2,3,3.0,262.49,75.81
12149,0,12.0,Mobile Phone,1,26,UPI,Female,2.4,6,Fashion,5,Married,6,0,19.1,1,5,10.0,182.23,106.14
12150,0,,Mobile Phone,2,8,Debit Card,Male,2.7,3,Grocery,4,Married,8,1,11.0,1,3,0.0,257.66,60.45
12151,1,7.0,Mobile Phone,3,8,Debit Card,Female,2.7,3,Mobile Phone,3,Single,3,0,17.2,4,3,4.0,123.9,29.63
12152,1,3.0,Mobile Phone,1,8,Cash on Delivery,Male,4.2,2,Fashion,1,Married,4,0,22.9,2,3,1.0,157.83,60.6
12153,0,22.0,Mobile Phone,3,17,Credit Card,Female,4.0,3,Laptop & Accessory,5,Married,8,0,18.1,1,5,0.0,275.23,59.47
12154,0,31.0,Computer,1,23,E wallet,Male,2.6,6,Mobile Phone,1,Single,8,0,11.0,1,4,2.0,306.13,42.47
12155,1,1.0,Computer,1,20,Debit Card,Male,3.5,5,Laptop & Accessory,5,Married,6,1,,6,3,2.0,226.3,95.42
12156,0,4.0,Mobile Phone,1,32,UPI,Female,5.5,2,Laptop & Accessory,3,Single,6,0,15.1,1,1,0.0,84.63,97.76
12157,0,2.0,Mobile Phone,2,18,E wallet,Male,1.6,1,Laptop & Accessory,3,Married,9,0,,1,4,0.0,260.97,20.0
12158,0,7.0,Phone,2,14,Credit Card,Male,1.8,4,Laptop & Accessory,5,Divorced,8,1,20.3,1,1,2.0,163.93,103.24
12159,0,10.0,Computer,1,9,UPI,Female,3.1,1,Mobile Phone,1,Divorced,3,1,12.2,0,7,2.0,223.35,74.03
12160,0,24.0,Mobile Phone,1,19,Debit Card,Male,6.0,2,Mobile Phone,4,Divorced,7,1,18.3,1,5,1.0,185.95,68.17
12161,0,18.0,Mobile Phone,2,10,Debit Card,Male,2.0,1,Laptop & Accessory,4,Divorced,9,1,26.0,2,4,0.0,240.39,80.06
12162,0,17.0,Mobile Phone,1,23,E wallet,Male,2.3,4,Mobile Phone,2,Married,3,0,15.1,3,7,0.0,182.8,20.0
12163,0,7.0,Phone,2,18,UPI,Male,3.7,6,Laptop & Accessory,3,Married,9,1,,3,4,14.0,343.74,50.72
12164,0,33.0,Phone,2,31,E wallet,Female,,6,Mobile Phone,4,Single,5,0,17.4,0,7,11.0,237.91,85.49
12165,0,11.0,Mobile Phone,3,15,UPI,Female,3.0,3,Laptop & Accessory,4,Single,9,1,16.7,2,4,,104.52,81.19
12166,0,61.0,Mobile Phone,1,7,E wallet,Male,3.3,1,Laptop & Accessory,1,Married,1,1,16.5,2,3,21.0,79.3,54.8
12167,0,18.0,Mobile Phone,2,29,Cash on Delivery,Female,3.0,6,Fashion,5,Married,4,0,23.2,3,1,4.0,80.05,66.65
12168,1,,Mobile Phone,1,6,UPI,Male,3.2,2,Fashion,2,Married,9,1,11.0,2,3,0.0,215.7,69.11
12169,0,,Phone,1,10,UPI,Male,1.3,5,Laptop & Accessory,2,Divorced,9,0,21.0,0,1,,237.74,76.98
12170,1,7.0,Mobile Phone,2,28,E wallet,Male,3.2,4,Fashion,3,Single,6,0,11.4,3,4,9.0,50.0,120.0
12171,0,20.0,Mobile Phone,1,12,Cash on Delivery,Male,3.0,1,Fashion,1,Single,6,0,23.3,2,3,3.0,253.26,20.0
12172,1,1.0,Mobile Phone,1,5,Cash on Delivery,Male,3.4,5,Grocery,2,Divorced,3,1,11.0,2,3,7.0,201.03,39.71
12173,1,3.0,Computer,1,34,Credit Card,Male,2.4,4,Laptop & Accessory,5,Married,5,0,26.0,3,3,9.0,277.04,65.19
12174,0,34.0,Mobile Phone,1,32,Debit Card,Female,3.6,1,Mobile Phone,3,Single,8,0,13.4,2,2,2.0,121.92,79.03
12175,0,4.0,Mobile Phone,1,18,Cash on Delivery,Female,4.0,2,Laptop & Accessory,2,Single,2,0,11.0,1,4,0.0,197.44,66.33
12176,0,32.0,Phone,3,20,Cash on Delivery,Male,6.0,5,Grocery,2,Married,2,1,20.4,5,6,0.0,196.98,36.02
12177,0,5.0,Mobile Phone,2,21,Credit Card,Male,2.4,6,Fashion,4,Single,4,0,18.1,2,1,0.0,133.58,79.48
12178,0,18.0,Mobile Phone,1,12,Credit Card,Female,1.8,5,Laptop & Accessory,5,Married,9,1,17.7,4,6,0.0,103.86,74.88
12179,0,21.0,Mobile Phone,1,21,Debit Card,Male,3.2,1,Mobile Phone,3,Married,5,1,20.6,0,7,2.0,235.88,72.28
12180,1,12.0,Computer,2,17,E wallet,Female,3.6,1,Laptop & Accessory,1,Married,3,0,15.2,2,2,0.0,193.75,47.92
12181,1,6.0,Computer,1,23,Debit Card,Male,3.1,2,Others,2,Married,8,0,13.2,3,3,0.0,203.64,79.31
12182,0,4.0,Mobile Phone,2,13,Credit Card,Male,3.2,2,Grocery,1,Single,7,1,11.0,1,1,2.0,261.76,100.66
12183,0,1.0,Mobile Phone,1,7,UPI,Male,2.3,3,Mobile Phone,2,Single,9,1,14.3,3,2,1.0,177.62,90.23
12184,0,6.0,Mobile Phone,2,22,Credit Card,Male,1.1,1,Mobile Phone,3,Married,6,1,11.9,2,2,2.0,198.89,30.93
12185,0,19.0,Computer,3,5,Debit Card,Female,4.5,2,Mobile Phone,2,Single,2,0,14.9,2,3,2.0,201.15,36.17
12186,0,50.0,Mobile Phone,2,17,Debit Card,Female,4.9,1,Fashion,4,Married,1,1,,1,3,4.0,202.74,87.35
12187,0,36.0,Mobile Phone,2,17,UPI,Male,2.1,2,Mobile Phone,3,Married,5,0,25.4,0,4,11.0,95.47,46.89
12188,0,26.0,Computer,2,16,Debit Card,Male,2.3,4,Laptop & Accessory,5,Single,7,0,11.0,4,1,0.0,178.8,27.76
12189,0,,Mobile Phone,1,5,Debit Card,Male,,2,Laptop & Accessory,5,Single,7,1,14.2,1,2,0.0,249.5,47.48
12190,0,19.0,Computer,2,14,UPI,Male,2.5,2,Grocery,4,Divorced,2,0,12.4,4,3,7.0,172.32,44.44
12191,0,5.0,Mobile Phone,2,23,Credit Card,Female,3.4,4,Laptop & Accessory,3,Married,6,1,11.0,3,4,2.0,151.64,56.86
12192,0,42.0,Computer,2,26,UPI,Male,2.2,4,Mobile Phone,3,Married,1,0,26.0,1,1,5.0,238.11,59.32
12193,0,19.0,Phone,1,11,Debit Card,Female,3.9,6,Mobile Phone,3,Married,1,1,11.0,2,1,,180.82,20.0
12194,0,14.0,Mobile Phone,2,18,Cash on Delivery,Female,1.9,3,Fashion,4,Married,2,0,17.2,2,3,7.0,142.22,71.97
12195,0,2.0,Mobile Phone,2,10,Debit Card,Female,3.8,2,Laptop & Accessory,3,Married,5,0,25.2,1,3,10.0,128.32,79.29
12196,0,10.0,Computer,1,10,Debit Card,Male,3.4,4,Laptop & Accessory,5,Single,2,1,11.0,3,3,4.0,176.77,69.31
12197,0,11.0,Mobile Phone,1,13,UPI,Male,2.6,3,Fashion,5,Married,3,0,20.3,3,4,0.0,140.31,81.86
12198,0,35.0,Mobile Phone,2,24,UPI,Male,2.7,3,Fashion,3,Married,9,0,11.0,2,2,9.0,234.09,80.88
12199,0,14.0,Mobile Phone,2,20,E wallet,Female,3.9,1,Laptop & Accessory,4,Single,5,1,,2,4,6.0,134.35,27.74
12200,0,8.0,Mobile Phone,2,9,Debit Card,Male,6.0,4,Mobile Phone,1,Married,3,0,18.4,2,5,5.0,196.7,64.33
12201,0,61.0,Mobile Phone,3,19,Credit Card,Male,2.8,5,Fashion,2,Single,5,1,13.4,2,5,0.0,205.19,74.48
12202,0,2.0,Mobile Phone,2,34,Debit Card,Male,4.2,4,Mobile Phone,3,Single,3,0,23.7,1,5,6.0,217.98,74.18
12203,0,9.0,Mobile Phone,2,5,Debit Card,Male,5.0,4,Laptop & Accessory,2,Married,5,0,15.8,3,1,0.0,274.18,107.37
12204,0,1.0,Mobile Phone,1,8,Credit Card,Male,2.2,3,Laptop & Accessory,5,Single,6,1,18.1,3,1,1.0,98.85,77.25
12205,0,24.0,Mobile Phone,2,14,Cash on Delivery,Male,1.9,6,Laptop & Accessory,2,Married,9,0,11.0,1,1,3.0,216.47,67.06
12206,0,45.0,Mobile Phone,3,10,Credit Card,Male,3.0,4,Laptop & Accessory,3,Married,2,0,11.0,3,5,1.0,217.38,90.87
12207,1,5.0,Computer,1,27,UPI,Female,3.2,4,Grocery,4,Single,3,0,11.0,2,5,,114.82,92.3
12208,1,35.0,Mobile Phone,3,31,E wallet,Male,3.6,6,Fashion,4,Married,6,1,11.0,1,5,3.0,195.64,66.93
12209,0,,Mobile Phone,2,6,Debit Card,Female,2.0,3,Others,3,Divorced,2,0,11.0,4,1,0.0,154.83,104.48
12210,0,43.0,Mobile Phone,1,14,Credit Card,Male,3.9,3,Laptop & Accessory,5,Married,8,0,21.9,5,2,4.0,264.12,70.49
12211,0,25.0,Mobile Phone,3,26,Credit Card,Male,1.7,1,Fashion,4,Single,7,0,17.4,2,3,10.0,145.89,49.71
12212,0,29.0,Mobile Phone,2,23,UPI,Male,3.0,1,Grocery,3,Single,1,0,11.0,2,3,0.0,167.09,92.94
12213,0,1.0,Mobile Phone,3,27,Debit Card,Male,3.4,4,Fashion,1,Married,5,0,12.5,3,3,3.0,157.18,43.77
12214,0,59.0,Phone,2,13,Debit Card,Male,1.4,4,Mobile Phone,3,Married,5,0,14.8,2,3,1.0,129.71,108.6
12215,0,23.0,Computer,1,15,E wallet,Male,3.5,6,Mobile Phone,5,Single,1,0,26.0,1,1,2.0,87.04,50.78
12216,0,6.0,Mobile Phone,2,8,E wallet,Female,2.7,2,Laptop & Accessory,4,Single,6,0,15.1,4,2,1.0,130.03,35.22
12217,0,31.0,Mobile Phone,2,28,Debit Card,Female,2.5,5,Others,5,Married,2,0,17.7,1,1,1.0,188.63,42.06
12218,0,5.0,Computer,1,14,Debit Card,Female,3.4,2,Laptop & Accessory,3,Married,3,0,11.0,1,3,0.0,196.94,88.38
12219,0,37.0,Mobile Phone,2,10,Debit Card,Female,1.2,2,Fashion,2,Married,5,0,19.3,2,6,15.0,228.74,45.58
12220,0,2.0,Phone,2,7,Cash on Delivery,Male,,4,Others,1,Married,6,1,23.3,1,4,3.0,242.99,41.96
12221,0,21.0,Computer,1,17,Debit Card,Male,1.6,3,Others,3,Married,2,0,14.1,4,5,2.0,204.04,54.15
12222,0,14.0,Mobile Phone,3,23,Debit Card,Female,3.4,3,Others,4,Married,4,0,18.7,1,3,1.0,227.8,20.0
12223,0,1.0,Mobile Phone,2,7,Cash on Delivery,Female,3.1,5,Fashion,4,Married,3,0,18.5,2,1,3.0,211.44,102.65
12224,1,4.0,Computer,2,24,Cash on Delivery,Female,,3,Laptop & Accessory,3,Single,1,0,15.4,0,2,1.0,113.92,21.53
12225,0,1.0,Mobile Phone,1,34,Credit Card,Male,4.8,4,Fashion,3,Married,4,1,22.7,3,5,1.0,202.88,99.23
12226,0,11.0,Mobile Phone,3,22,Debit Card,Male,3.9,6,Mobile Phone,3,Married,6,1,11.0,1,7,2.0,180.71,100.19
12227,1,6.0,Computer,2,16,Cash on Delivery,Male,2.9,3,Fashion,3,Divorced,7,0,11.0,1,5,1.0,146.11,82.76
12228,0,16.0,Mobile Phone,1,16,UPI,Male,3.0,6,Mobile Phone,2,Single,6,0,15.0,1,3,0.0,180.73,65.84
12229,0,6.0,Mobile Phone,3,25,Credit Card,Male,1.6,1,Grocery,2,Married,1,0,12.8,1,4,,201.44,62.54
12230,1,6.0,Mobile Phone,2,16,Debit Card,Male,,5,Mobile Phone,2,Single,5,0,11.0,3,2,7.0,167.89,113.84
12231,0,24.0,Computer,1,34,Credit Card,Male,4.3,3,Grocery,1,Divorced,5,1,11.0,0,3,,239.51,120.0
12232,0,1.0,Phone,3,28,UPI,Female,2.5,3,Others,2,Single,6,0,11.0,0,4,0.0,200.47,20.0
12233,0,41.0,Mobile Phone,3,32,Debit Card,Male,1.9,1,Grocery,1,Married,5,0,13.1,3,1,1.0,232.45,86.84
12234,0,34.0,Mobile Phone,1,33,Cash on Delivery,Female,0.9,2,Grocery,4,Married,9,0,19.3,2,4,15.0,255.39,56.34
12235,1,19.0,Phone,2,11,Cash on Delivery,Male,3.2,4,Fashion,3,Single,6,0,15.3,3,4,7.0,156.25,120.0
12236,0,16.0,Computer,1,13,Cash on Delivery,Male,2.7,3,Grocery,5,Single,9,0,15.8,1,1,3.0,153.32,73.05
12237,0,40.0,Mobile Phone,1,16,UPI,Male,2.2,6,Mobile Phone,2,Single,4,1,14.1,3,1,10.0,249.41,43.65
12238,0,3.0,Phone,1,23,E wallet,Male,2.1,1,Others,3,Divorced,3,0,16.3,1,2,2.0,133.83,39.18
12239,0,1.0,Mobile Phone,1,8,Credit Card,Male,3.3,1,Grocery,3,Married,6,0,26.0,1,3,16.0,174.1,63.26
12240,1,4.0,Computer,2,35,UPI,Male,3.1,2,Grocery,1,Married,1,0,12.9,2,4,1.0,150.76,20.0
12241,0,,Mobile Phone,3,28,Cash on Delivery,Male,0.9,6,Laptop & Accessory,5,Married,5,0,14.9,4,3,1.0,120.56,30.44
12242,1,1.0,Mobile Phone,1,14,Debit Card,Female,1.9,6,Mobile Phone,1,Single,2,0,11.0,2,3,4.0,209.88,21.61
12243,0,15.0,Computer,1,31,UPI,Male,,3,Laptop & Accessory,5,Single,6,0,11.0,3,2,1.0,163.95,20.0
12244,0,61.0,Mobile Phone,1,23,Cash on Delivery,Male,2.1,2,Laptop & Accessory,5,Single,3,0,16.6,2,3,3.0,124.35,84.27
12245,0,34.0,Mobile Phone,2,21,UPI,Male,4.1,5,Others,4,Married,9,0,21.8,3,4,1.0,235.51,86.94
12246,0,,Computer,2,22,Debit Card,Female,3.0,1,Fashion,4,Single,2,1,26.0,2,6,3.0,100.53,92.31
12247,0,1.0,Computer,1,14,E wallet,Male,2.4,4,Others,4,Married,1,0,13.9,2,3,1.0,171.13,33.0
12248,0,32.0,Phone,2,30,Debit Card,Female,2.5,1,Fashion,3,Single,7,1,13.4,2,5,0.0,233.42,79.19
12249,0,16.0,Mobile Phone,1,28,Debit Card,Female,3.7,2,Others,4,Married,5,0,20.6,4,3,9.0,234.9,64.28
12250,1,2.0,Mobile Phone,2,16,Cash on Delivery,Male,1.9,4,Others,1,Single,1,0,25.3,1,3,8.0,205.65,33.77
12251,1,1.0,Mobile Phone,2,27,Cash on Delivery,Male,1.4,4,Fashion,1,Married,5,0,11.0,2,2,14.0,127.2,52.94
12252,0,43.0,Mobile Phone,2,24,Credit Card,Male,2.1,1,Fashion,3,Married,4,1,19.0,4,3,5.0,189.63,24.87
12253,0,19.0,Mobile Phone,3,12,Credit Card,Female,1.5,4,Laptop & Accessory,4,Divorced,1,1,26.0,5,2,4.0,201.34,20.0
12254,0,31.0,Mobile Phone,2,23,Cash on Delivery,Male,1.7,3,Others,5,Single,8,1,13.5,4,2,3.0,153.49,39.49
12255,0,38.0,Mobile Phone,2,5,Cash on Delivery,Male,1.7,1,Grocery,2,Divorced,4,0,11.0,1,5,0.0,202.6,46.35
12256,0,15.0,Mobile Phone,2,8,E wallet,Female,3.2,2,Mobile Phone,5,Divorced,7,0,19.7,1,4,0.0,91.34,90.09
12257,1,13.0,Phone,1,10,UPI,Female,0.6,5,Fashion,2,Single,6,0,11.0,4,1,1.0,74.8,43.94
12258,1,10.0,Mobile Phone,3,26,Debit Card,Male,3.1,2,Fashion,3,Divorced,9,1,22.1,4,2,8.0,141.47,95.4
12259,0,6.0,Mobile Phone,1,8,Debit Card,Female,2.8,3,Laptop & Accessory,3,Single,1,0,26.0,0,4,0.0,221.59,99.27
12260,1,10.0,Mobile Phone,3,20,UPI,Male,3.8,5,Others,3,Single,9,0,12.0,0,5,10.0,231.61,70.12
12261,1,26.0,Mobile Phone,3,35,Cash on Delivery,Female,3.4,5,Laptop & Accessory,2,Divorced,8,0,24.9,2,2,2.0,103.25,51.44
12262,0,16.0,Mobile Phone,3,12,Debit Card,Female,3.3,6,Grocery,4,Married,5,0,18.8,1,2,5.0,268.07,34.74
12263,0,40.0,Computer,1,13,Credit Card,Female,1.8,2,Fashion,5,Married,3,0,23.3,3,4,0.0,185.4,38.66
12264,0,10.0,Phone,1,19,Debit Card,Male,2.5,1,Grocery,3,Single,2,1,11.1,1,3,1.0,87.09,85.4
12265,0,16.0,Mobile Phone,3,22,UPI,Male,1.2,1,Fashion,3,Married,9,0,18.7,1,4,12.0,198.21,89.97
12266,0,17.0,Computer,3,7,UPI,Male,4.4,5,Laptop & Accessory,5,Married,3,1,16.5,0,2,1.0,256.33,54.86
12267,0,16.0,Mobile Phone,3,32,E wallet,Male,4.6,2,Mobile Phone,4,Married,4,1,11.0,3,4,1.0,150.91,69.86
12268,0,21.0,Mobile Phone,2,28,UPI,Female,3.5,2,Grocery,3,Single,6,0,12.9,2,2,0.0,238.63,20.0
12269,0,4.0,Computer,3,21,Credit Card,Female,1.5,1,Laptop & Accessory,3,Married,5,0,18.5,1,1,0.0,266.54,48.4
12270,0,12.0,Computer,1,5,Credit Card,Female,3.8,6,Laptop & Accessory,5,Married,6,0,,0,3,1.0,182.43,76.47
12271,0,1.0,Mobile Phone,3,11,UPI,Female,2.4,3,Mobile Phone,4,Divorced,2,1,11.0,2,3,4.0,135.29,45.38
12272,0,8.0,Computer,1,14,Debit Card,Male,1.0,1,Grocery,2,Divorced,5,0,11.0,6,5,2.0,250.22,28.13
12273,0,12.0,Mobile Phone,1,19,UPI,Male,,1,Fashion,3,Married,4,0,11.0,1,6,3.0,250.01,37.94
12274,0,19.0,Mobile Phone,2,27,Debit Card,Female,,3,Others,5,Divorced,1,0,16.7,1,2,0.0,104.5,21.34
12275,0,54.0,Mobile Phone,3,17,Debit Card,Male,2.7,1,Others,1,Single,4,0,12.0,0,10,6.0,173.9,33.36
12276,0,16.0,Computer,2,27,Credit Card,Male,3.1,5,Laptop & Accessory,5,Divorced,2,0,22.7,4,3,6.0,223.25,89.12
12277,0,,Computer,2,33,Debit Card,Male,1.5,5,Grocery,2,Divorced,7,0,11.0,1,1,0.0,226.57,107.58
12278,0,12.0,Computer,1,33,Debit Card,Male,2.7,5,Fashion,4,Married,7,1,18.1,2,5,1.0,162.65,115.75
12279,1,,Mobile Phone,3,35,Debit Card,Male,2.7,6,Laptop & Accessory,3,Married,5,1,12.8,0,3,0.0,122.48,58.92
12280,0,1.0,Mobile Phone,1,9,Debit Card,Male,1.8,5,Grocery,3,Married,1,0,14.4,0,2,6.0,274.24,61.27
12281,1,5.0,Computer,3,32,Debit Card,Female,3.2,6,Laptop & Accessory,5,Married,1,0,19.1,4,2,5.0,185.36,87.78
12282,1,8.0,Phone,3,11,Cash on Delivery,Female,2.7,5,Mobile Phone,3,Married,7,1,11.0,3,6,9.0,169.28,27.14
12283,0,11.0,Computer,3,18,Debit Card,Male,3.6,2,Laptop & Accessory,4,Married,1,0,11.0,1,1,1.0,144.71,40.85
12284,1,1.0,Mobile Phone,2,18,Debit Card,Male,2.4,2,Mobile Phone,1,Single,2,1,14.6,2,2,,167.91,44.35
12285,0,2.0,Mobile Phone,1,13,Debit Card,Female,3.2,3,Mobile Phone,1,Divorced,4,0,13.7,1,5,0.0,85.52,105.98
12286,0,5.0,Phone,1,26,Cash on Delivery,Male,2.1,6,Fashion,2,Divorced,5,0,11.0,1,2,1.0,239.94,50.13
12287,0,61.0,Mobile Phone,2,10,Debit Card,Male,1.1,4,Grocery,4,Divorced,1,0,26.0,3,4,2.0,163.75,101.21
12288,0,7.0,Computer,3,23,Debit Card,Male,4.3,5,Laptop & Accessory,2,Divorced,1,0,11.0,3,3,0.0,53.96,44.02
12289,1,11.0,Mobile Phone,1,19,E wallet,Male,2.4,4,Mobile Phone,2,Married,3,1,11.8,3,3,5.0,120.91,33.25
12290,0,3.0,Mobile Phone,1,34,Credit Card,Male,1.9,4,Laptop & Accessory,3,Married,1,0,21.9,1,3,3.0,237.45,115.99
12291,0,16.0,Mobile Phone,2,34,Credit Card,Male,3.6,5,Laptop & Accessory,4,Divorced,3,0,11.0,1,1,7.0,171.46,70.71
12292,0,5.0,Mobile Phone,1,20,Cash on Delivery,Male,3.0,1,Others,4,Single,5,0,11.0,5,1,1.0,132.67,44.09
12293,1,4.0,Mobile Phone,3,27,Debit Card,Female,1.4,3,Fashion,2,Single,3,1,17.3,2,4,9.0,187.94,20.0
12294,1,13.0,Phone,2,35,Cash on Delivery,Male,2.7,6,Mobile Phone,1,Single,8,0,11.0,1,4,,162.08,47.51
12295,1,1.0,Computer,2,26,Credit Card,Male,1.0,4,Mobile Phone,5,Single,5,1,17.4,4,2,10.0,186.63,120.0
12296,0,1.0,Computer,1,16,UPI,Male,2.2,1,Grocery,3,Married,5,0,18.1,2,4,6.0,199.17,54.0
12297,0,4.0,Computer,1,25,Debit Card,Female,4.6,1,Fashion,5,Married,6,0,17.3,1,2,6.0,131.02,20.0
12298,1,1.0,Mobile Phone,3,7,Credit Card,Female,1.7,5,Grocery,5,Single,4,1,22.1,1,2,3.0,145.44,52.62
12299,0,2.0,Mobile Phone,2,7,UPI,Female,2.1,3,Others,4,Divorced,5,0,,0,3,0.0,135.94,88.96
12300,0,7.0,Computer,1,10,Debit Card,Male,3.2,5,Others,2,Single,6,0,12.0,2,3,4.0,137.7,56.67
12301,1,29.0,Phone,3,26,E wallet,Female,1.7,3,Laptop & Accessory,5,Married,6,0,,2,2,4.0,142.32,81.84
12302,1,15.0,Computer,2,25,Debit Card,Female,2.1,5,Mobile Phone,4,Divorced,5,0,11.0,2,2,16.0,162.58,77.22
12303,0,12.0,Mobile Phone,2,23,UPI,Male,4.2,3,Fashion,4,Married,6,0,16.3,3,2,3.0,143.53,57.26
12304,0,6.0,Mobile Phone,3,16,Cash on Delivery,Female,1.9,2,Mobile Phone,3,Single,9,0,13.0,2,1,1.0,189.59,42.34
12305,0,48.0,Mobile Phone,3,20,Credit Card,Male,2.7,1,Mobile Phone,3,Single,8,0,17.3,4,2,4.0,161.18,48.85
12306,1,,Computer,3,22,E wallet,Female,2.1,6,Others,2,Married,4,0,11.0,2,3,15.0,137.61,50.68
12307,0,1.0,Computer,2,8,Credit Card,Male,2.4,1,Others,4,Single,2,0,,2,1,0.0,64.47,20.0
12308,0,17.0,Computer,1,24,Credit Card,Male,3.2,1,Grocery,4,Married,4,0,13.8,4,3,1.0,125.81,79.25
12309,1,2.0,Mobile Phone,3,30,Credit Card,Female,3.0,3,Others,3,Divorced,6,1,20.0,3,1,3.0,158.13,44.31
12310,1,7.0,Computer,3,17,E wallet,Female,2.3,1,Grocery,3,Married,7,1,12.0,1,1,0.0,237.46,98.46
12311,0,12.0,Computer,2,17,UPI,Female,2.8,2,Mobile Phone,3,Married,4,0,17.8,2,3,0.0,175.8,103.65
12312,0,37.0,Mobile Phone,3,35,Cash on Delivery,Female,4.1,2,Mobile Phone,4,Married,3,0,11.0,1,4,1.0,89.2,52.5
12313,0,12.0,Mobile Phone,2,6,Debit Card,Male,2.9,4,Grocery,5,Married,1,1,11.0,2,7,8.0,185.88,63.91
12314,0,21.0,Mobile Phone,1,34,Credit Card,Male,3.0,1,Others,2,Married,7,0,13.8,3,2,,152.85,48.84
12315,0,61.0,Computer,1,35,Credit Card,Male,2.1,5,Fashion,3,Married,1,0,14.9,1,3,,214.26,20.0
12316,1,2.0,Mobile Phone,2,32,Credit Card,Male,3.6,5,Fashion,2,Single,8,1,14.4,1,2,5.0,92.25,47.51
12317,0,5.0,Mobile Phone,2,13,UPI,Female,1.8,5,Others,4,Single,5,0,13.3,1,4,,252.67,64.91
12318,1,9.0,Mobile Phone,3,31,Cash on Delivery,Male,4.6,6,Grocery,4,Single,8,0,12.6,1,1,16.0,206.82,81.54
12319,0,9.0,Mobile Phone,3,15,Credit Card,Male,2.9,2,Others,5,Married,2,1,19.1,2,3,2.0,167.47,119.24
12320,0,,Mobile Phone,2,7,Cash on Delivery,Female,2.6,4,Others,3,Married,3,0,25.7,1,6,12.0,87.37,46.28
12321,0,42.0,Mobile Phone,3,21,E wallet,Female,4.4,6,Mobile Phone,5,Divorced,4,0,26.0,1,1,0.0,92.34,39.0
12322,1,22.0,Computer,3,16,Debit Card,Female,3.8,4,Laptop & Accessory,1,Married,2,0,21.6,5,4,5.0,221.12,91.66
12323,0,16.0,Phone,2,9,Cash on Delivery,Male,4.7,2,Fashion,4,Married,4,0,11.0,3,3,4.0,228.19,20.0
12324,1,6.0,Mobile Phone,3,18,Credit Card,Male,4.1,4,Others,1,Divorced,6,1,21.3,3,3,1.0,242.5,34.97
12325,0,31.0,Computer,1,30,UPI,Female,,5,Others,5,Divorced,7,0,21.2,0,2,2.0,280.04,98.62
12326,0,55.0,Mobile Phone,2,23,Debit Card,Female,2.4,5,Others,4,Married,6,0,14.4,2,3,0.0,224.95,36.48
12327,0,30.0,Computer,3,26,Debit Card,Male,3.3,2,Grocery,4,Married,7,1,20.6,1,4,8.0,204.45,48.75
12328,0,1.0,Mobile Phone,1,21,UPI,Male,2.6,5,Mobile Phone,5,Married,2,0,17.2,2,1,1.0,323.31,64.72
12329,0,18.0,Mobile Phone,1,34,UPI,Male,4.2,3,Others,2,Single,1,0,14.9,0,3,3.0,147.27,85.28
12330,0,1.0,Computer,1,30,UPI,Female,1.9,5,Fashion,1,Married,9,0,16.5,5,4,0.0,173.96,63.62
12331,0,5.0,Mobile Phone,3,8,UPI,Female,2.8,1,Grocery,5,Divorced,7,0,11.7,3,4,0.0,87.52,63.24
12332,0,1.0,Mobile Phone,2,5,E wallet,Female,2.5,2,Mobile Phone,3,Married,2,0,11.0,1,3,19.0,217.47,54.56
12333,1,16.0,Mobile Phone,1,34,Debit Card,Female,2.5,2,Fashion,2,Single,7,1,11.0,4,2,5.0,167.79,56.56
12334,1,20.0,Computer,3,21,Debit Card,Female,,4,Laptop & Accessory,3,Married,4,1,20.5,3,4,13.0,142.79,39.71
12335,0,2.0,Computer,3,14,Cash on Delivery,Male,2.5,4,Laptop & Accessory,4,Divorced,3,0,11.0,2,6,1.0,144.04,33.8
12336,1,8.0,Computer,1,12,UPI,Female,2.5,4,Grocery,1,Married,4,0,11.0,2,3,0.0,132.3,102.64
12337,0,10.0,Computer,2,30,Debit Card,Male,1.7,1,Others,3,Single,5,0,11.0,1,7,2.0,169.86,44.84
12338,0,,Phone,1,15,E wallet,Female,2.9,5,Fashion,1,Single,9,0,12.1,0,3,2.0,93.49,58.53
12339,0,,Mobile Phone,3,24,UPI,Female,2.1,2,Mobile Phone,3,Married,4,0,,2,2,0.0,98.89,93.79
12340,0,9.0,Mobile Phone,3,14,UPI,Male,2.1,5,Others,5,Single,9,1,14.1,0,2,5.0,113.57,20.0
12341,0,,Mobile Phone,1,23,Credit Card,Female,2.9,4,Grocery,5,Married,4,0,11.0,2,5,1.0,142.79,20.0
12342,0,1.0,Computer,2,10,UPI,Male,3.3,2,Laptop & Accessory,4,Married,1,0,23.9,1,4,0.0,152.16,63.91
12343,0,,Mobile Phone,3,15,Cash on Delivery,Male,5.1,4,Laptop & Accessory,2,Divorced,1,0,17.0,0,1,1.0,57.07,64.9
12344,0,7.0,Mobile Phone,2,20,UPI,Male,2.2,6,Others,5,Single,4,0,12.9,3,3,3.0,149.09,20.0
12345,0,51.0,Mobile Phone,1,14,UPI,Female,3.9,1,Fashion,4,Married,4,0,17.9,4,1,5.0,129.52,20.0
12346,0,19.0,Phone,2,29,Credit Card,Male,2.7,2,Fashion,2,Married,7,0,15.1,3,5,2.0,226.97,20.0
12347,0,20.0,Phone,2,26,E wallet,Male,4.8,4,Fashion,5,Single,1,0,11.0,0,4,2.0,126.0,73.68
12348,0,8.0,Mobile Phone,3,5,Credit Card,Male,5.3,4,Grocery,4,Divorced,5,0,11.7,1,1,0.0,240.24,88.2
12349,0,16.0,Phone,2,12,UPI,Male,1.8,6,Others,4,Single,8,0,11.0,1,2,,284.51,70.44
12350,0,1.0,Phone,1,21,UPI,Male,3.2,4,Others,4,Single,8,0,12.2,1,2,10.0,250.01,20.0
12351,1,18.0,Computer,2,23,Debit Card,Male,3.4,1,Mobile Phone,2,Single,7,0,20.6,2,3,4.0,121.1,26.48
12352,0,44.0,Mobile Phone,3,13,Credit Card,Male,4.7,5,Fashion,2,Divorced,4,1,20.4,3,6,0.0,211.17,58.58
12353,1,17.0,Mobile Phone,1,24,Debit Card,Female,1.9,5,Others,4,Single,7,0,13.9,0,3,3.0,122.13,64.56
12354,0,37.0,Mobile Phone,1,12,Credit Card,Female,4.2,5,Mobile Phone,2,Married,1,0,14.0,0,3,3.0,130.47,47.32
12355,1,23.0,Mobile Phone,1,13,E wallet,Male,3.0,1,Mobile Phone,3,Married,6,0,11.0,1,3,20.0,134.5,53.76
12356,1,2.0,Computer,2,35,Credit Card,Female,0.8,6,Others,4,Single,7,1,17.4,2,3,22.0,188.17,73.75
12357,0,41.0,Mobile Phone,2,20,Cash on Delivery,Male,2.9,5,Grocery,4,Married,3,0,,2,2,7.0,127.56,120.0
12358,1,1.0,Computer,1,18,Debit Card,Female,3.8,5,Fashion,3,Single,8,0,20.0,5,1,0.0,182.32,95.66
12359,0,13.0,Computer,2,28,Cash on Delivery,Male,4.6,1,Grocery,4,Married,8,0,17.5,1,1,12.0,255.75,53.95
12360,0,2.0,Mobile Phone,3,10,Cash on Delivery,Female,3.2,2,Mobile Phone,5,Single,8,0,13.4,0,2,3.0,113.89,59.8
12361,1,1.0,Mobile Phone,2,13,UPI,Female,2.9,4,Fashion,4,Single,5,0,17.6,6,1,6.0,83.51,61.52
12362,0,9.0,Mobile Phone,2,15,Cash on Delivery,Male,0.8,4,Fashion,2,Married,7,0,13.0,2,4,2.0,141.59,47.73
12363,1,6.0,Mobile Phone,3,26,UPI,Female,3.4,1,Fashion,3,Married,5,1,16.1,1,5,1.0,265.68,103.11
12364,0,11.0,Computer,2,19,Cash on Delivery,Female,2.2,5,Laptop & Accessory,3,Single,8,0,16.3,0,5,2.0,221.31,102.32
12365,0,15.0,Computer,3,19,Credit Card,Male,2.7,6,Others,2,Single,9,0,22.0,2,2,0.0,128.73,71.51
12366,0,1.0,Phone,2,9,UPI,Male,4.1,3,Grocery,3,Married,4,0,17.9,2,4,1.0,117.27,110.28
12367,1,,Computer,1,12,Debit Card,Female,3.6,5,Grocery,2,Married,4,0,21.3,7,2,7.0,199.42,48.34
12368,1,14.0,Computer,3,24,Cash on Delivery,Female,3.6,3,Fashion,3,Married,7,0,17.4,2,4,0.0,185.86,80.29
12369,0,7.0,Mobile Phone,2,7,UPI,Male,1.9,4,Mobile Phone,5,Single,7,1,14.7,0,4,0.0,217.37,102.5
12370,1,23.0,Mobile Phone,1,24,Credit Card,Female,1.3,6,Mobile Phone,2,Single,8,1,18.1,2,7,0.0,110.69,83.08
12371,0,19.0,Mobile Phone,1,32,Credit Card,Female,2.2,1,Mobile Phone,4,Single,7,0,17.1,1,2,,174.97,114.73
12372,0,33.0,Computer,3,29,E wallet,Female,1.5,6,Laptop & Accessory,4,Married,7,0,12.8,3,2,23.0,233.76,80.77
12373,0,21.0,Computer,2,8,Debit Card,Male,4.3,5,Others,1,Single,6,0,11.0,3,9,0.0,247.72,59.67
12374,0,10.0,Computer,2,11,Credit Card,Male,3.2,1,Fashion,5,Married,6,0,11.9,2,4,0.0,105.67,31.45
12375,0,20.0,Phone,2,21,Credit Card,Female,5.2,5,Laptop & Accessory,4,Divorced,3,0,,1,5,9.0,174.88,51.65
12376,1,5.0,Phone,1,16,Credit Card,Female,3.5,5,Mobile Phone,3,Married,4,1,18.3,3,1,8.0,162.84,90.76
12377,0,6.0,Computer,1,10,Cash on Delivery,Male,4.7,6,Mobile Phone,4,Single,4,1,14.6,1,1,0.0,129.79,95.42
12378,1,28.0,Computer,1,28,Debit Card,Male,3.5,5,Laptop & Accessory,3,Single,9,0,11.0,2,4,5.0,135.87,20.0
12379,0,10.0,Mobile Phone,1,27,Debit Card,Male,4.3,3,Laptop & Accessory,4,Married,6,0,14.0,4,3,4.0,214.02,48.37
12380,1,28.0,Mobile Phone,3,25,Credit Card,Male,3.0,1,Laptop & Accessory,1,Single,3,0,13.1,1,1,5.0,134.04,78.92
12381,0,31.0,Phone,2,8,UPI,Female,,4,Laptop & Accessory,5,Married,4,0,,1,6,2.0,172.61,70.71
12382,1,35.0,Computer,1,22,Debit Card,Female,4.0,2,Laptop & Accessory,3,Married,6,0,23.8,1,1,19.0,209.2,41.95
12383,0,44.0,Phone,3,20,UPI,Female,1.3,3,Others,4,Married,6,0,13.9,4,1,0.0,285.15,110.38
12384,1,10.0,Mobile Phone,3,5,Cash on Delivery,Male,4.1,4,Grocery,2,Single,5,0,11.0,1,1,1.0,197.96,91.86
12385,0,6.0,Computer,3,33,Debit Card,Female,3.8,1,Grocery,4,Married,1,0,11.0,0,1,2.0,223.25,120.0
12386,0,15.0,Mobile Phone,2,21,Cash on Delivery,Male,0.7,2,Laptop & Accessory,4,Married,6,0,15.5,2,6,2.0,195.78,54.47
12387,0,8.0,Mobile Phone,1,9,UPI,Male,,2,Fashion,3,Single,4,0,18.1,4,3,10.0,167.66,20.0
12388,0,,Mobile Phone,2,29,Credit Card,Male,4.3,1,Others,4,Married,8,0,11.1,2,2,3.0,166.59,69.27
12389,0,22.0,Mobile Phone,1,27,Debit Card,Male,0.4,3,Others,3,Married,1,0,15.8,0,7,0.0,173.02,120.0
12390,0,20.0,Phone,1,22,Debit Card,Female,3.8,6,Laptop & Accessory,5,Divorced,5,0,11.0,0,4,2.0,51.63,70.68
12391,0,8.0,Mobile Phone,1,10,Debit Card,Female,,6,Mobile Phone,3,Single,4,0,13.6,2,2,2.0,160.38,83.07
12392,0,3.0,Phone,2,30,Cash on Delivery,Male,3.1,5,Mobile Phone,5,Married,5,0,21.5,2,2,13.0,206.3,79.5
12393,0,,Computer,3,27,Cash on Delivery,Male,6.0,5,Laptop & Accessory,5,Divorced,9,0,13.6,2,3,3.0,135.78,25.69
12394,0,2.0,Mobile Phone,3,17,E wallet,Female,3.9,5,Laptop & Accessory,3,Married,7,0,11.1,3,1,4.0,267.17,36.37
12395,0,39.0,Computer,3,12,Credit Card,Male,2.4,4,Mobile Phone,2,Married,3,0,23.1,2,1,4.0,187.51,48.13
12396,0,7.0,Phone,1,31,Credit Card,Female,2.7,1,Fashion,3,Single,3,1,16.2,3,2,5.0,172.13,56.81
12397,0,3.0,Computer,3,29,Credit Card,Female,4.1,3,Grocery,5,Single,7,0,12.0,6,3,4.0,230.15,94.62
12398,1,1.0,Mobile Phone,3,23,Debit Card,Female,3.7,6,Fashion,2,Single,1,0,,4,3,1.0,213.84,41.98
12399,0,18.0,Mobile Phone,2,32,Debit Card,Male,2.7,1,Grocery,4,Married,8,0,11.0,2,6,8.0,247.97,20.0
12400,0,18.0,Mobile Phone,2,20,UPI,Female,4.2,6,Fashion,5,Married,3,0,17.6,1,8,5.0,259.66,38.98
12401,0,7.0,Computer,1,22,UPI,Male,1.8,2,Grocery,3,Single,8,1,19.6,2,2,5.0,267.92,51.26
12402,0,1.0,Mobile Phone,3,11,Debit Card,Male,4.1,4,Others,4,Divorced,8,0,15.0,1,2,22.0,207.41,105.28
12403,0,,Computer,1,28,Credit Card,Male,2.5,3,Fashion,2,Married,2,0,13.8,0,2,6.0,117.78,40.5
12404,0,6.0,Mobile Phone,1,13,E wallet,Female,3.8,2,Grocery,2,Married,3,0,18.5,2,1,7.0,165.7,20.0
12405,0,20.0,Computer,2,30,Cash on Delivery,Female,5.2,5,Grocery,4,Married,1,0,11.0,4,3,12.0,278.34,36.42
12406,1,16.0,Mobile Phone,1,32,Credit Card,Male,0.8,6,Others,1,Single,6,1,15.5,2,1,0.0,195.56,65.44
12407,0,,Computer,2,34,Debit Card,Female,2.6,5,Fashion,3,Divorced,3,0,15.1,2,4,2.0,153.95,20.0
12408,0,4.0,Mobile Phone,2,25,Debit Card,Male,0.4,5,Others,5,Single,9,0,17.5,1,4,3.0,147.31,82.49
12409,0,61.0,Mobile Phone,3,29,Cash on Delivery,Female,3.8,1,Fashion,3,Divorced,1,1,17.9,2,4,1.0,115.35,78.64
12410,1,10.0,Computer,2,35,UPI,Female,4.4,2,Fashion,5,Divorced,8,1,12.6,4,2,,235.16,65.47
12411,0,20.0,Mobile Phone,3,5,Credit Card,Male,2.2,3,Mobile Phone,5,Married,7,0,26.0,1,1,5.0,152.9,79.99
12412,1,2.0,Mobile Phone,2,13,E wallet,Female,3.5,2,Others,3,Married,7,0,11.0,6,2,5.0,121.03,51.0
12413,1,11.0,Computer,1,33,UPI,Female,3.4,3,Laptop & Accessory,1,Single,8,0,12.1,3,2,23.0,127.81,45.12
12414,0,1.0,Computer,3,14,Cash on Delivery,Male,3.4,4,Laptop & Accessory,4,Single,9,0,20.1,4,5,,50.0,46.16
12415,0,12.0,Mobile Phone,2,25,Cash on Delivery,Male,3.8,4,Laptop & Accessory,3,Married,8,1,11.2,3,3,5.0,222.37,55.32
12416,0,59.0,Phone,3,34,Debit Card,Male,3.7,3,Mobile Phone,2,Married,6,0,15.7,1,2,3.0,165.76,120.0
12417,0,8.0,Mobile Phone,3,22,Debit Card,Male,,2,Grocery,4,Single,1,0,11.8,2,6,1.0,106.28,42.27
12418,1,1.0,Computer,3,26,Cash on Delivery,Male,2.6,3,Others,1,Divorced,1,1,12.7,2,4,0.0,263.23,87.86
12419,1,1.0,Mobile Phone,3,5,E wallet,Female,1.2,3,Fashion,5,Single,7,0,11.0,3,4,9.0,182.79,35.81
12420,1,8.0,Mobile Phone,1,17,UPI,Male,0.4,5,Fashion,2,Single,3,0,19.6,1,2,3.0,50.0,64.32
12421,1,3.0,Mobile Phone,3,18,UPI,Male,3.0,3,Fashion,2,Single,3,1,19.7,2,1,6.0,223.31,62.81
12422,1,1.0,Computer,3,27,Cash on Delivery,Male,5.0,5,Others,2,Divorced,9,1,19.7,3,2,3.0,119.35,20.0
12423,0,25.0,Mobile Phone,3,11,Debit Card,Male,1.8,6,Mobile Phone,5,Single,4,1,12.4,4,5,0.0,215.73,68.53
12424,0,11.0,Mobile Phone,3,35,Debit Card,Male,2.3,5,Laptop & Accessory,4,Married,3,0,17.0,2,3,1.0,210.31,43.71
12425,1,6.0,Mobile Phone,3,32,Cash on Delivery,Female,3.1,3,Laptop & Accessory,5,Single,2,1,26.0,2,4,1.0,188.24,20.0
12426,0,,Phone,1,33,Credit Card,Male,2.6,6,Grocery,3,Married,5,0,16.7,0,1,14.0,104.9,71.74
12427,0,2.0,Computer,1,30,Credit Card,Female,3.0,1,Laptop & Accessory,3,Married,9,0,,2,4,0.0,106.04,97.0
12428,0,56.0,Mobile Phone,2,12,Credit Card,Male,3.4,2,Mobile Phone,2,Married,8,1,11.0,3,5,16.0,177.07,65.45
12429,1,6.0,Phone,3,5,Credit Card,Male,3.2,3,Mobile Phone,3,Single,8,0,11.0,2,3,15.0,123.52,95.95
12430,0,39.0,Phone,1,6,E wallet,Male,1.9,4,Laptop & Accessory,4,Married,1,1,22.9,2,1,22.0,253.16,120.0
12431,0,16.0,Computer,2,15,Credit Card,Male,1.7,3,Fashion,4,Divorced,9,0,17.4,4,3,2.0,173.91,63.45
12432,0,31.0,Mobile Phone,2,5,Debit Card,Female,,3,Grocery,3,Single,8,0,11.0,1,2,13.0,119.71,71.77
12433,0,,Phone,2,28,Debit Card,Male,1.4,4,Mobile Phone,5,Divorced,3,1,22.8,1,5,2.0,239.91,74.63
12434,0,6.0,Phone,3,16,Debit Card,Male,4.3,5,Laptop & Accessory,2,Divorced,8,0,18.4,0,3,0.0,65.36,90.08
12435,0,58.0,Mobile Phone,1,12,Debit Card,Male,3.3,5,Fashion,5,Single,9,0,16.0,0,2,1.0,172.09,43.44
12436,0,8.0,Computer,1,32,Cash on Delivery,Female,,1,Grocery,1,Single,2,0,,1,3,11.0,213.37,96.56
12437,0,8.0,Computer,3,7,Credit Card,Female,3.6,3,Fashion,3,Single,1,1,13.6,2,1,0.0,118.26,96.99
12438,0,7.0,Computer,3,14,UPI,Female,2.9,3,Laptop & Accessory,3,Married,1,0,,2,1,3.0,154.05,75.16
12439,0,14.0,Phone,1,19,E wallet,Male,4.2,2,Laptop & Accessory,3,Married,1,0,11.0,3,4,0.0,139.54,109.71
12440,0,3.0,Computer,2,16,Debit Card,Male,3.0,6,Laptop & Accessory,4,Single,5,0,11.0,0,5,1.0,112.53,96.92
12441,0,14.0,Computer,2,6,UPI,Female,2.5,5,Others,3,Divorced,2,1,19.8,4,1,0.0,184.59,32.55
12442,0,14.0,Computer,2,29,Debit Card,Female,1.0,3,Fashion,3,Single,4,0,25.1,1,3,,231.06,65.96
12443,0,25.0,Mobile Phone,3,9,UPI,Male,2.8,2,Mobile Phone,4,Married,1,1,11.0,1,3,3.0,300.22,89.98
12444,0,32.0,Mobile Phone,2,35,Debit Card,Female,2.0,1,Laptop & Accessory,4,Single,2,0,12.5,3,2,9.0,225.72,96.97
12445,0,10.0,Mobile Phone,2,13,Debit Card,Female,2.1,2,Fashion,5,Married,7,0,16.0,1,2,4.0,163.84,20.0
12446,0,6.0,Mobile Phone,1,22,Debit Card,Male,2.4,5,Grocery,2,Married,9,0,11.0,1,4,14.0,246.88,61.78
12447,0,5.0,Computer,1,10,Debit Card,Male,3.6,5,Grocery,4,Single,6,0,13.4,3,4,2.0,112.25,102.2
12448,1,3.0,Mobile Phone,3,15,E wallet,Male,1.8,1,Laptop & Accessory,4,Single,5,0,24.5,0,1,4.0,147.82,96.02
12449,0,1.0,Mobile Phone,3,18,Debit Card,Female,1.4,6,Grocery,3,Married,7,1,11.0,3,2,3.0,237.16,20.0
12450,1,7.0,Computer,1,5,UPI,Female,0.8,3,Laptop & Accessory,3,Divorced,9,1,,5,3,2.0,140.52,37.28
12451,0,5.0,Mobile Phone,1,27,Cash on Delivery,Male,3.5,2,Grocery,3,Married,2,0,16.6,4,1,7.0,183.47,77.36
12452,0,61.0,Mobile Phone,2,8,Cash on Delivery,Female,3.8,3,Laptop & Accessory,2,Married,6,0,17.8,5,1,4.0,137.93,61.62
12453,0,14.0,Mobile Phone,1,11,E wallet,Male,2.4,3,Laptop & Accessory,2,Single,3,1,11.0,5,7,6.0,167.06,58.11
12454,1,7.0,Computer,1,13,Credit Card,Male,2.4,3,Grocery,2,Married,4,0,13.9,0,3,6.0,175.85,66.2
12455,0,15.0,Phone,2,21,UPI,Female,,4,Fashion,4,Single,5,0,13.3,2,2,0.0,208.28,57.8
12456,1,2.0,Mobile Phone,1,21,Credit Card,Male,2.8,1,Laptop & Accessory,4,Married,5,0,16.8,3,7,4.0,189.94,54.99
12457,0,10.0,Mobile Phone,3,15,Credit Card,Female,3.4,3,Laptop & Accessory,5,Single,8,0,11.0,5,4,0.0,222.9,82.74
12458,1,17.0,Mobile Phone,3,27,Credit Card,Female,3.3,1,Laptop & Accessory,4,Married,5,1,22.6,1,1,3.0,203.53,88.85
12459,0,12.0,Phone,2,30,UPI,Male,1.8,6,Grocery,1,Single,2,0,16.5,2,3,4.0,168.01,67.41
12460,0,9.0,Phone,3,31,Cash on Delivery,Female,3.5,3,Fashion,5,Single,2,0,21.4,2,2,23.0,143.44,104.09
12461,0,61.0,Mobile Phone,3,16,Credit Card,Female,3.2,2,Laptop & Accessory,5,Married,1,0,11.6,2,3,0.0,125.12,47.56
12462,0,,Phone,1,19,Credit Card,Male,2.3,2,Laptop & Accessory,3,Single,2,1,11.0,2,11,0.0,50.0,67.37
12463,0,17.0,Mobile Phone,3,6,UPI,Male,2.6,1,Mobile Phone,4,Single,1,0,11.0,2,4,0.0,173.09,58.93
12464,0,15.0,Mobile Phone,2,12,Debit Card,Female,1.3,3,Laptop & Accessory,5,Married,3,0,19.2,2,1,2.0,111.42,20.99
12465,1,17.0,Computer,1,24,Debit Card,Female,4.0,1,Mobile Phone,4,Divorced,5,1,12.4,3,2,6.0,127.43,81.8
12466,0,4.0,Mobile Phone,1,27,Credit Card,Male,3.2,1,Grocery,5,Married,3,1,11.0,3,3,7.0,161.97,99.44
12467,1,,Phone,2,30,Debit Card,Female,3.2,4,Mobile Phone,1,Divorced,7,1,16.1,3,2,5.0,148.74,90.26
12468,1,1.0,Mobile Phone,3,6,E wallet,Female,3.1,3,Grocery,2,Single,2,1,13.1,5,2,9.0,212.86,72.78
12469,1,,Phone,1,28,UPI,Male,3.5,4,Fashion,3,Single,5,0,13.2,3,2,1.0,170.0,20.0
12470,0,14.0,Phone,2,10,Cash on Delivery,Male,1.2,3,Mobile Phone,4,Married,3,0,11.0,3,2,0.0,277.61,85.63
12471,0,4.0,Mobile Phone,2,5,UPI,Male,6.0,5,Others,5,Single,2,0,11.0,3,2,0.0,311.64,120.0
12472,0,,Computer,1,29,Debit Card,Male,3.9,5,Mobile Phone,5,Married,4,0,11.7,0,7,7.0,161.63,61.69
12473,0,43.0,Mobile Phone,1,31,Debit Card,Male,3.4,4,Grocery,3,Married,9,1,11.0,4,3,5.0,129.18,68.57
12474,1,23.0,Computer,3,22,Debit Card,Male,5.2,5,Grocery,1,Married,9,1,11.6,2,1,,74.21,103.1
12475,0,13.0,Mobile Phone,2,8,UPI,Female,3.4,4,Others,5,Divorced,6,1,20.0,2,5,1.0,289.67,67.8
12476,0,36.0,Computer,2,29,UPI,Male,5.3,5,Laptop & Accessory,4,Married,7,0,11.0,2,2,1.0,136.56,59.67
12477,0,2.0,Mobile Phone,1,12,Debit Card,Male,5.5,4,Laptop & Accessory,2,Divorced,1,1,11.0,3,4,12.0,147.58,65.01
12478,0,28.0,Mobile Phone,2,12,UPI,Male,4.6,5,Mobile Phone,3,Single,3,1,11.8,2,2,0.0,138.02,88.82
12479,1,,Computer,2,18,Debit Card,Male,3.0,1,Grocery,4,Married,2,0,11.0,2,3,5.0,160.4,92.72
12480,0,28.0,Phone,1,24,Credit Card,Male,2.9,1,Mobile Phone,4,Single,9,1,13.7,0,3,1.0,151.38,20.0
12481,0,5.0,Mobile Phone,1,18,Credit Card,Male,2.6,1,Laptop & Accessory,3,Married,8,0,21.2,4,8,0.0,229.61,85.28
12482,0,37.0,Computer,2,5,Credit Card,Female,4.0,3,Laptop & Accessory,3,Single,3,0,13.3,0,5,5.0,50.0,69.71
12483,0,51.0,Computer,1,30,Credit Card,Female,1.8,2,Fashion,5,Divorced,8,0,16.5,0,7,1.0,168.74,41.3
12484,1,2.0,Mobile Phone,1,24,Debit Card,Female,2.8,4,Fashion,4,Married,8,0,,3,3,5.0,223.08,107.93
12485,0,11.0,Mobile Phone,3,7,Credit Card,Male,0.4,2,Grocery,3,Married,8,0,15.5,1,2,4.0,138.58,84.63
12486,0,61.0,Mobile Phone,3,19,E wallet,Male,1.7,1,Mobile Phone,3,Married,4,0,23.9,2,4,3.0,215.3,25.76
12487,0,11.0,Mobile Phone,2,31,E wallet,Male,3.1,4,Others,4,Married,7,1,15.6,3,4,6.0,185.37,87.18
12488,0,35.0,Mobile Phone,1,23,UPI,Female,,4,Laptop & Accessory,2,Married,8,0,15.8,3,3,,136.93,100.1
12489,0,15.0,Mobile Phone,1,5,Cash on Delivery,Male,4.2,3,Fashion,2,Divorced,5,1,16.7,3,3,1.0,71.27,41.81
12490,0,8.0,Mobile Phone,2,29,UPI,Female,3.1,2,Mobile Phone,4,Single,9,0,24.4,3,1,5.0,204.39,71.48
12491,0,6.0,Mobile Phone,2,7,Debit Card,Male,2.3,6,Others,3,Single,9,0,23.1,1,3,3.0,199.1,62.52
12492,0,4.0,Computer,3,24,Cash on Delivery,Male,2.3,2,Others,4,Married,3,0,11.0,3,1,0.0,135.56,65.5
12493,0,25.0,Mobile Phone,2,5,UPI,Female,2.2,5,Others,2,Single,3,0,22.2,0,1,,225.59,55.43
12494,1,8.0,Mobile Phone,3,23,Cash on Delivery,Male,5.4,4,Mobile Phone,4,Married,8,0,,0,3,3.0,150.9,51.74
12495,0,12.0,Mobile Phone,1,21,UPI,Male,2.5,1,Mobile Phone,3,Married,7,0,11.0,3,2,8.0,242.07,83.6
12496,1,12.0,Computer,1,17,Debit Card,Female,3.5,5,Laptop & Accessory,1,Married,9,0,15.2,1,3,8.0,198.18,68.41
12497,1,15.0,Phone,2,24,Cash on Delivery,Male,2.7,6,Grocery,2,Single,2,0,18.2,3,3,2.0,268.8,88.21
12498,0,36.0,Computer,3,20,Debit Card,Male,3.7,5,Grocery,5,Married,2,1,11.0,1,1,2.0,201.78,97.23
12499,0,61.0,Phone,3,30,UPI,Female,1.8,4,Grocery,5,Single,7,0,11.0,2,3,2.0,181.68,113.28
12500,1,9.0,Mobile Phone,1,16,Credit Card,Male,2.4,5,Others,2,Married,8,0,11.0,3,3,2.0,66.93,42.2
12501,0,31.0,Mobile Phone,2,11,E wallet,Female,3.5,4,Fashion,4,Divorced,3,0,11.1,1,4,9.0,183.22,104.24
12502,0,26.0,Mobile Phone,2,30,Debit Card,Female,2.2,4,Laptop & Accessory,4,Married,1,0,21.3,1,1,6.0,165.65,78.83
12503,0,15.0,Mobile Phone,3,31,Debit Card,Male,3.8,5,Fashion,5,Married,7,0,14.7,1,1,0.0,276.91,70.59
12504,0,56.0,Mobile Phone,1,28,UPI,Male,3.6,1,Mobile Phone,3,Single,6,1,17.5,1,2,3.0,192.81,74.83
12505,1,4.0,Computer,1,28,Debit Card,Male,3.0,6,Mobile Phone,4,Married,1,1,15.5,2,2,,226.95,61.03
12506,0,2.0,Mobile Phone,1,21,Credit Card,Male,2.7,5,Fashion,1,Single,9,0,26.0,2,2,3.0,264.23,20.0
12507,0,34.0,Mobile Phone,1,15,Debit Card,Female,2.8,2,Laptop & Accessory,3,Married,6,0,21.0,2,3,,260.37,89.87
12508,0,10.0,Mobile Phone,1,26,Credit Card,Male,4.0,4,Fashion,5,Married,5,0,14.9,1,1,5.0,174.78,82.48
12509,0,33.0,Mobile Phone,2,12,Credit Card,Male,3.6,1,Laptop & Accessory,4,Single,3,1,13.4,2,6,1.0,307.74,74.33
12510,0,,Computer,2,14,Cash on Delivery,Female,4.9,6,Others,3,Divorced,9,0,11.0,6,2,1.0,149.63,20.95
12511,0,1.0,Phone,3,20,Credit Card,Male,1.5,3,Laptop & Accessory,2,Divorced,7,0,11.0,3,5,5.0,259.83,70.27
12512,0,38.0,Phone,2,33,E wallet,Male,1.3,3,Others,4,Single,4,1,11.0,4,1,2.0,135.21,78.51
12513,0,10.0,Phone,2,14,Credit Card,Female,2.6,5,Others,4,Single,1,1,20.9,3,2,3.0,231.6,120.0
12514,1,12.0,Mobile Phone,1,28,Debit Card,Female,2.7,3,Laptop & Accessory,3,Married,4,1,11.0,3,5,4.0,122.17,76.52
12515,0,17.0,Mobile Phone,3,29,E wallet,Female,2.9,2,Laptop & Accessory,5,Single,3,1,18.9,0,4,6.0,217.12,20.0
12516,0,46.0,Mobile Phone,3,12,Debit Card,Male,4.8,5,Laptop & Accessory,1,Single,6,1,12.0,0,2,1.0,128.76,80.53
12517,0,,Mobile Phone,2,9,Debit Card,Male,3.4,5,Laptop & Accessory,3,Divorced,1,0,11.0,5,2,0.0,117.8,100.28
12518,0,11.0,Computer,2,21,Cash on Delivery,Male,3.3,6,Others,5,Married,4,0,13.0,2,3,1.0,122.02,55.12
12519,1,20.0,Mobile Phone,3,17,Credit Card,Female,2.3,1,Grocery,3,Single,1,1,25.8,3,1,2.0,209.88,20.0
12520,0,23.0,Computer,2,29,Debit Card,Female,2.8,4,Laptop & Accessory,3,Married,1,0,26.0,2,3,1.0,209.67,120.0
12521,0,21.0,Computer,2,14,Debit Card,Female,,5,Others,4,Married,6,1,12.8,1,6,3.0,209.41,68.64
12522,1,2.0,Phone,1,14,Debit Card,Male,2.8,5,Fashion,5,Single,6,0,12.3,4,2,,193.28,48.9
12523,0,6.0,Computer,2,30,E wallet,Female,3.2,5,Others,2,Single,9,0,20.7,3,3,2.0,150.96,88.95
12524,0,7.0,Phone,1,30,Credit Card,Male,3.5,1,Fashion,5,Single,7,0,15.9,4,1,1.0,136.71,37.03
12525,0,29.0,Mobile Phone,1,25,Cash on Delivery,Female,4.1,5,Mobile Phone,4,Married,6,0,11.1,1,1,3.0,117.9,36.87
12526,0,,Mobile Phone,3,27,Debit Card,Female,4.1,6,Laptop & Accessory,2,Married,3,0,,2,2,2.0,114.3,53.58
12527,0,4.0,Mobile Phone,2,16,UPI,Female,3.4,4,Laptop & Accessory,4,Single,3,0,19.6,1,3,1.0,252.78,72.18
12528,0,56.0,Mobile Phone,2,16,Credit Card,Female,4.5,4,Fashion,3,Married,5,0,13.6,2,6,9.0,116.47,46.76
12529,1,1.0,Mobile Phone,2,11,Credit Card,Female,3.4,5,Fashion,3,Single,6,1,13.7,4,1,0.0,124.07,81.79
12530,0,61.0,Phone,1,15,UPI,Female,,1,Fashion,4,Single,6,0,25.3,4,2,4.0,120.11,85.73
12531,0,20.0,Computer,2,24,Debit Card,Male,1.1,3,Others,5,Single,8,0,11.0,4,4,10.0,100.4,64.21
12532,0,31.0,Mobile Phone,1,28,Credit Card,Female,4.7,5,Others,2,Single,8,0,11.8,2,3,3.0,198.28,59.05
12533,0,6.0,Computer,3,31,Credit Card,Male,2.3,6,Mobile Phone,3,Divorced,1,0,12.2,2,6,8.0,147.85,90.4
12534,1,1.0,Mobile Phone,2,30,UPI,Male,4.1,5,Mobile Phone,3,Married,3,1,25.2,1,2,0.0,170.17,82.87
12535,1,24.0,Mobile Phone,1,29,E wallet,Male,4.8,2,Mobile Phone,3,Married,5,1,11.0,2,4,2.0,173.01,32.87
12536,0,32.0,Phone,2,16,Cash on Delivery,Male,1.9,6,Others,3,Single,9,1,19.9,1,6,2.0,197.32,101.66
12537,1,,Mobile Phone,2,8,UPI,Male,2.0,1,Others,1,Divorced,4,1,14.8,0,2,0.0,186.08,88.13
12538,0,2.0,Phone,2,22,Debit Card,Male,4.1,4,Others,4,Divorced,5,0,25.9,2,3,2.0,251.03,48.89
12539,0,25.0,Mobile Phone,3,14,Cash on Delivery,Female,3.5,1,Laptop & Accessory,3,Divorced,1,1,17.1,4,1,1.0,139.93,20.0
12540,0,26.0,Mobile Phone,2,24,UPI,Male,2.7,1,Mobile Phone,2,Married,7,1,11.0,1,6,4.0,144.47,73.69
12541,0,19.0,Mobile Phone,3,6,UPI,Male,3.4,5,Mobile Phone,5,Married,2,1,24.7,2,4,11.0,174.66,71.84
12542,0,26.0,Phone,1,32,Credit Card,Female,3.9,2,Mobile Phone,5,Married,1,0,13.6,0,2,0.0,175.6,72.93
12543,0,33.0,Mobile Phone,1,5,Credit Card,Male,4.0,5,Laptop & Accessory,3,Single,2,1,11.0,1,4,1.0,91.02,106.41
12544,0,17.0,Mobile Phone,3,18,Credit Card,Female,4.8,1,Grocery,3,Single,8,0,12.6,1,4,2.0,85.4,64.13
12545,1,1.0,Mobile Phone,3,21,UPI,Female,2.2,5,Mobile Phone,4,Single,1,1,15.2,1,2,2.0,171.55,76.6
12546,0,12.0,Computer,3,31,Debit Card,Male,4.4,6,Mobile Phone,3,Divorced,1,0,11.0,4,5,5.0,263.15,81.88
12547,1,1.0,Computer,2,8,Debit Card,Male,5.4,1,Fashion,2,Single,1,0,11.0,0,2,2.0,269.09,51.65
12548,0,9.0,Mobile Phone,2,34,Debit Card,Female,,4,Others,4,Single,2,0,16.8,2,2,0.0,112.97,88.33
12549,0,9.0,Mobile Phone,2,29,E wallet,Female,4.8,5,Grocery,1,Divorced,1,0,11.0,1,3,4.0,154.17,105.82
12550,1,1.0,Mobile Phone,2,34,E wallet,Male,2.8,5,Fashion,1,Single,2,0,11.0,4,4,8.0,189.75,52.57
12551,1,7.0,Mobile Phone,2,35,UPI,Female,3.2,4,Laptop & Accessory,1,Single,7,1,23.1,1,2,2.0,198.24,20.0
12552,1,2.0,Phone,1,13,Debit Card,Male,3.6,5,Fashion,2,Married,1,0,13.0,2,3,3.0,121.58,41.22
12553,0,,Phone,2,35,UPI,Male,3.2,1,Laptop & Accessory,1,Married,2,0,11.0,0,5,0.0,282.15,66.97
12554,0,53.0,Phone,3,11,Debit Card,Male,2.2,3,Fashion,5,Married,3,0,11.0,1,4,0.0,145.78,20.0
12555,0,1.0,Mobile Phone,2,25,Credit Card,Male,1.7,5,Mobile Phone,3,Single,2,0,17.3,3,2,1.0,202.13,49.35
12556,0,55.0,Computer,2,26,Debit Card,Female,4.2,4,Laptop & Accessory,2,Single,3,0,17.5,2,4,2.0,160.24,65.96
12557,0,13.0,Phone,1,21,UPI,Male,,4,Grocery,2,Single,7,0,19.0,3,2,10.0,160.54,84.25
12558,0,6.0,Mobile Phone,1,7,Cash on Delivery,Male,1.0,3,Fashion,5,Divorced,2,0,19.8,1,3,2.0,225.4,94.51
12559,0,,Mobile Phone,3,5,Credit Card,Male,3.8,1,Mobile Phone,4,Single,3,0,17.0,3,2,0.0,239.1,75.55
12560,0,12.0,Computer,2,14,Debit Card,Male,3.5,2,Mobile Phone,3,Married,6,0,18.6,1,2,1.0,220.84,59.87
12561,0,28.0,Mobile Phone,3,9,Debit Card,Male,2.4,1,Fashion,5,Divorced,4,0,12.1,6,4,1.0,127.01,52.9
12562,0,22.0,Computer,1,8,Credit Card,Female,3.5,6,Fashion,3,Married,1,0,11.0,1,1,3.0,99.26,63.35
12563,1,1.0,Mobile Phone,2,23,Debit Card,Male,1.9,5,Mobile Phone,3,Married,8,1,23.1,1,1,2.0,339.62,89.05
12564,1,1.0,Computer,3,10,Debit Card,Male,2.5,4,Fashion,2,Single,7,0,20.3,3,6,1.0,198.42,80.93
12565,0,9.0,Computer,2,10,Credit Card,Male,2.0,4,Laptop & Accessory,3,Single,8,0,13.3,1,3,3.0,126.13,65.87
12566,0,6.0,Mobile Phone,1,13,E wallet,Male,4.1,1,Laptop & Accessory,3,Single,9,0,11.0,3,4,1.0,236.53,104.59
12567,0,4.0,Mobile Phone,1,24,Credit Card,Female,,1,Laptop & Accessory,4,Married,9,0,26.0,1,6,0.0,125.65,55.16
12568,0,5.0,Phone,1,13,UPI,Male,2.4,5,Fashion,3,Married,3,0,11.0,3,4,0.0,298.11,97.69
12569,0,29.0,Computer,1,33,Cash on Delivery,Male,2.2,1,Mobile Phone,4,Married,9,0,16.4,3,3,1.0,155.54,51.8
12570,0,47.0,Mobile Phone,2,19,UPI,Female,,3,Fashion,1,Single,6,0,11.0,2,2,0.0,231.53,31.72
12571,1,9.0,Phone,3,24,Debit Card,Male,3.8,3,Laptop & Accessory,2,Married,2,0,12.5,2,6,1.0,177.31,67.25
12572,0,42.0,Mobile Phone,3,12,Credit Card,Female,2.6,2,Others,3,Married,1,0,11.0,1,8,5.0,88.55,20.0
12573,0,6.0,Computer,1,28,Debit Card,Male,3.5,4,Fashion,5,Married,4,0,11.0,3,5,5.0,120.96,56.18
12574,1,11.0,Mobile Phone,3,6,Debit Card,Female,0.0,5,Laptop & Accessory,3,Single,9,1,17.3,0,2,3.0,133.95,89.18
12575,1,4.0,Mobile Phone,2,34,Debit Card,Male,2.0,5,Mobile Phone,4,Married,2,0,18.9,3,1,7.0,138.91,88.73
12576,0,18.0,Mobile Phone,1,14,Debit Card,Female,4.4,1,Others,3,Single,1,0,11.0,2,6,1.0,191.25,105.16
12577,0,61.0,Mobile Phone,1,18,Credit Card,Male,2.7,4,Others,2,Divorced,2,1,26.0,4,3,8.0,50.0,43.88
12578,0,16.0,Phone,2,32,Credit Card,Male,1.6,2,Laptop & Accessory,1,Married,7,1,16.7,1,1,2.0,191.66,32.95
12579,0,7.0,Mobile Phone,1,28,UPI,Female,,2,Grocery,3,Single,5,0,16.0,1,2,2.0,61.45,84.66
12580,0,18.0,Computer,1,6,Debit Card,Female,1.0,2,Fashion,2,Divorced,5,1,17.3,3,1,2.0,201.48,42.66
12581,0,2.0,Mobile Phone,1,31,Debit Card,Male,1.5,6,Laptop & Accessory,2,Single,4,0,11.4,3,5,0.0,131.97,71.5
12582,0,,Phone,2,28,Debit Card,Female,2.0,4,Grocery,4,Married,1,0,11.0,3,3,14.0,188.08,34.24
12583,1,12.0,Phone,1,26,Credit Card,Male,2.1,6,Fashion,1,Single,8,0,11.0,3,2,0.0,99.96,51.37
12584,0,10.0,Phone,1,17,Credit Card,Male,4.6,2,Laptop & Accessory,4,Single,1,0,11.7,3,4,1.0,142.24,50.19
12585,0,15.0,Computer,1,23,Cash on Delivery,Female,2.8,6,Grocery,3,Single,3,0,18.4,2,5,1.0,57.21,64.59
12586,0,17.0,Mobile Phone,1,32,Debit Card,Male,5.8,6,Grocery,4,Single,2,0,12.7,3,3,0.0,105.23,61.57
12587,1,1.0,Mobile Phone,1,31,Cash on Delivery,Female,0.7,3,Laptop & Accessory,4,Married,2,0,18.7,2,2,0.0,264.09,71.65
12588,0,20.0,Phone,2,34,Credit Card,Female,4.2,1,Laptop & Accessory,3,Single,9,0,11.0,2,6,0.0,265.67,71.71
12589,0,4.0,Mobile Phone,1,33,Debit Card,Female,2.5,2,Laptop & Accessory,3,Divorced,9,0,11.1,3,1,1.0,105.35,79.19
12590,0,22.0,Computer,1,33,UPI,Male,,3,Mobile Phone,4,Married,5,0,11.0,2,2,8.0,159.69,54.82
12591,0,31.0,Mobile Phone,1,34,Cash on Delivery,Female,2.4,3,Laptop & Accessory,5,Married,2,0,11.0,2,6,1.0,207.5,79.62
12592,0,29.0,Computer,1,11,UPI,Male,2.7,5,Grocery,2,Single,7,0,12.3,1,3,0.0,184.83,95.93
12593,1,14.0,Computer,3,16,Cash on Delivery,Female,4.1,6,Fashion,1,Single,8,1,11.0,1,4,4.0,145.45,30.1
12594,0,13.0,Mobile Phone,2,10,UPI,Male,2.2,1,Laptop & Accessory,5,Married,9,0,17.7,1,1,22.0,86.57,35.13
12595,0,2.0,Mobile Phone,2,7,Credit Card,Female,3.0,5,Fashion,3,Married,4,0,19.4,0,4,1.0,232.62,86.17
12596,0,26.0,Computer,3,34,Cash on Delivery,Female,4.3,4,Others,4,Married,1,1,11.0,0,2,1.0,149.53,88.69
12597,0,5.0,Phone,1,9,UPI,Male,0.5,3,Mobile Phone,3,Married,7,0,13.5,0,1,14.0,81.27,55.21
12598,1,12.0,Mobile Phone,1,8,Credit Card,Female,5.5,6,Laptop & Accessory,2,Single,7,1,11.0,0,2,0.0,177.29,83.1
12599,0,,Phone,2,18,UPI,Female,4.5,5,Others,4,Married,1,0,,0,3,2.0,159.39,53.51
12600,0,2.0,Mobile Phone,1,33,Debit Card,Male,3.6,1,Fashion,4,Married,4,0,11.0,0,3,1.0,149.48,64.38
12601,1,17.0,Computer,2,10,E wallet,Male,3.5,3,Mobile Phone,2,Married,4,0,11.8,4,3,10.0,187.59,64.35
12602,1,1.0,Mobile Phone,3,21,Debit Card,Female,3.3,2,Mobile Phone,3,Married,1,0,13.7,0,4,15.0,167.23,68.58
12603,0,24.0,Mobile Phone,2,21,Debit Card,Male,2.3,1,Mobile Phone,4,Married,7,0,16.7,1,3,6.0,247.28,106.66
12604,0,6.0,Mobile Phone,1,28,Cash on Delivery,Male,4.0,2,Laptop & Accessory,4,Married,3,1,15.3,4,4,1.0,125.21,120.0
12605,1,1.0,Mobile Phone,3,17,Cash on Delivery,Male,2.8,4,Grocery,1,Single,1,1,17.4,3,3,2.0,133.75,23.98
12606,0,12.0,Phone,2,28,Debit Card,Male,1.8,2,Others,4,Single,7,0,19.3,3,1,1.0,226.29,47.99
12607,1,1.0,Mobile Phone,3,16,Credit Card,Male,4.5,2,Others,4,Married,3,1,14.2,1,1,8.0,329.72,44.18
12608,0,5.0,Phone,1,29,E wallet,Male,2.0,4,Laptop & Accessory,4,Single,3,0,11.0,2,1,9.0,320.33,106.36
12609,0,22.0,Computer,1,33,Cash on Delivery,Male,4.1,4,Mobile Phone,4,Married,3,0,11.0,2,4,2.0,223.91,100.69
12610,1,1.0,Mobile Phone,1,28,Debit Card,Male,2.8,2,Mobile Phone,2,Single,4,0,11.0,3,3,4.0,158.97,91.73
12611,1,32.0,Mobile Phone,1,34,Debit Card,Male,3.7,3,Mobile Phone,4,Single,5,1,16.3,2,7,0.0,147.96,53.19
12612,0,1.0,Mobile Phone,2,6,UPI,Female,1.9,3,Mobile Phone,4,Married,1,0,11.0,4,7,2.0,156.78,71.38
12613,1,5.0,Phone,1,18,UPI,Female,1.8,6,Others,1,Single,3,0,21.4,0,4,3.0,75.53,20.0
12614,0,24.0,Computer,1,31,Debit Card,Male,3.9,5,Others,3,Married,1,1,11.0,0,4,1.0,220.98,86.91
12615,0,6.0,Mobile Phone,1,9,Debit Card,Male,4.9,5,Laptop & Accessory,3,Married,3,0,14.3,2,3,1.0,259.28,76.73
12616,1,,Mobile Phone,2,12,E wallet,Female,4.5,4,Fashion,4,Single,3,0,23.9,2,10,0.0,171.9,51.1
12617,0,8.0,Computer,1,19,UPI,Female,3.4,1,Fashion,2,Married,4,0,13.9,1,3,6.0,305.57,88.41
12618,0,5.0,Mobile Phone,3,13,Debit Card,Female,1.7,2,Laptop & Accessory,4,Divorced,1,0,11.0,1,4,8.0,343.56,58.99
12619,0,33.0,Mobile Phone,2,20,Debit Card,Male,0.4,4,Laptop & Accessory,5,Married,5,0,11.0,1,2,,233.11,20.0
12620,0,6.0,Mobile Phone,1,17,Credit Card,Male,5.3,4,Laptop & Accessory,4,Married,4,1,17.4,3,5,5.0,139.78,103.34
12621,0,28.0,Computer,2,26,UPI,Male,2.4,4,Grocery,5,Single,5,0,16.9,1,2,3.0,128.51,117.0
12622,0,40.0,Phone,2,19,UPI,Male,4.6,3,Mobile Phone,5,Married,6,0,18.5,0,3,1.0,226.44,24.02
12623,1,10.0,Mobile Phone,3,8,UPI,Female,3.7,1,Fashion,1,Married,3,0,15.7,2,2,29.0,243.2,73.01
12624,0,43.0,Phone,1,29,Debit Card,Male,0.5,3,Mobile Phone,4,Married,3,0,11.8,4,3,3.0,140.59,109.73
12625,0,8.0,Computer,3,20,Cash on Delivery,Female,2.8,5,Grocery,3,Single,5,0,11.0,0,4,4.0,110.43,25.33
12626,0,59.0,Computer,2,16,Cash on Delivery,Male,3.6,4,Laptop & Accessory,5,Single,5,1,,0,2,4.0,77.36,20.0
12627,1,1.0,Computer,3,24,Debit Card,Female,1.0,3,Laptop & Accessory,3,Single,9,0,20.9,4,5,7.0,117.38,57.9
12628,0,20.0,Computer,2,26,Debit Card,Female,2.5,4,Mobile Phone,5,Single,7,0,11.0,3,3,0.0,154.91,67.67
12629,0,12.0,Mobile Phone,3,16,Debit Card,Male,1.7,1,Mobile Phone,4,Married,6,0,20.6,0,3,0.0,245.43,103.63
12630,0,8.0,Computer,3,35,Debit Card,Male,4.7,2,Laptop & Accessory,4,Married,2,0,13.3,1,4,4.0,145.64,120.0
12631,1,18.0,Phone,1,19,E wallet,Male,,3,Grocery,1,Divorced,9,1,14.0,3,4,9.0,50.0,85.23
12632,0,21.0,Mobile Phone,3,9,UPI,Male,3.5,1,Fashion,2,Single,3,1,19.2,3,4,4.0,140.69,20.0
12633,0,1.0,Mobile Phone,2,5,Debit Card,Female,2.0,2,Grocery,4,Single,7,0,14.0,0,1,2.0,160.01,78.58
12634,0,3.0,Mobile Phone,3,24,E wallet,Male,2.2,4,Mobile Phone,1,Divorced,8,1,16.4,1,2,,158.7,60.77
12635,0,22.0,Computer,1,30,UPI,Female,2.8,6,Fashion,5,Single,9,0,11.0,3,6,5.0,50.0,93.72
12636,0,19.0,Mobile Phone,3,7,Credit Card,Female,3.1,1,Laptop & Accessory,1,Married,5,0,13.3,1,2,5.0,159.53,20.0
12637,0,60.0,Mobile Phone,3,12,E wallet,Male,3.1,5,Grocery,4,Married,6,0,18.0,2,4,3.0,259.2,92.79
12638,0,25.0,Computer,1,11,E wallet,Male,1.0,6,Laptop & Accessory,3,Single,6,0,12.7,2,3,1.0,152.03,112.48
12639,0,,Computer,1,17,E wallet,Male,4.1,2,Laptop & Accessory,4,Married,5,1,13.0,5,4,10.0,139.51,71.63
12640,0,,Computer,2,14,Cash on Delivery,Female,4.9,2,Mobile Phone,4,Divorced,7,0,16.0,5,3,3.0,133.67,100.04
12641,1,6.0,Phone,2,35,Cash on Delivery,Male,3.2,4,Laptop & Accessory,3,Single,1,0,17.6,3,2,6.0,189.19,88.53
12642,1,2.0,Mobile Phone,3,21,Debit Card,Female,2.8,5,Laptop & Accessory,2,Married,5,1,24.1,4,2,0.0,88.6,20.0
12643,0,27.0,Computer,3,15,Debit Card,Female,4.3,3,Fashion,1,Married,6,0,17.6,4,1,,111.99,69.89
12644,0,,Computer,2,12,UPI,Male,3.7,1,Mobile Phone,4,Married,3,1,23.1,2,3,8.0,247.33,75.12
12645,1,1.0,Mobile Phone,1,27,E wallet,Female,3.0,6,Grocery,4,Married,2,0,14.4,0,1,0.0,220.26,33.11
12646,0,,Mobile Phone,3,19,Debit Card,Female,2.5,4,Laptop & Accessory,4,Single,4,0,11.0,0,6,2.0,147.45,74.45
12647,0,56.0,Computer,2,16,Debit Card,Male,3.0,5,Mobile Phone,4,Single,3,1,12.4,1,1,2.0,209.18,20.0
12648,0,12.0,Mobile Phone,2,22,Credit Card,Male,0.9,2,Mobile Phone,3,Single,6,0,11.0,0,1,5.0,124.82,65.7
12649,1,10.0,Mobile Phone,2,14,Debit Card,Male,3.3,2,Mobile Phone,3,Divorced,6,1,14.6,4,4,1.0,124.07,78.37
12650,0,11.0,Phone,3,16,Credit Card,Male,4.8,6,Others,1,Married,4,0,13.1,1,1,,122.85,120.0
12651,1,4.0,Mobile Phone,3,34,Credit Card,Female,0.5,2,Mobile Phone,3,Divorced,4,1,16.6,1,4,10.0,85.81,37.89
12652,0,8.0,Mobile Phone,1,34,UPI,Male,0.3,5,Fashion,5,Single,2,0,11.0,6,1,3.0,174.32,87.19
12653,0,8.0,Computer,1,8,UPI,Male,4.0,5,Others,5,Married,7,0,16.3,2,3,0.0,299.41,28.47
12654,0,1.0,Mobile Phone,1,19,UPI,Male,5.6,3,Laptop & Accessory,3,Married,9,1,17.2,0,3,0.0,60.15,99.46
12655,0,26.0,Mobile Phone,3,22,Debit Card,Male,5.4,1,Mobile Phone,4,Single,9,0,15.2,3,2,26.0,281.16,63.46
12656,0,9.0,Mobile Phone,2,29,Debit Card,Male,2.8,2,Laptop & Accessory,5,Married,2,1,11.0,4,4,0.0,50.0,82.18
12657,0,31.0,Computer,1,17,Debit Card,Female,3.8,3,Mobile Phone,3,Single,9,1,20.4,2,5,,209.95,37.84
12658,1,34.0,Mobile Phone,2,28,Cash on Delivery,Female,4.5,5,Laptop & Accessory,1,Single,5,1,18.7,3,1,2.0,68.57,81.15
12659,1,4.0,Phone,2,21,Cash on Delivery,Male,1.3,3,Mobile Phone,1,Single,6,1,13.9,2,3,8.0,210.67,47.27
12660,0,19.0,Mobile Phone,1,5,UPI,Male,0.9,2,Mobile Phone,4,Married,1,0,11.0,3,6,5.0,131.23,61.21
12661,0,11.0,Mobile Phone,1,28,Debit Card,Male,2.8,1,Others,5,Married,7,0,16.8,1,1,3.0,223.09,31.68
12662,0,38.0,Mobile Phone,1,9,Debit Card,Male,2.0,3,Laptop & Accessory,4,Married,8,0,11.8,4,3,0.0,131.72,54.36
12663,0,4.0,Mobile Phone,2,21,E wallet,Male,3.4,5,Mobile Phone,1,Divorced,5,0,11.7,3,1,8.0,209.6,73.24
12664,0,20.0,Phone,2,31,Debit Card,Female,2.6,4,Fashion,2,Single,6,0,14.5,4,3,2.0,167.01,64.46
12665,0,16.0,Phone,2,24,Debit Card,Male,5.2,6,Fashion,4,Married,4,0,23.7,3,4,10.0,252.49,102.11
12666,0,6.0,Mobile Phone,2,22,Debit Card,Female,3.9,4,Mobile Phone,5,Divorced,3,0,15.9,2,4,2.0,168.35,47.69
12667,1,2.0,Mobile Phone,2,33,Credit Card,Male,2.8,3,Laptop & Accessory,4,Married,3,0,,1,3,4.0,192.41,112.91
12668,0,18.0,Mobile Phone,2,13,Cash on Delivery,Female,0.6,5,Mobile Phone,4,Married,2,0,,2,3,0.0,183.33,54.76
12669,0,24.0,Computer,3,14,E wallet,Female,3.6,3,Laptop & Accessory,1,Single,6,1,15.2,0,3,5.0,232.38,113.95
12670,0,6.0,Computer,2,26,Cash on Delivery,Female,3.4,3,Mobile Phone,5,Married,9,0,15.0,4,1,1.0,235.84,74.96
12671,0,18.0,Phone,1,31,Debit Card,Female,2.8,4,Fashion,4,Married,3,0,18.6,2,2,1.0,182.15,120.0
12672,1,,Computer,3,29,Cash on Delivery,Female,2.3,6,Others,3,Single,1,1,11.8,1,4,0.0,75.81,69.76
12673,0,22.0,Computer,1,21,E wallet,Female,2.4,3,Fashion,4,Married,1,0,11.0,2,2,0.0,121.25,20.0
12674,0,3.0,Mobile Phone,1,5,Credit Card,Female,4.8,6,Others,2,Single,4,1,,1,5,0.0,226.84,57.87
12675,0,39.0,Mobile Phone,3,31,Debit Card,Male,4.7,4,Laptop & Accessory,1,Married,1,0,14.5,3,1,1.0,86.83,64.79
12676,0,6.0,Computer,3,8,Debit Card,Female,2.6,6,Grocery,2,Married,2,0,14.9,1,3,8.0,135.58,113.91
12677,0,8.0,Computer,2,22,Cash on Delivery,Female,3.6,5,Mobile Phone,2,Single,4,0,14.9,0,2,1.0,143.14,20.0
12678,0,1.0,Mobile Phone,1,19,E wallet,Male,3.6,5,Fashion,3,Single,4,1,11.0,3,5,5.0,165.71,37.89
12679,0,2.0,Phone,2,19,E wallet,Male,1.5,5,Mobile Phone,3,Married,8,0,14.5,1,6,0.0,157.15,71.58
12680,1,13.0,Computer,3,5,UPI,Male,2.2,6,Mobile Phone,4,Single,4,1,19.1,0,3,3.0,181.92,74.43
12681,0,5.0,Mobile Phone,3,26,Credit Card,Male,4.7,4,Mobile Phone,3,Married,3,0,22.6,0,1,2.0,115.52,102.52
12682,0,32.0,Computer,3,28,Credit Card,Female,1.8,2,Fashion,3,Married,4,0,20.9,4,4,15.0,127.48,20.0
12683,0,1.0,Mobile Phone,1,5,UPI,Male,2.4,6,Fashion,1,Married,5,0,14.6,1,1,7.0,286.22,43.59
12684,0,,Mobile Phone,3,15,E wallet,Female,,2,Fashion,4,Married,5,0,14.1,6,4,,263.79,90.3
12685,0,7.0,Computer,2,15,Cash on Delivery,Male,2.8,2,Mobile Phone,3,Married,4,0,22.5,2,1,5.0,210.44,63.13
12686,1,1.0,Phone,3,30,Debit Card,Female,1.9,2,Grocery,3,Divorced,2,1,14.3,1,4,0.0,216.55,86.27
12687,1,2.0,Mobile Phone,2,30,Debit Card,Male,2.6,5,Grocery,5,Married,3,0,20.2,3,1,,195.34,61.08
12688,0,9.0,Computer,2,10,Credit Card,Female,0.7,2,Grocery,4,Single,3,0,14.8,1,5,0.0,175.74,96.12
12689,0,12.0,Mobile Phone,2,5,Credit Card,Male,3.8,3,Laptop & Accessory,5,Married,5,0,11.0,3,2,1.0,126.73,45.15
12690,0,9.0,Mobile Phone,2,35,Debit Card,Male,2.9,4,Mobile Phone,3,Married,2,1,19.0,2,5,1.0,265.84,57.48
12691,0,13.0,Mobile Phone,1,18,UPI,Female,1.3,2,Others,2,Married,2,1,20.8,3,2,5.0,290.96,63.37
12692,0,16.0,Computer,3,28,E wallet,Male,2.3,5,Mobile Phone,4,Single,2,1,13.0,3,3,2.0,145.64,43.25
12693,1,1.0,Computer,3,10,UPI,Female,0.4,2,Fashion,2,Divorced,6,1,11.0,3,2,5.0,244.66,68.47
12694,1,11.0,Mobile Phone,3,34,Credit Card,Female,1.6,4,Grocery,3,Single,8,1,24.1,3,1,2.0,152.5,51.91
12695,0,59.0,Mobile Phone,1,21,Cash on Delivery,Male,1.0,1,Others,1,Married,6,1,14.1,1,7,0.0,130.85,74.47
12696,0,13.0,Computer,1,13,Debit Card,Male,5.8,1,Others,5,Single,4,0,12.9,2,4,5.0,151.86,72.95
12697,1,20.0,Mobile Phone,1,21,Debit Card,Male,3.4,6,Laptop & Accessory,2,Married,8,0,17.7,5,3,7.0,155.39,42.69
12698,0,6.0,Computer,2,29,E wallet,Male,3.1,5,Laptop & Accessory,5,Single,4,0,26.0,0,6,9.0,213.82,81.49
12699,0,26.0,Computer,1,18,Credit Card,Female,1.9,5,Fashion,5,Single,9,0,17.9,2,1,3.0,150.96,72.3
12700,0,26.0,Phone,3,23,E wallet,Female,3.4,5,Fashion,3,Married,8,0,16.1,5,3,5.0,228.95,47.32
12701,0,13.0,Computer,2,12,E wallet,Male,3.2,2,Grocery,4,Married,4,0,15.4,1,5,5.0,133.82,91.27
12702,0,61.0,Mobile Phone,2,28,UPI,Male,4.0,4,Fashion,4,Single,7,0,24.9,1,3,0.0,174.06,68.42
12703,0,2.0,Mobile Phone,3,27,Debit Card,Male,2.4,4,Laptop & Accessory,5,Divorced,9,1,18.2,5,3,0.0,109.68,97.2
12704,0,1.0,Mobile Phone,1,16,UPI,Male,2.3,4,Mobile Phone,3,Single,6,0,20.2,3,1,0.0,99.4,107.57
12705,0,26.0,Phone,3,6,Credit Card,Female,2.3,1,Laptop & Accessory,4,Married,1,1,16.8,3,4,1.0,199.64,32.14
12706,0,29.0,Mobile Phone,3,7,E wallet,Male,2.7,4,Grocery,3,Divorced,6,1,18.2,0,4,2.0,184.11,115.58
12707,0,2.0,Mobile Phone,2,25,Credit Card,Male,3.2,5,Laptop & Accessory,5,Divorced,8,1,13.3,1,5,24.0,149.99,81.56
12708,1,5.0,Mobile Phone,1,17,Cash on Delivery,Female,4.6,2,Fashion,3,Married,9,1,16.0,0,2,2.0,121.99,74.31
12709,1,1.0,Phone,1,9,Credit Card,Female,4.5,1,Mobile Phone,3,Single,1,1,11.0,2,2,5.0,107.95,44.42
12710,0,6.0,Computer,1,22,Debit Card,Female,2.8,6,Mobile Phone,4,Married,5,0,12.0,1,2,4.0,199.1,75.19
12711,0,26.0,Computer,1,5,UPI,Female,6.0,2,Mobile Phone,5,Single,5,0,17.9,1,3,0.0,136.24,20.0
12712,0,13.0,Mobile Phone,2,9,UPI,Female,3.6,3,Grocery,4,Married,8,0,11.0,1,3,0.0,275.72,31.92
12713,0,7.0,Mobile Phone,1,25,E wallet,Female,3.7,5,Mobile Phone,2,Divorced,7,1,15.8,0,2,,188.57,20.0
12714,1,8.0,Phone,1,16,Credit Card,Male,4.0,1,Fashion,3,Single,5,1,12.8,1,2,4.0,209.67,60.83
12715,1,1.0,Mobile Phone,1,23,Debit Card,Male,4.5,5,Mobile Phone,5,Married,6,1,11.0,1,2,25.0,262.65,105.76
12716,1,6.0,Phone,2,28,Credit Card,Female,4.2,2,Mobile Phone,4,Single,8,0,16.4,5,5,1.0,128.44,72.81
12717,0,18.0,Phone,1,10,Credit Card,Male,2.3,4,Fashion,5,Single,6,0,19.7,3,2,9.0,205.07,82.79
12718,0,61.0,Mobile Phone,1,6,UPI,Male,2.6,3,Mobile Phone,1,Single,5,0,11.0,7,3,1.0,208.26,58.04
12719,0,33.0,Phone,1,6,UPI,Male,1.4,5,Fashion,3,Married,1,0,18.7,1,4,4.0,147.13,65.34
12720,0,1.0,Computer,1,24,Debit Card,Female,3.7,3,Others,4,Married,8,0,11.0,0,2,3.0,86.07,20.0
12721,0,41.0,Computer,2,35,Debit Card,Male,4.2,2,Mobile Phone,5,Married,8,0,23.1,2,1,0.0,50.0,96.6
12722,1,27.0,Computer,2,17,Debit Card,Male,4.2,5,Fashion,1,Single,6,1,18.4,1,5,0.0,123.78,80.31
12723,0,,Phone,3,18,UPI,Male,3.3,4,Grocery,5,Single,7,0,11.0,0,4,0.0,245.15,88.49
12724,0,11.0,Computer,2,10,Cash on Delivery,Male,3.8,3,Laptop & Accessory,4,Single,7,0,20.1,3,4,1.0,131.24,75.33
12725,0,9.0,Mobile Phone,1,16,Credit Card,Male,1.0,1,Fashion,2,Divorced,2,1,11.3,1,3,5.0,235.85,51.24
12726,0,6.0,Mobile Phone,1,29,Debit Card,Female,2.5,6,Laptop & Accessory,3,Single,6,0,11.0,0,3,0.0,132.48,80.39
12727,1,1.0,Mobile Phone,2,17,Cash on Delivery,Male,2.4,2,Grocery,3,Single,7,0,,2,6,3.0,180.93,56.08
12728,0,4.0,Computer,2,28,UPI,Female,4.8,5,Mobile Phone,4,Married,8,0,22.2,0,1,1.0,210.01,62.55
12729,0,5.0,Mobile Phone,1,12,Cash on Delivery,Female,3.4,1,Fashion,1,Married,2,0,17.9,2,5,6.0,240.09,99.02
12730,0,11.0,Mobile Phone,1,35,Cash on Delivery,Male,3.4,4,Fashion,2,Single,8,0,12.8,1,5,6.0,150.6,95.26
12731,0,24.0,Mobile Phone,1,18,UPI,Male,1.4,4,Fashion,5,Single,2,0,16.0,4,5,5.0,139.79,50.67
12732,0,,Phone,3,22,Cash on Delivery,Female,1.5,3,Others,2,Married,9,0,11.5,3,6,2.0,59.49,76.31
12733,1,1.0,Mobile Phone,2,34,Credit Card,Female,2.8,2,Fashion,2,Single,2,0,14.0,2,2,1.0,152.49,97.31
12734,0,56.0,Mobile Phone,1,31,Cash on Delivery,Female,,6,Grocery,3,Married,3,0,17.4,0,3,6.0,377.53,20.81
12735,0,,Computer,2,8,Credit Card,Female,2.0,5,Others,4,Single,8,1,11.0,5,6,0.0,165.2,68.44
12736,0,27.0,Computer,1,10,Debit Card,Female,4.8,1,Grocery,4,Divorced,6,0,17.7,2,1,1.0,92.99,68.48
12737,0,61.0,Mobile Phone,2,34,Debit Card,Male,2.1,5,Grocery,3,Married,9,1,11.0,2,2,0.0,169.2,20.0
12738,0,14.0,Mobile Phone,1,26,UPI,Female,3.7,1,Laptop & Accessory,4,Single,8,0,11.0,3,4,4.0,222.7,36.18
12739,0,59.0,Phone,2,35,UPI,Male,2.2,2,Laptop & Accessory,4,Married,6,0,18.9,2,1,4.0,142.35,28.26
12740,1,1.0,Mobile Phone,2,32,UPI,Female,4.5,4,Fashion,2,Divorced,3,1,11.0,0,2,4.0,113.05,61.13
12741,0,8.0,Mobile Phone,1,30,UPI,Female,5.3,4,Others,2,Single,3,0,11.0,4,3,2.0,330.75,71.41
12742,0,4.0,Phone,3,10,Credit Card,Female,,5,Laptop & Accessory,3,Married,2,0,13.2,1,1,0.0,202.32,22.47
12743,0,3.0,Phone,2,19,E wallet,Male,2.3,5,Grocery,3,Married,8,0,11.5,2,3,9.0,271.9,43.52
12744,0,2.0,Mobile Phone,1,28,UPI,Female,2.0,3,Laptop & Accessory,4,Single,5,0,16.4,2,2,2.0,155.98,59.26
12745,1,17.0,Mobile Phone,2,28,Debit Card,Male,2.2,1,Mobile Phone,4,Single,9,1,16.0,4,1,2.0,286.4,120.0
12746,1,27.0,Mobile Phone,3,34,UPI,Female,2.5,3,Grocery,3,Single,5,1,11.0,5,2,3.0,234.45,48.07
12747,0,15.0,Computer,1,17,Cash on Delivery,Male,2.3,1,Laptop & Accessory,2,Married,5,0,11.0,1,3,0.0,210.67,63.28
12748,0,2.0,Computer,1,11,UPI,Female,4.6,2,Fashion,2,Married,8,0,,2,1,0.0,106.28,74.51
12749,0,29.0,Mobile Phone,2,17,Debit Card,Male,,5,Grocery,4,Single,8,0,21.6,1,2,2.0,135.86,117.11
12750,0,18.0,Computer,1,25,UPI,Male,3.7,6,Fashion,3,Single,2,1,14.6,2,3,1.0,207.0,69.62
12751,0,8.0,Phone,1,10,Cash on Delivery,Male,1.5,1,Laptop & Accessory,4,Married,8,1,12.9,1,1,1.0,159.16,118.44
12752,0,20.0,Mobile Phone,2,10,Debit Card,Female,2.6,4,Fashion,2,Divorced,7,1,25.4,0,6,8.0,202.35,20.0
12753,0,5.0,Mobile Phone,3,18,Credit Card,Male,3.8,2,Laptop & Accessory,4,Married,6,0,19.5,2,3,3.0,151.39,86.69
12754,0,7.0,Mobile Phone,3,7,Debit Card,Female,2.5,4,Laptop & Accessory,5,Single,3,1,11.0,4,1,2.0,205.29,40.79
12755,0,44.0,Computer,2,35,E wallet,Male,3.4,2,Mobile Phone,3,Single,5,0,13.3,2,2,4.0,140.68,57.54
12756,0,6.0,Mobile Phone,2,15,UPI,Female,2.5,1,Grocery,3,Single,2,0,16.3,3,4,12.0,207.02,51.66
12757,0,11.0,Mobile Phone,1,17,UPI,Female,4.4,4,Laptop & Accessory,5,Single,9,1,11.0,3,1,0.0,119.49,32.86
12758,0,39.0,Mobile Phone,2,7,Credit Card,Female,3.0,6,Mobile Phone,3,Married,5,0,13.2,2,5,7.0,159.43,98.01
12759,0,22.0,Phone,3,16,Debit Card,Male,2.3,6,Others,4,Divorced,8,1,15.1,4,5,3.0,167.1,35.21
12760,1,1.0,Phone,3,27,UPI,Female,3.4,1,Mobile Phone,1,Married,5,0,13.7,2,1,0.0,125.89,45.42
12761,1,2.0,Mobile Phone,1,26,Credit Card,Male,3.4,3,Mobile Phone,4,Married,9,1,11.0,4,2,1.0,141.5,57.93
12762,1,1.0,Mobile Phone,3,25,Debit Card,Male,4.2,2,Laptop & Accessory,1,Divorced,1,0,23.8,1,2,2.0,196.8,44.76
12763,0,17.0,Phone,1,31,Debit Card,Female,1.5,5,Others,5,Married,6,0,16.6,2,4,4.0,222.47,73.74
12764,0,10.0,Mobile Phone,1,26,UPI,Male,1.9,4,Laptop & Accessory,4,Married,8,0,11.0,3,2,1.0,195.04,20.0
12765,0,,Mobile Phone,1,26,Credit Card,Male,3.3,6,Mobile Phone,4,Single,7,0,20.3,0,2,3.0,210.41,37.85
12766,0,57.0,Computer,1,24,UPI,Male,2.3,1,Grocery,4,Single,2,0,14.5,2,3,4.0,185.15,42.19
12767,0,13.0,Mobile Phone,1,32,Credit Card,Female,3.2,4,Mobile Phone,4,Divorced,2,0,21.0,1,6,2.0,138.31,39.0
12768,1,4.0,Mobile Phone,1,31,Debit Card,Female,3.3,1,Grocery,3,Single,1,0,14.4,3,2,7.0,76.39,106.24
12769,0,12.0,Mobile Phone,2,9,UPI,Male,1.9,3,Fashion,5,Married,1,0,11.0,4,3,8.0,148.23,51.89
12770,0,20.0,Phone,2,17,UPI,Male,3.3,5,Mobile Phone,5,Single,3,0,11.0,2,3,2.0,172.7,50.36
12771,1,1.0,Mobile Phone,2,27,Debit Card,Female,2.4,4,Others,3,Married,3,0,,0,3,14.0,142.33,70.28
12772,0,5.0,Phone,1,31,E wallet,Male,1.1,4,Mobile Phone,5,Married,8,1,21.2,1,3,0.0,273.17,95.54
12773,0,29.0,Mobile Phone,3,15,Cash on Delivery,Male,3.0,1,Others,4,Married,9,1,11.0,1,4,0.0,196.58,45.55
12774,0,11.0,Computer,1,21,Credit Card,Male,2.5,1,Laptop & Accessory,4,Married,5,0,23.4,1,1,1.0,174.51,72.58
12775,0,14.0,Computer,2,32,UPI,Male,,4,Laptop & Accessory,3,Single,1,0,21.2,2,2,3.0,212.82,26.58
12776,1,10.0,Mobile Phone,2,33,Cash on Delivery,Female,3.1,6,Laptop & Accessory,2,Married,2,1,11.2,1,1,3.0,301.35,74.6
12777,1,1.0,Computer,1,14,Cash on Delivery,Female,3.6,3,Laptop & Accessory,1,Divorced,4,0,14.5,0,2,2.0,163.11,63.77
12778,1,3.0,Phone,2,16,Debit Card,Female,2.3,4,Laptop & Accessory,2,Married,9,0,11.0,0,6,0.0,122.15,33.4
12779,0,10.0,Computer,1,10,Credit Card,Female,4.0,2,Mobile Phone,4,Married,5,0,,2,4,0.0,199.31,20.0
12780,0,4.0,Mobile Phone,1,9,Debit Card,Female,1.9,6,Grocery,3,Single,9,0,13.7,1,3,7.0,111.04,100.8
12781,1,1.0,Computer,3,26,Cash on Delivery,Female,2.3,2,Mobile Phone,3,Married,1,0,16.9,2,4,8.0,122.8,92.4
12782,0,33.0,Mobile Phone,3,5,UPI,Male,4.8,4,Laptop & Accessory,5,Divorced,9,0,14.3,1,2,4.0,265.44,80.84
12783,0,,Mobile Phone,1,24,Debit Card,Male,2.1,3,Laptop & Accessory,3,Divorced,8,0,15.8,1,1,4.0,257.75,103.8
12784,0,28.0,Computer,1,28,E wallet,Male,3.0,6,Fashion,3,Married,1,0,11.0,1,3,3.0,219.01,81.11
12785,0,34.0,Mobile Phone,3,24,E wallet,Female,2.1,1,Laptop & Accessory,2,Single,7,0,16.9,1,1,0.0,203.39,36.86
12786,1,4.0,Mobile Phone,1,34,Cash on Delivery,Male,4.7,6,Mobile Phone,1,Married,5,0,25.1,0,2,2.0,106.74,70.97
12787,0,,Mobile Phone,3,19,Debit Card,Male,2.0,1,Laptop & Accessory,4,Married,8,0,17.6,1,3,4.0,131.48,110.72
12788,0,3.0,Mobile Phone,1,20,Cash on Delivery,Male,5.0,4,Mobile Phone,4,Married,4,0,15.2,2,3,3.0,259.38,48.81
12789,0,54.0,Phone,3,33,Debit Card,Male,4.3,5,Others,4,Married,2,1,11.0,2,3,0.0,149.58,56.01
12790,0,61.0,Phone,2,14,Debit Card,Female,3.5,1,Others,2,Single,1,0,12.9,1,6,12.0,132.0,76.5
12791,0,22.0,Mobile Phone,3,28,Debit Card,Male,4.0,2,Fashion,4,Married,7,0,11.0,1,2,7.0,168.6,110.4
12792,0,61.0,Mobile Phone,1,31,Credit Card,Female,5.4,2,Laptop & Accessory,3,Married,1,0,11.0,3,5,1.0,214.62,85.19
12793,0,15.0,Mobile Phone,2,12,UPI,Female,2.4,5,Grocery,2,Divorced,9,0,14.6,0,6,3.0,167.55,39.37
12794,1,5.0,Computer,2,6,Cash on Delivery,Female,3.2,5,Laptop & Accessory,1,Single,1,0,18.3,2,4,10.0,169.32,68.21
12795,1,10.0,Mobile Phone,2,26,Cash on Delivery,Male,3.0,2,Fashion,2,Married,6,0,,0,3,,50.0,68.08
12796,0,16.0,Phone,2,11,Cash on Delivery,Male,2.1,4,Grocery,3,Single,2,1,22.2,2,3,2.0,175.75,84.53
12797,1,1.0,Mobile Phone,2,27,E wallet,Female,2.5,4,Mobile Phone,2,Married,6,0,11.6,2,2,2.0,239.84,23.7
12798,0,17.0,Computer,2,5,Credit Card,Female,3.3,4,Laptop & Accessory,5,Single,6,1,14.5,0,4,2.0,175.88,24.59
12799,0,61.0,Phone,2,24,Cash on Delivery,Male,5.7,2,Fashion,3,Single,5,0,20.7,2,6,7.0,304.2,61.77
12800,1,3.0,Mobile Phone,2,34,Debit Card,Female,1.7,5,Grocery,2,Married,5,1,13.1,0,3,1.0,136.66,64.4
12801,0,28.0,Mobile Phone,3,27,E wallet,Male,3.0,3,Fashion,2,Single,8,1,18.8,1,3,0.0,150.63,39.54
12802,0,42.0,Computer,1,10,E wallet,Female,2.6,2,Laptop & Accessory,4,Married,7,1,18.4,3,2,,139.77,67.19
12803,0,51.0,Computer,1,35,UPI,Male,3.7,2,Laptop & Accessory,1,Single,5,0,11.0,2,6,0.0,138.09,65.71
12804,0,58.0,Computer,1,17,UPI,Male,3.7,1,Laptop & Accessory,5,Single,4,0,11.1,1,2,2.0,212.22,120.0
12805,0,13.0,Computer,3,16,UPI,Male,1.4,4,Laptop & Accessory,5,Married,1,1,22.3,2,3,5.0,163.51,53.11
12806,0,61.0,Mobile Phone,2,23,UPI,Male,3.2,1,Others,2,Married,2,1,22.9,5,3,0.0,296.66,30.05
12807,0,25.0,Computer,1,30,Credit Card,Male,0.5,6,Mobile Phone,3,Single,7,1,18.8,0,1,4.0,194.83,108.7
12808,1,3.0,Mobile Phone,2,30,Credit Card,Male,4.4,6,Others,1,Married,1,0,11.0,4,1,4.0,127.68,48.47
12809,0,11.0,Mobile Phone,2,21,Credit Card,Female,0.9,2,Fashion,4,Single,9,1,20.2,2,2,1.0,120.44,77.55
12810,0,22.0,Computer,2,9,Debit Card,Male,1.9,6,Fashion,3,Divorced,6,0,13.3,3,1,3.0,280.0,98.88
12811,0,5.0,Mobile Phone,1,31,E wallet,Male,3.5,2,Others,3,Married,5,0,,2,5,4.0,193.24,115.7
12812,0,18.0,Mobile Phone,2,28,Debit Card,Female,2.2,2,Others,2,Single,6,0,11.2,3,1,2.0,258.31,69.59
12813,0,19.0,Computer,3,19,Cash on Delivery,Male,3.4,3,Others,4,Divorced,1,0,13.7,1,3,1.0,184.17,30.02
12814,1,3.0,Computer,2,18,UPI,Male,5.2,1,Mobile Phone,3,Single,2,1,21.5,2,5,3.0,180.95,77.31
12815,0,14.0,Computer,1,7,UPI,Male,4.3,5,Fashion,2,Married,7,0,11.0,4,2,15.0,260.39,61.44
12816,0,26.0,Computer,3,9,Debit Card,Female,2.4,4,Mobile Phone,4,Single,6,0,11.0,3,3,2.0,202.37,33.21
12817,0,12.0,Computer,1,35,Cash on Delivery,Male,2.7,4,Fashion,4,Single,7,0,12.1,3,4,1.0,201.71,93.65
12818,0,1.0,Computer,2,29,E wallet,Female,,3,Fashion,5,Single,6,0,14.3,1,3,2.0,155.68,90.75
12819,0,1.0,Mobile Phone,2,18,Debit Card,Male,4.3,1,Laptop & Accessory,2,Single,7,0,19.0,2,2,,232.29,106.04
12820,0,7.0,Phone,2,12,Debit Card,Male,3.6,4,Grocery,4,Married,7,0,18.4,3,4,3.0,175.54,71.49
12821,0,46.0,Mobile Phone,2,15,Debit Card,Female,2.0,2,Mobile Phone,4,Single,6,0,11.0,3,1,1.0,146.7,20.0
12822,1,4.0,Mobile Phone,2,29,Debit Card,Female,3.4,1,Mobile Phone,2,Single,8,1,12.9,2,1,0.0,309.15,120.0
12823,0,18.0,Mobile Phone,1,19,Credit Card,Male,1.1,6,Mobile Phone,4,Single,7,1,15.7,3,4,2.0,162.02,22.81
12824,0,4.0,Computer,2,17,Debit Card,Female,3.4,4,Mobile Phone,3,Single,9,0,11.0,3,2,0.0,132.58,38.26
12825,0,6.0,Mobile Phone,1,9,Debit Card,Female,4.5,1,Mobile Phone,5,Single,5,0,11.0,2,4,2.0,248.25,49.28
12826,0,33.0,Mobile Phone,2,17,UPI,Male,3.9,3,Fashion,2,Married,8,0,18.7,3,2,0.0,220.72,82.97
12827,1,23.0,Phone,1,7,UPI,Male,3.3,5,Mobile Phone,4,Single,8,1,19.1,0,1,0.0,140.23,55.98
12828,0,1.0,Phone,1,17,UPI,Male,,5,Laptop & Accessory,3,Divorced,8,0,13.9,3,3,6.0,175.27,83.8
12829,1,10.0,Computer,2,15,E wallet,Female,2.5,1,Mobile Phone,5,Single,4,0,,1,2,9.0,220.14,31.18
12830,0,1.0,Mobile Phone,1,13,Debit Card,Male,0.4,3,Mobile Phone,3,Divorced,9,0,17.8,3,2,0.0,192.68,57.92
12831,0,11.0,Mobile Phone,3,8,Debit Card,Female,4.7,4,Fashion,5,Married,4,1,11.0,2,4,3.0,227.16,92.14
12832,0,19.0,Computer,2,21,UPI,Male,4.1,2,Grocery,5,Single,6,0,11.0,2,6,1.0,179.6,98.58
12833,0,2.0,Computer,1,19,UPI,Male,3.4,1,Fashion,3,Single,6,0,12.6,2,4,2.0,229.08,88.98
12834,0,6.0,Mobile Phone,2,31,Cash on Delivery,Male,3.1,1,Others,5,Single,2,1,11.0,2,3,2.0,161.46,78.85
12835,0,9.0,Computer,1,35,Debit Card,Male,4.0,4,Laptop & Accessory,5,Single,7,0,11.4,0,3,,141.24,45.3
12836,0,45.0,Mobile Phone,3,22,Cash on Delivery,Female,4.0,2,Fashion,3,Single,7,0,14.4,3,3,4.0,243.18,40.86
12837,0,61.0,Phone,1,20,Debit Card,Male,2.8,2,Fashion,3,Married,1,0,14.4,2,1,0.0,197.47,88.07
12838,0,1.0,Mobile Phone,2,28,Debit Card,Male,4.6,4,Fashion,4,Married,5,1,11.0,1,1,0.0,221.22,67.56
12839,0,25.0,Computer,1,6,Cash on Delivery,Male,3.9,1,Fashion,3,Single,9,0,15.6,0,2,5.0,253.46,38.41
12840,1,,Mobile Phone,1,10,Debit Card,Female,,4,Grocery,1,Married,5,1,13.5,5,1,4.0,145.65,91.65
12841,0,8.0,Mobile Phone,3,16,E wallet,Female,5.8,5,Laptop & Accessory,2,Married,7,0,16.4,1,3,2.0,211.94,47.47
12842,0,25.0,Computer,2,9,UPI,Male,2.1,4,Mobile Phone,3,Married,9,1,11.2,2,1,2.0,319.2,107.02
12843,0,45.0,Mobile Phone,1,29,UPI,Male,0.7,3,Fashion,3,Single,1,0,11.2,4,6,2.0,170.39,50.42
12844,0,54.0,Phone,3,28,Debit Card,Female,1.4,1,Fashion,2,Single,9,0,12.7,3,2,2.0,107.62,45.37
12845,0,15.0,Mobile Phone,2,21,Cash on Delivery,Female,4.4,6,Laptop & Accessory,5,Single,4,1,21.4,0,3,1.0,229.32,47.33
12846,0,7.0,Computer,2,23,Credit Card,Male,4.5,6,Fashion,4,Divorced,1,0,12.5,1,3,2.0,80.11,55.79
12847,0,27.0,Mobile Phone,2,34,Debit Card,Male,1.9,3,Fashion,1,Divorced,8,0,21.7,0,1,3.0,114.14,83.4
12848,0,5.0,Mobile Phone,1,16,E wallet,Male,2.3,1,Mobile Phone,4,Single,3,0,20.9,2,3,4.0,180.37,60.94
12849,1,14.0,Computer,2,9,E wallet,Male,2.3,1,Others,4,Single,8,1,13.0,3,3,4.0,178.27,113.63
12850,0,7.0,Mobile Phone,1,32,Credit Card,Male,,5,Fashion,5,Married,6,0,11.9,3,2,1.0,191.29,62.44
12851,1,19.0,Mobile Phone,3,28,UPI,Male,1.6,4,Fashion,1,Single,6,1,12.1,2,3,2.0,312.41,34.0
12852,0,4.0,Computer,3,11,Debit Card,Female,4.2,6,Laptop & Accessory,2,Single,8,0,14.1,2,1,1.0,185.08,71.53
12853,0,3.0,Mobile Phone,2,6,Debit Card,Female,3.2,4,Others,5,Divorced,9,0,11.6,3,3,3.0,145.36,120.0
12854,0,45.0,Mobile Phone,2,34,Cash on Delivery,Male,2.4,6,Mobile Phone,5,Single,8,0,19.4,0,3,,141.53,64.59
12855,1,1.0,Computer,3,16,Debit Card,Female,2.5,6,Laptop & Accessory,4,Married,7,0,11.1,2,7,8.0,152.63,20.0
12856,0,12.0,Computer,3,27,Debit Card,Female,2.7,6,Laptop & Accessory,4,Single,3,0,20.2,2,1,4.0,107.18,39.12
12857,1,4.0,Mobile Phone,1,9,UPI,Male,2.8,5,Mobile Phone,1,Married,4,0,11.0,2,6,9.0,213.6,74.86
12858,0,1.0,Computer,1,26,UPI,Female,2.2,5,Laptop & Accessory,4,Married,9,0,11.0,5,4,4.0,198.1,20.0
12859,1,1.0,Mobile Phone,2,12,Cash on Delivery,Male,5.5,2,Laptop & Accessory,2,Married,4,1,11.0,2,4,14.0,208.01,113.59
12860,1,3.0,Phone,2,9,UPI,Male,3.7,3,Fashion,2,Single,8,0,11.8,1,3,4.0,228.04,52.76
12861,0,36.0,Phone,3,20,Debit Card,Male,4.1,1,Mobile Phone,5,Single,6,0,11.0,1,7,13.0,217.16,20.0
12862,0,5.0,Mobile Phone,2,13,Debit Card,Male,3.2,2,Mobile Phone,2,Single,5,0,11.0,4,3,0.0,97.11,120.0
12863,0,,Mobile Phone,3,5,UPI,Female,3.4,4,Others,3,Married,7,0,20.9,2,2,0.0,163.13,109.15
12864,0,15.0,Mobile Phone,1,9,E wallet,Female,2.6,2,Fashion,5,Married,1,0,11.0,1,6,3.0,165.6,47.27
12865,1,10.0,Mobile Phone,2,5,UPI,Male,4.4,4,Mobile Phone,2,Single,3,0,11.0,1,2,16.0,262.64,38.14
12866,0,15.0,Computer,2,21,Debit Card,Female,3.1,5,Mobile Phone,5,Married,5,1,18.4,0,2,2.0,267.91,62.17
12867,0,13.0,Mobile Phone,2,5,Debit Card,Male,2.2,1,Others,5,Single,4,0,23.0,4,5,0.0,154.44,114.32
12868,0,25.0,Mobile Phone,3,19,UPI,Male,0.0,1,Mobile Phone,4,Single,3,0,17.7,2,2,2.0,120.52,65.41
12869,0,5.0,Mobile Phone,2,9,Credit Card,Female,2.0,1,Mobile Phone,2,Married,3,0,,3,1,4.0,189.51,22.43
12870,1,7.0,Computer,3,13,Cash on Delivery,Female,2.8,6,Laptop & Accessory,3,Single,9,0,16.0,1,5,1.0,160.88,103.85
12871,0,40.0,Mobile Phone,2,22,E wallet,Male,3.1,6,Mobile Phone,3,Married,5,0,,2,1,5.0,174.99,80.01
12872,0,52.0,Mobile Phone,2,10,Debit Card,Female,1.6,5,Grocery,3,Married,3,0,11.0,3,3,14.0,252.94,23.27
12873,0,40.0,Mobile Phone,2,25,Cash on Delivery,Male,0.4,4,Grocery,3,Divorced,5,0,13.8,0,1,9.0,196.13,44.21
12874,0,9.0,Computer,1,16,Debit Card,Male,5.7,5,Laptop & Accessory,5,Single,9,0,14.7,4,3,1.0,151.21,59.87
12875,0,27.0,Mobile Phone,1,18,Credit Card,Male,3.0,1,Others,2,Married,3,0,13.8,2,3,1.0,140.47,60.31
12876,0,11.0,Mobile Phone,3,11,UPI,Female,2.6,1,Mobile Phone,4,Single,5,0,25.0,0,3,1.0,93.84,92.73
12877,0,12.0,Computer,2,11,Debit Card,Male,3.2,1,Fashion,1,Married,2,0,15.3,1,2,2.0,213.74,98.0
12878,0,4.0,Mobile Phone,1,23,Debit Card,Female,1.7,4,Fashion,4,Married,8,0,20.8,1,5,0.0,196.93,76.3
12879,0,16.0,Mobile Phone,1,10,Debit Card,Female,4.3,4,Laptop & Accessory,5,Married,6,0,26.0,2,6,5.0,213.81,97.56
12880,1,3.0,Phone,2,35,Cash on Delivery,Female,2.4,2,Grocery,3,Married,8,0,12.2,1,5,1.0,178.99,79.05
12881,0,7.0,Mobile Phone,3,7,E wallet,Female,2.1,2,Fashion,2,Married,1,0,15.9,1,2,8.0,116.63,34.66
12882,0,34.0,Mobile Phone,3,20,Debit Card,Male,2.3,3,Fashion,4,Single,2,0,19.9,1,2,10.0,183.34,66.39
12883,0,,Phone,2,20,Cash on Delivery,Male,2.2,4,Fashion,4,Married,7,0,15.7,3,7,0.0,248.37,49.46
12884,1,1.0,Computer,3,22,Credit Card,Female,1.6,5,Fashion,4,Married,7,0,13.3,2,3,17.0,183.49,99.67
12885,1,1.0,Phone,2,9,Debit Card,Male,3.5,4,Laptop & Accessory,3,Divorced,9,0,26.0,1,4,4.0,278.56,44.36
12886,0,50.0,Mobile Phone,1,24,Debit Card,Male,3.7,2,Grocery,3,Married,6,0,22.2,2,2,2.0,195.13,75.31
12887,0,12.0,Computer,1,33,UPI,Male,1.4,6,Mobile Phone,5,Married,7,0,11.0,3,2,1.0,298.06,45.95
12888,0,9.0,Mobile Phone,1,8,Cash on Delivery,Male,2.7,1,Mobile Phone,5,Married,4,0,23.1,2,2,2.0,302.94,20.0
12889,0,29.0,Phone,3,20,Debit Card,Female,3.2,2,Laptop & Accessory,3,Married,2,0,24.6,1,7,1.0,126.14,67.63
12890,0,32.0,Mobile Phone,3,8,Credit Card,Male,2.4,2,Laptop & Accessory,5,Married,9,0,22.2,1,1,3.0,141.2,73.94
12891,0,7.0,Computer,1,28,Debit Card,Male,4.0,6,Grocery,3,Married,1,0,19.5,4,8,0.0,152.58,95.79
12892,0,21.0,Mobile Phone,2,17,Cash on Delivery,Male,4.9,2,Mobile Phone,3,Single,6,1,24.3,1,5,3.0,77.52,86.42
12893,0,26.0,Mobile Phone,3,18,UPI,Male,,3,Grocery,2,Married,9,0,20.3,1,4,1.0,207.84,28.41
12894,0,19.0,Mobile Phone,3,21,Cash on Delivery,Female,3.0,3,Mobile Phone,3,Married,2,0,18.5,2,6,0.0,206.2,64.24
12895,0,2.0,Computer,2,7,UPI,Male,2.1,3,Grocery,4,Single,2,1,15.8,1,2,3.0,191.53,32.97
12896,1,,Phone,2,29,Credit Card,Male,1.2,5,Mobile Phone,1,Married,9,1,11.0,1,5,3.0,106.59,40.56
12897,0,13.0,Phone,3,7,Cash on Delivery,Female,2.0,3,Mobile Phone,3,Married,9,1,11.0,4,3,2.0,275.31,73.89
12898,0,5.0,Mobile Phone,1,21,Debit Card,Female,3.9,5,Grocery,4,Single,4,0,19.6,2,2,0.0,67.17,80.44
12899,0,9.0,Computer,3,17,Debit Card,Female,1.8,4,Fashion,4,Married,8,1,19.5,4,6,8.0,100.62,20.0
12900,0,,Phone,1,25,E wallet,Male,4.5,4,Fashion,4,Married,8,0,14.7,1,5,3.0,233.17,74.7
12901,0,2.0,Computer,3,24,Debit Card,Male,2.5,3,Grocery,5,Single,2,0,11.0,4,5,0.0,198.96,73.97
12902,0,26.0,Mobile Phone,1,14,E wallet,Female,1.6,4,Others,1,Single,4,0,11.0,4,3,2.0,143.15,31.2
12903,0,1.0,Computer,3,33,Credit Card,Female,3.3,4,Mobile Phone,4,Single,6,0,12.8,0,3,2.0,183.3,60.92
12904,0,9.0,Mobile Phone,1,28,Debit Card,Male,2.0,1,Fashion,4,Married,4,0,19.2,0,3,0.0,187.75,32.96
12905,0,13.0,Computer,3,31,UPI,Male,4.0,3,Mobile Phone,4,Married,7,0,26.0,3,4,3.0,250.66,20.0
12906,0,1.0,Mobile Phone,1,16,Credit Card,Male,2.0,3,Mobile Phone,3,Single,5,0,14.9,0,3,6.0,107.02,96.02
12907,0,61.0,Computer,1,31,Debit Card,Male,0.6,2,Laptop & Accessory,2,Married,4,0,16.7,1,2,5.0,197.51,92.13
12908,0,4.0,Mobile Phone,3,13,Cash on Delivery,Male,2.4,2,Mobile Phone,5,Married,6,1,21.8,4,2,,244.73,59.69
12909,1,6.0,Mobile Phone,3,30,Debit Card,Male,1.1,4,Laptop & Accessory,3,Single,6,0,14.6,3,1,7.0,120.12,78.32
12910,1,6.0,Phone,3,25,Debit Card,Female,3.9,2,Fashion,5,Married,5,0,17.2,5,1,1.0,176.91,31.38
12911,0,4.0,Computer,2,5,Credit Card,Female,,1,Laptop & Accessory,4,Married,6,1,19.9,0,3,11.0,176.46,90.8
12912,0,1.0,Phone,1,8,Cash on Delivery,Male,2.3,3,Laptop & Accessory,4,Single,5,0,21.6,0,5,0.0,83.19,70.18
12913,0,23.0,Computer,1,23,Credit Card,Male,4.9,1,Fashion,5,Married,7,0,15.3,2,2,2.0,197.53,27.66
12914,0,61.0,Mobile Phone,3,10,Debit Card,Female,2.0,3,Mobile Phone,4,Single,5,1,12.1,4,3,3.0,201.11,74.39
12915,1,4.0,Computer,2,19,UPI,Female,2.6,5,Mobile Phone,3,Single,4,1,16.2,1,5,1.0,269.78,76.28
12916,1,19.0,Computer,3,22,Cash on Delivery,Female,1.7,6,Fashion,4,Single,9,1,11.0,0,2,,178.72,49.85
12917,0,24.0,Mobile Phone,2,9,Debit Card,Male,1.0,3,Laptop & Accessory,5,Married,5,0,16.8,4,2,3.0,206.27,20.0
12918,0,33.0,Phone,2,12,Credit Card,Female,3.4,6,Laptop & Accessory,3,Married,6,0,20.2,1,3,0.0,268.33,50.41
12919,0,9.0,Computer,3,15,UPI,Male,4.8,6,Laptop & Accessory,3,Single,2,0,25.2,2,3,3.0,141.49,98.94
12920,1,6.0,Mobile Phone,2,9,E wallet,Female,2.5,1,Grocery,1,Single,1,0,20.5,3,1,2.0,109.15,85.74
12921,0,7.0,Computer,3,25,UPI,Female,3.0,4,Grocery,5,Married,3,0,11.0,3,5,,187.32,74.48
12922,0,22.0,Computer,3,12,Cash on Delivery,Male,1.5,2,Mobile Phone,1,Married,7,0,23.4,2,5,21.0,168.17,44.23
12923,0,30.0,Mobile Phone,1,15,UPI,Female,2.3,2,Laptop & Accessory,4,Single,1,1,23.8,1,1,,174.55,47.65
12924,0,3.0,Phone,1,25,Cash on Delivery,Male,1.2,1,Fashion,3,Married,1,0,11.0,2,4,1.0,154.62,37.75
12925,1,8.0,Computer,3,24,UPI,Male,4.8,2,Laptop & Accessory,3,Married,8,0,12.6,1,5,3.0,129.61,70.12
12926,0,41.0,Phone,3,14,UPI,Male,1.6,4,Others,4,Single,3,0,23.6,1,3,1.0,236.06,71.53
12927,1,29.0,Mobile Phone,2,13,Debit Card,Male,,2,Fashion,1,Single,2,0,15.3,5,1,5.0,178.78,99.06
12928,0,61.0,Mobile Phone,3,6,Credit Card,Male,4.9,5,Others,4,Married,8,1,11.5,1,5,10.0,314.73,20.23
12929,1,,Computer,3,21,UPI,Male,3.1,3,Others,4,Single,2,0,11.0,2,5,1.0,117.6,58.29
12930,0,8.0,Mobile Phone,3,8,UPI,Male,2.9,5,Fashion,5,Married,7,0,26.0,1,4,6.0,300.38,45.0
12931,0,16.0,Computer,1,30,Debit Card,Male,3.4,3,Mobile Phone,2,Single,7,0,19.7,0,3,2.0,197.55,66.44
12932,0,19.0,Computer,1,16,Credit Card,Female,1.5,5,Mobile Phone,5,Married,6,0,13.3,1,3,2.0,181.11,85.0
12933,1,1.0,Mobile Phone,2,23,Credit Card,Male,0.8,2,Grocery,4,Single,1,0,23.6,2,3,11.0,113.96,44.51
12934,0,14.0,Mobile Phone,1,29,UPI,Male,3.3,2,Others,5,Married,1,1,14.5,1,2,2.0,140.25,86.52
12935,0,22.0,Mobile Phone,3,23,Credit Card,Female,3.1,4,Laptop & Accessory,3,Married,3,0,22.3,0,2,2.0,255.52,82.26
12936,1,3.0,Mobile Phone,2,23,E wallet,Male,3.4,5,Grocery,4,Single,4,0,18.5,1,4,4.0,50.0,55.6
12937,0,27.0,Mobile Phone,2,30,UPI,Male,0.0,3,Laptop & Accessory,5,Married,9,0,13.0,5,1,1.0,72.29,93.32
12938,0,15.0,Computer,3,33,Cash on Delivery,Male,1.4,6,Laptop & Accessory,5,Married,7,1,18.0,4,2,1.0,83.29,79.61
12939,0,54.0,Mobile Phone,1,11,Cash on Delivery,Female,3.1,3,Laptop & Accessory,3,Single,1,1,18.2,1,3,10.0,250.26,44.48
12940,0,1.0,Mobile Phone,1,17,UPI,Male,2.8,2,Fashion,3,Married,4,0,19.8,1,1,4.0,220.84,42.33
12941,0,5.0,Mobile Phone,1,32,Debit Card,Male,4.1,2,Laptop & Accessory,3,Married,6,0,24.8,1,2,7.0,119.22,90.78
12942,0,16.0,Computer,2,6,Debit Card,Female,3.4,2,Mobile Phone,3,Single,6,1,26.0,3,2,1.0,151.7,48.57
12943,1,6.0,Computer,2,31,Cash on Delivery,Male,,6,Fashion,3,Single,7,1,,4,2,3.0,187.79,84.95
12944,1,22.0,Mobile Phone,3,12,Credit Card,Female,4.4,5,Grocery,3,Single,9,1,11.0,4,4,14.0,241.18,31.85
12945,0,,Mobile Phone,1,10,Debit Card,Male,3.7,3,Mobile Phone,5,Married,6,1,20.3,1,3,1.0,119.22,94.88
12946,0,1.0,Computer,1,32,Debit Card,Male,2.9,5,Mobile Phone,1,Single,1,0,13.4,0,1,0.0,187.99,20.0
12947,0,12.0,Computer,1,15,UPI,Female,3.4,3,Fashion,4,Married,3,0,11.0,1,5,2.0,159.34,20.0
12948,1,12.0,Mobile Phone,1,32,UPI,Male,3.5,3,Laptop & Accessory,2,Single,1,1,19.1,2,4,1.0,173.82,50.85
12949,1,8.0,Mobile Phone,1,34,E wallet,Male,4.4,4,Others,3,Single,6,1,17.6,1,5,0.0,126.21,102.94
12950,0,48.0,Computer,2,13,Debit Card,Male,2.6,2,Mobile Phone,1,Married,7,0,,2,3,8.0,192.59,96.77
12951,0,,Computer,2,12,Debit Card,Female,3.5,5,Grocery,3,Married,3,0,11.0,0,3,18.0,133.05,85.61
12952,0,21.0,Computer,1,24,E wallet,Male,1.3,5,Fashion,4,Married,9,1,23.4,2,2,3.0,185.73,81.43
12953,0,22.0,Mobile Phone,2,28,Debit Card,Female,2.5,2,Fashion,5,Married,1,0,18.0,2,2,5.0,273.75,43.57
12954,1,11.0,Mobile Phone,2,24,Cash on Delivery,Female,3.3,5,Mobile Phone,2,Married,1,1,11.0,4,3,7.0,242.62,20.86
12955,0,45.0,Computer,1,31,Cash on Delivery,Male,3.5,4,Grocery,3,Single,7,0,19.0,3,1,4.0,263.39,104.76
12956,1,21.0,Mobile Phone,2,19,Debit Card,Male,3.7,5,Grocery,3,Single,5,0,12.5,0,2,0.0,198.99,99.29
12957,0,23.0,Phone,2,25,UPI,Male,2.1,3,Fashion,5,Divorced,5,0,18.3,1,7,0.0,247.97,35.8
12958,0,35.0,Computer,3,31,E wallet,Male,3.1,2,Mobile Phone,4,Divorced,5,0,16.9,0,2,0.0,71.87,71.13
12959,1,5.0,Mobile Phone,1,30,Credit Card,Female,2.4,2,Fashion,4,Divorced,5,0,11.0,5,3,0.0,78.32,59.16
12960,0,29.0,Computer,3,15,Cash on Delivery,Male,5.2,4,Laptop & Accessory,4,Divorced,2,0,15.6,5,3,1.0,119.7,34.29
12961,0,3.0,Phone,1,19,Cash on Delivery,Female,1.2,6,Fashion,5,Married,1,0,14.0,3,4,1.0,123.84,22.67
12962,0,7.0,Mobile Phone,1,27,Credit Card,Male,5.6,5,Fashion,1,Divorced,5,1,11.0,7,3,1.0,242.87,73.29
12963,1,7.0,Mobile Phone,3,26,Debit Card,Female,3.8,3,Others,3,Divorced,9,0,11.0,0,3,0.0,89.48,60.14
12964,0,61.0,Mobile Phone,2,9,Credit Card,Male,0.0,1,Fashion,5,Single,8,0,13.7,1,5,3.0,98.6,51.42
12965,0,34.0,Computer,2,20,Debit Card,Male,2.4,3,Laptop & Accessory,4,Married,9,0,12.9,2,1,1.0,172.69,61.86
12966,0,21.0,Computer,2,6,UPI,Female,3.3,3,Laptop & Accessory,4,Married,3,0,18.9,2,2,6.0,188.22,62.86
12967,0,23.0,Computer,2,34,Debit Card,Female,2.9,5,Mobile Phone,4,Married,2,0,14.1,2,2,0.0,232.5,74.54
12968,0,14.0,Computer,2,35,UPI,Female,1.1,1,Mobile Phone,3,Single,5,0,15.5,3,4,7.0,163.96,101.58
12969,0,52.0,Phone,3,19,Debit Card,Female,1.6,4,Laptop & Accessory,4,Divorced,7,0,17.0,3,1,12.0,169.04,93.03
12970,1,12.0,Mobile Phone,3,9,UPI,Female,3.1,5,Others,4,Single,4,0,12.2,4,2,,233.23,88.82
12971,0,8.0,Mobile Phone,2,19,Debit Card,Male,1.3,2,Fashion,3,Single,2,0,11.0,1,1,5.0,126.01,51.09
12972,0,3.0,Mobile Phone,3,30,UPI,Male,4.0,1,Others,4,Married,9,0,26.0,2,3,10.0,187.36,43.93
12973,0,27.0,Mobile Phone,3,27,UPI,Male,2.7,2,Mobile Phone,5,Single,6,0,14.5,3,2,0.0,214.2,44.62
12974,1,23.0,Mobile Phone,2,15,Debit Card,Male,3.7,1,Fashion,2,Single,3,1,13.7,3,1,20.0,157.78,91.51
12975,1,8.0,Mobile Phone,1,33,E wallet,Female,1.7,2,Fashion,3,Married,1,1,23.5,2,4,5.0,231.64,87.99
12976,1,1.0,Mobile Phone,3,10,UPI,Female,1.4,5,Laptop & Accessory,3,Divorced,1,1,26.0,3,4,5.0,128.59,20.0
12977,0,32.0,Mobile Phone,2,10,Credit Card,Female,4.2,6,Laptop & Accessory,4,Married,8,1,23.7,2,1,1.0,273.74,95.0
12978,1,1.0,Mobile Phone,1,9,Debit Card,Female,2.9,1,Mobile Phone,2,Single,4,0,12.7,2,1,3.0,161.12,72.81
12979,0,21.0,Mobile Phone,2,34,Cash on Delivery,Female,1.0,4,Laptop & Accessory,4,Married,9,0,,1,1,4.0,153.66,65.64
12980,0,61.0,Mobile Phone,3,34,Credit Card,Male,2.0,5,Mobile Phone,5,Married,5,0,18.5,4,2,3.0,92.35,98.11
12981,1,10.0,Computer,2,35,Cash on Delivery,Female,3.2,1,Fashion,3,Divorced,5,1,26.0,2,2,4.0,112.79,73.34
12982,0,4.0,Mobile Phone,1,29,Debit Card,Female,1.2,2,Laptop & Accessory,5,Married,8,1,17.5,3,3,0.0,131.3,38.37
12983,0,21.0,Mobile Phone,2,5,UPI,Female,0.0,3,Mobile Phone,5,Married,7,1,17.8,2,3,1.0,112.32,42.29
12984,0,30.0,Mobile Phone,1,24,Debit Card,Female,1.2,6,Others,2,Married,8,0,11.0,1,4,2.0,109.05,71.65
12985,1,14.0,Phone,2,11,Cash on Delivery,Male,3.9,1,Mobile Phone,2,Divorced,4,1,11.0,2,3,1.0,182.63,70.46
12986,0,61.0,Mobile Phone,2,20,Credit Card,Female,0.9,6,Fashion,5,Divorced,2,0,23.1,1,2,0.0,216.07,83.49
12987,0,1.0,Mobile Phone,2,21,E wallet,Female,4.1,5,Laptop & Accessory,5,Married,6,0,17.1,4,2,0.0,196.77,120.0
12988,1,12.0,Mobile Phone,1,33,E wallet,Male,3.3,2,Fashion,1,Married,7,1,17.7,2,3,1.0,50.0,102.63
12989,1,22.0,Mobile Phone,3,32,E wallet,Male,2.1,5,Fashion,1,Divorced,6,0,21.4,2,3,2.0,117.51,38.2
12990,0,35.0,Computer,1,31,Credit Card,Male,4.4,2,Mobile Phone,2,Single,3,1,20.1,2,7,0.0,248.23,66.87
12991,0,3.0,Computer,1,19,Debit Card,Male,1.4,5,Mobile Phone,5,Divorced,3,0,19.3,2,2,11.0,99.38,56.29
12992,0,28.0,Mobile Phone,3,24,E wallet,Female,2.2,1,Grocery,2,Single,5,1,18.8,3,2,5.0,172.74,72.96
12993,0,14.0,Mobile Phone,1,26,Cash on Delivery,Male,2.9,6,Fashion,4,Divorced,7,0,15.8,1,4,5.0,114.23,35.14
12994,0,9.0,Computer,2,14,UPI,Male,2.4,1,Others,5,Single,2,1,16.3,3,2,0.0,258.32,21.79
12995,1,2.0,Phone,2,12,Credit Card,Male,3.1,6,Laptop & Accessory,1,Married,4,1,20.5,3,5,3.0,132.33,24.52
12996,0,36.0,Mobile Phone,1,27,Debit Card,Male,3.7,1,Fashion,4,Married,8,1,11.0,2,3,3.0,221.27,20.0
12997,0,3.0,Computer,1,32,UPI,Male,2.3,2,Laptop & Accessory,3,Divorced,3,0,11.0,2,4,16.0,136.54,42.99
12998,0,6.0,Mobile Phone,3,13,Cash on Delivery,Female,4.8,4,Laptop & Accessory,5,Single,7,1,15.5,0,2,5.0,50.0,120.0
12999,0,6.0,Phone,2,35,E wallet,Female,1.9,5,Laptop & Accessory,3,Married,3,0,15.9,2,4,3.0,208.26,51.11
13000,0,36.0,Mobile Phone,1,27,UPI,Female,2.7,4,Grocery,4,Single,8,0,19.3,2,2,7.0,64.85,74.09
13001,0,20.0,Mobile Phone,2,23,UPI,Male,3.5,4,Fashion,4,Married,7,0,13.7,1,3,0.0,125.2,32.2
13002,1,28.0,Mobile Phone,3,14,Cash on Delivery,Female,,4,Fashion,2,Single,1,1,11.0,3,3,,291.95,40.82
13003,0,5.0,Mobile Phone,1,24,Cash on Delivery,Female,1.3,3,Mobile Phone,1,Married,4,0,18.6,2,3,4.0,367.78,35.01
13004,0,17.0,Mobile Phone,1,7,Credit Card,Female,2.9,6,Laptop & Accessory,3,Single,7,1,23.1,3,7,0.0,181.21,46.29
13005,0,15.0,Mobile Phone,1,29,UPI,Male,1.8,6,Grocery,3,Married,5,1,,2,2,0.0,126.51,64.24
13006,0,32.0,Computer,2,35,E wallet,Male,5.0,5,Fashion,5,Single,3,0,11.0,3,6,5.0,181.56,97.78
13007,1,42.0,Mobile Phone,1,15,Credit Card,Male,4.7,3,Fashion,5,Married,2,1,16.7,2,1,1.0,101.16,105.82
13008,1,1.0,Computer,1,15,Debit Card,Male,3.1,5,Others,3,Married,9,0,11.0,3,3,3.0,154.67,84.9
13009,0,20.0,Mobile Phone,3,12,E wallet,Male,2.6,3,Grocery,4,Married,6,1,14.8,0,4,9.0,276.14,87.06
13010,0,1.0,Phone,1,14,Cash on Delivery,Male,4.3,5,Laptop & Accessory,4,Single,1,0,11.0,2,2,1.0,192.57,53.5
13011,0,14.0,Mobile Phone,1,33,UPI,Female,4.4,1,Laptop & Accessory,5,Single,5,0,12.4,0,2,0.0,94.66,120.0
13012,0,6.0,Computer,2,13,Debit Card,Female,3.6,4,Mobile Phone,3,Single,7,0,18.1,5,3,0.0,204.39,42.15
13013,0,6.0,Mobile Phone,1,14,Debit Card,Female,4.7,6,Grocery,3,Married,8,0,13.3,2,4,0.0,77.3,63.02
13014,0,7.0,Mobile Phone,1,14,E wallet,Female,3.4,2,Laptop & Accessory,3,Single,5,0,21.9,2,4,,67.39,52.95
13015,0,17.0,Mobile Phone,1,22,Cash on Delivery,Male,3.2,4,Grocery,4,Single,1,0,16.3,4,1,0.0,225.95,95.15
13016,0,,Computer,1,9,Debit Card,Male,3.3,6,Others,3,Divorced,2,0,11.0,1,1,2.0,134.18,51.71
13017,0,23.0,Mobile Phone,1,9,Cash on Delivery,Female,2.3,6,Laptop & Accessory,3,Single,4,0,20.4,1,4,1.0,274.41,70.02
13018,1,9.0,Mobile Phone,1,11,Debit Card,Female,3.9,5,Fashion,1,Married,1,0,19.1,2,5,4.0,116.74,93.11
13019,0,1.0,Computer,2,24,UPI,Female,2.7,2,Laptop & Accessory,4,Married,4,1,22.6,5,4,8.0,253.65,33.08
13020,0,27.0,Mobile Phone,1,24,Credit Card,Male,3.3,4,Others,2,Divorced,6,0,19.3,0,4,6.0,278.49,83.12
13021,1,6.0,Computer,2,12,E wallet,Male,2.6,5,Others,2,Married,6,1,17.8,0,6,3.0,189.34,75.31
13022,0,10.0,Computer,2,21,Debit Card,Female,,4,Mobile Phone,3,Single,2,0,11.0,2,2,0.0,161.84,40.6
13023,0,20.0,Mobile Phone,3,10,Debit Card,Male,3.3,5,Laptop & Accessory,2,Single,1,0,19.9,2,3,4.0,143.97,48.15
13024,0,7.0,Mobile Phone,2,29,Cash on Delivery,Female,4.2,3,Laptop & Accessory,4,Married,8,0,14.1,3,2,1.0,147.73,61.54
13025,0,1.0,Mobile Phone,3,17,E wallet,Female,2.3,6,Mobile Phone,3,Single,9,0,19.8,1,1,0.0,83.88,71.43
13026,0,8.0,Mobile Phone,2,17,Cash on Delivery,Male,2.3,3,Others,3,Married,9,0,26.0,0,7,7.0,218.44,108.17
13027,0,52.0,Computer,3,17,Cash on Delivery,Male,3.8,1,Grocery,4,Single,7,0,22.2,1,3,1.0,216.34,118.89
13028,0,18.0,Mobile Phone,2,20,Credit Card,Male,,2,Mobile Phone,2,Married,4,1,,4,2,0.0,166.23,42.55
13029,1,20.0,Computer,3,35,UPI,Male,,6,Laptop & Accessory,2,Single,2,1,15.4,1,5,8.0,181.8,120.0
13030,0,18.0,Mobile Phone,2,6,Debit Card,Female,3.7,3,Laptop & Accessory,5,Single,7,0,12.5,8,4,9.0,152.76,51.3
13031,0,3.0,Phone,1,9,Debit Card,Male,1.9,5,Mobile Phone,3,Divorced,6,1,11.0,0,5,1.0,107.01,120.0
13032,0,9.0,Computer,1,14,UPI,Male,2.4,4,Grocery,3,Married,7,0,15.3,2,2,1.0,101.76,108.12
13033,0,25.0,Mobile Phone,3,14,E wallet,Female,3.0,1,Mobile Phone,1,Married,1,0,11.9,3,3,3.0,145.9,34.8
13034,0,1.0,Mobile Phone,1,29,Credit Card,Male,3.4,4,Mobile Phone,3,Single,4,0,16.9,2,1,5.0,156.45,22.84
13035,0,5.0,Mobile Phone,2,35,Cash on Delivery,Female,3.3,4,Mobile Phone,4,Single,1,1,11.9,0,7,0.0,249.33,68.61
13036,1,5.0,Computer,3,15,Debit Card,Male,2.7,2,Laptop & Accessory,4,Single,7,1,16.3,2,7,,220.11,92.15
13037,1,10.0,Computer,1,32,UPI,Female,,4,Grocery,4,Single,6,1,22.5,0,2,12.0,272.42,65.82
13038,0,61.0,Mobile Phone,3,24,Cash on Delivery,Female,1.5,2,Grocery,2,Single,8,0,15.9,0,2,1.0,221.41,66.36
13039,1,1.0,Mobile Phone,3,35,Debit Card,Male,,5,Mobile Phone,3,Single,2,0,11.0,2,3,9.0,84.9,78.32
13040,0,13.0,Mobile Phone,2,29,Debit Card,Male,2.5,4,Laptop & Accessory,5,Divorced,8,0,11.0,1,4,11.0,90.93,20.0
13041,0,3.0,Computer,2,28,Credit Card,Male,3.0,4,Grocery,5,Single,8,0,19.1,0,2,1.0,116.39,68.4
13042,0,61.0,Computer,2,13,Credit Card,Male,3.2,4,Others,2,Divorced,2,0,19.5,4,5,5.0,158.84,40.75
13043,0,2.0,Mobile Phone,2,17,UPI,Female,5.8,5,Laptop & Accessory,3,Married,7,0,11.0,1,1,1.0,133.43,54.01
13044,0,9.0,Phone,2,17,Cash on Delivery,Male,2.7,3,Laptop & Accessory,2,Single,3,0,14.8,3,1,5.0,221.52,26.69
13045,0,24.0,Mobile Phone,3,33,Credit Card,Male,4.2,3,Fashion,1,Married,5,0,20.4,0,4,6.0,250.71,25.68
13046,0,21.0,Phone,3,6,Credit Card,Female,1.8,5,Mobile Phone,3,Divorced,8,0,25.3,3,1,1.0,107.5,74.76
13047,1,9.0,Mobile Phone,2,30,Debit Card,Male,2.4,1,Laptop & Accessory,2,Divorced,1,0,16.1,2,1,5.0,81.43,60.95
13048,0,7.0,Phone,3,9,UPI,Male,3.6,1,Fashion,4,Single,1,0,13.8,1,2,6.0,278.66,114.33
13049,0,9.0,Mobile Phone,3,35,Debit Card,Male,3.7,2,Laptop & Accessory,4,Married,8,0,12.8,1,1,1.0,193.89,53.58
13050,1,5.0,Mobile Phone,1,30,Debit Card,Male,3.5,5,Mobile Phone,2,Single,6,0,15.9,1,1,0.0,147.88,87.46
13051,1,4.0,Phone,2,29,E wallet,Male,3.0,6,Laptop & Accessory,1,Married,3,0,23.3,0,1,0.0,274.89,100.42
13052,0,11.0,Computer,2,9,Credit Card,Male,2.9,1,Mobile Phone,5,Single,8,0,15.9,4,3,3.0,254.71,70.37
13053,0,5.0,Mobile Phone,1,16,Debit Card,Male,,2,Others,2,Single,8,0,18.0,4,4,15.0,144.5,72.35
13054,0,6.0,Mobile Phone,3,24,UPI,Male,4.8,4,Mobile Phone,4,Married,9,0,11.0,3,3,6.0,232.23,101.9
13055,1,19.0,Mobile Phone,2,12,Credit Card,Male,2.9,4,Mobile Phone,3,Divorced,6,1,24.6,1,2,,249.14,104.97
13056,0,61.0,Computer,2,10,Cash on Delivery,Male,2.9,1,Mobile Phone,4,Married,7,0,23.0,2,3,3.0,230.31,83.14
13057,0,16.0,Mobile Phone,3,22,Debit Card,Male,2.7,6,Fashion,3,Single,6,0,13.2,3,2,1.0,256.09,106.84
13058,0,1.0,Mobile Phone,1,12,UPI,Female,,2,Laptop & Accessory,1,Married,3,0,14.4,4,3,0.0,123.03,70.92
13059,1,1.0,Mobile Phone,1,32,Debit Card,Male,3.9,2,Grocery,2,Divorced,9,1,22.1,2,2,2.0,181.57,32.47
13060,0,54.0,Computer,1,25,UPI,Male,2.8,6,Mobile Phone,2,Single,1,0,26.0,1,4,2.0,278.73,74.49
13061,0,6.0,Phone,1,27,Cash on Delivery,Female,3.3,3,Grocery,3,Married,5,0,11.0,1,2,2.0,156.61,45.02
13062,1,1.0,Phone,3,24,Cash on Delivery,Male,3.5,6,Laptop & Accessory,4,Single,6,0,,3,4,12.0,141.29,102.56
13063,1,16.0,Computer,2,29,Debit Card,Female,0.0,1,Mobile Phone,3,Single,6,0,12.6,2,1,3.0,186.66,56.92
13064,0,17.0,Mobile Phone,2,6,Debit Card,Female,2.2,3,Others,1,Single,1,0,21.2,0,2,3.0,85.02,92.01
13065,0,18.0,Mobile Phone,3,32,E wallet,Male,3.1,5,Laptop & Accessory,4,Married,8,1,17.1,2,4,0.0,199.58,40.93
13066,1,5.0,Computer,1,14,Debit Card,Female,3.9,2,Fashion,4,Single,1,1,11.9,1,4,22.0,80.05,33.62
13067,0,1.0,Phone,2,29,Credit Card,Female,4.9,6,Mobile Phone,5,Married,3,0,11.0,4,2,5.0,256.01,58.62
13068,0,60.0,Computer,1,24,Cash on Delivery,Female,3.0,3,Fashion,4,Single,8,0,21.1,3,7,8.0,82.73,25.67
13069,1,5.0,Mobile Phone,1,10,Cash on Delivery,Male,1.2,2,Laptop & Accessory,3,Single,8,0,13.8,5,2,2.0,230.95,88.6
13070,0,20.0,Phone,2,9,Credit Card,Male,3.7,5,Grocery,4,Married,1,0,11.0,3,1,2.0,136.22,101.57
13071,0,22.0,Computer,3,20,UPI,Male,2.9,3,Fashion,5,Married,1,0,11.0,0,1,2.0,116.54,82.52
13072,0,16.0,Mobile Phone,2,7,Debit Card,Female,5.4,6,Grocery,5,Married,8,0,12.4,2,3,0.0,181.57,106.95
13073,0,6.0,Computer,2,27,Credit Card,Female,4.5,5,Grocery,3,Married,2,0,13.2,0,2,4.0,197.96,85.7
13074,0,5.0,Mobile Phone,3,8,Credit Card,Male,1.5,2,Laptop & Accessory,2,Divorced,5,0,11.0,2,2,9.0,185.52,52.53
13075,0,16.0,Mobile Phone,1,5,Credit Card,Male,2.2,2,Grocery,3,Single,8,0,11.0,4,4,0.0,200.4,68.36
13076,0,36.0,Mobile Phone,2,18,E wallet,Male,,6,Mobile Phone,4,Single,5,1,26.0,2,1,0.0,221.46,68.89
13077,0,52.0,Computer,1,18,UPI,Male,3.1,4,Mobile Phone,4,Single,7,0,17.0,0,2,5.0,59.33,100.68
13078,0,2.0,Mobile Phone,3,28,E wallet,Male,3.7,2,Laptop & Accessory,4,Married,6,1,12.5,3,2,1.0,188.11,67.62
13079,0,,Mobile Phone,1,23,Debit Card,Female,2.7,4,Laptop & Accessory,1,Married,5,0,17.3,0,3,3.0,98.16,32.31
13080,0,52.0,Mobile Phone,2,10,Debit Card,Female,5.2,5,Mobile Phone,4,Married,3,0,16.0,1,1,4.0,103.89,25.09
13081,0,24.0,Computer,1,16,Debit Card,Male,3.2,1,Grocery,5,Single,6,0,,2,3,1.0,113.98,59.47
13082,0,38.0,Computer,1,22,Debit Card,Female,4.0,5,Mobile Phone,3,Divorced,9,0,11.0,2,2,6.0,61.65,66.73
13083,0,4.0,Mobile Phone,1,13,UPI,Male,1.3,6,Mobile Phone,4,Married,7,0,11.8,2,6,3.0,179.34,25.07
13084,1,15.0,Mobile Phone,2,24,Credit Card,Male,1.5,4,Others,3,Single,1,1,13.9,2,4,8.0,73.97,98.6
13085,0,21.0,Mobile Phone,3,27,UPI,Female,5.5,6,Laptop & Accessory,5,Divorced,5,1,14.3,2,4,5.0,204.3,59.1
13086,0,,Mobile Phone,3,35,Credit Card,Male,1.6,1,Mobile Phone,5,Married,7,0,11.0,2,2,8.0,271.13,91.86
13087,0,9.0,Mobile Phone,3,29,UPI,Female,3.7,4,Laptop & Accessory,4,Single,7,0,26.0,1,1,0.0,273.89,39.55
13088,0,1.0,Phone,1,17,Debit Card,Male,4.1,2,Laptop & Accessory,4,Married,7,0,26.0,0,9,1.0,114.54,92.82
13089,0,15.0,Mobile Phone,3,31,Debit Card,Male,3.3,6,Others,5,Married,6,0,17.7,4,6,0.0,108.77,34.51
13090,1,5.0,Mobile Phone,2,23,Debit Card,Male,4.2,4,Fashion,3,Single,2,0,15.2,2,3,2.0,226.88,48.45
13091,0,10.0,Computer,3,17,Credit Card,Male,0.8,1,Laptop & Accessory,3,Married,2,0,11.6,1,4,8.0,183.4,52.5
13092,0,56.0,Mobile Phone,2,23,Cash on Delivery,Male,4.5,4,Laptop & Accessory,4,Divorced,6,0,18.5,3,3,2.0,175.56,56.74
13093,1,9.0,Computer,2,23,Debit Card,Male,0.2,6,Others,2,Single,1,0,14.3,4,4,7.0,101.53,97.55
13094,0,32.0,Mobile Phone,3,34,Debit Card,Male,4.0,3,Laptop & Accessory,3,Married,6,0,22.5,3,5,1.0,187.23,76.19
13095,0,,Computer,2,35,Cash on Delivery,Male,6.0,3,Others,5,Married,5,0,20.5,1,2,1.0,231.91,35.38
13096,0,20.0,Mobile Phone,3,25,E wallet,Female,4.5,5,Laptop & Accessory,4,Married,1,0,11.0,6,2,,133.65,32.67
13097,0,61.0,Phone,2,14,UPI,Female,3.1,5,Others,3,Single,5,1,11.0,1,4,2.0,207.83,69.74
13098,1,1.0,Mobile Phone,3,10,UPI,Male,2.7,1,Fashion,2,Single,4,0,20.8,2,1,6.0,189.58,57.85
13099,0,1.0,Computer,1,7,UPI,Female,3.0,4,Others,3,Married,9,1,19.2,1,7,1.0,140.83,71.16
13100,1,10.0,Mobile Phone,2,30,Debit Card,Female,1.7,2,Fashion,3,Married,1,1,,1,2,11.0,176.93,20.0
13101,1,1.0,Computer,1,20,UPI,Male,2.8,6,Grocery,2,Single,3,1,12.3,1,5,,117.2,120.0
13102,0,24.0,Mobile Phone,3,13,Credit Card,Male,1.2,1,Laptop & Accessory,4,Single,2,1,14.1,2,5,5.0,231.35,20.0
13103,0,44.0,Phone,3,21,Debit Card,Male,2.0,6,Laptop & Accessory,3,Married,1,0,14.8,3,5,0.0,118.22,58.59
13104,1,10.0,Phone,3,27,Debit Card,Female,4.1,1,Laptop & Accessory,3,Married,2,1,14.6,2,1,2.0,144.13,42.92
13105,0,5.0,Mobile Phone,3,31,Debit Card,Male,,1,Mobile Phone,3,Divorced,7,0,,3,5,9.0,234.15,27.99
13106,0,10.0,Computer,2,13,Credit Card,Male,3.5,6,Mobile Phone,5,Single,5,0,15.9,0,5,8.0,148.6,83.8
13107,0,23.0,Mobile Phone,1,9,Cash on Delivery,Female,3.2,5,Mobile Phone,3,Married,2,1,15.5,1,2,0.0,123.85,58.97
13108,1,1.0,Computer,2,23,UPI,Female,0.9,1,Others,1,Single,4,1,11.0,3,4,1.0,191.02,30.41
13109,1,16.0,Mobile Phone,2,33,Cash on Delivery,Male,2.5,4,Laptop & Accessory,1,Married,6,1,16.0,2,5,2.0,287.72,51.3
13110,0,17.0,Computer,1,19,E wallet,Male,2.9,1,Laptop & Accessory,4,Single,8,1,,4,6,0.0,249.85,84.79
13111,0,18.0,Mobile Phone,3,14,Credit Card,Female,,2,Laptop & Accessory,4,Single,6,1,12.1,2,3,5.0,216.61,94.33
13112,1,4.0,Computer,2,8,E wallet,Male,1.3,1,Grocery,3,Married,6,0,11.0,3,3,0.0,239.65,112.35
13113,0,22.0,Mobile Phone,3,28,Credit Card,Male,4.2,5,Fashion,3,Married,6,1,22.7,2,4,1.0,210.98,74.89
13114,0,1.0,Phone,1,16,Debit Card,Male,,5,Laptop & Accessory,1,Divorced,5,0,25.7,2,1,4.0,193.72,49.75
13115,0,4.0,Mobile Phone,1,18,Debit Card,Female,,2,Laptop & Accessory,4,Single,5,1,16.5,2,2,,234.84,46.09
13116,0,37.0,Computer,2,19,Credit Card,Female,4.6,1,Laptop & Accessory,4,Married,6,1,23.6,2,10,5.0,200.82,80.39
13117,0,24.0,Computer,1,23,Debit Card,Male,4.2,1,Laptop & Accessory,2,Divorced,6,1,,6,5,12.0,176.8,104.61
13118,0,1.0,Phone,3,35,Debit Card,Male,2.8,6,Grocery,2,Single,1,0,11.0,0,3,0.0,191.18,20.0
13119,0,,Mobile Phone,2,9,Debit Card,Male,1.5,1,Others,2,Divorced,7,0,16.8,1,3,4.0,199.93,64.43
13120,0,4.0,Mobile Phone,3,16,Debit Card,Male,4.9,5,Others,2,Divorced,6,0,13.0,3,2,1.0,198.38,27.0
13121,0,5.0,Mobile Phone,2,7,E wallet,Male,5.0,1,Mobile Phone,4,Single,6,1,17.9,1,3,2.0,201.9,67.25
13122,0,5.0,Mobile Phone,2,19,Credit Card,Male,4.4,5,Grocery,2,Single,1,0,24.4,2,2,0.0,120.78,116.67
13123,0,1.0,Computer,3,34,Debit Card,Male,4.3,5,Fashion,3,Single,7,0,12.0,1,5,0.0,167.59,20.0
13124,0,11.0,Phone,1,19,Debit Card,Female,2.9,4,Laptop & Accessory,2,Divorced,6,0,17.3,1,2,1.0,103.99,20.0
13125,0,23.0,Mobile Phone,2,16,Debit Card,Female,3.1,3,Others,5,Single,2,1,20.2,3,5,1.0,195.76,110.63
13126,1,16.0,Mobile Phone,3,19,Cash on Delivery,Male,4.6,5,Fashion,5,Married,8,1,23.1,2,3,9.0,200.65,74.83
13127,0,,Mobile Phone,1,10,Cash on Delivery,Female,3.3,3,Mobile Phone,2,Married,8,1,20.9,1,2,5.0,259.09,64.44
13128,1,1.0,Mobile Phone,1,32,Cash on Delivery,Male,2.0,4,Fashion,3,Married,7,0,,3,4,14.0,198.02,92.22
13129,0,54.0,Computer,3,21,Debit Card,Female,1.9,3,Laptop & Accessory,2,Single,7,0,11.0,3,3,3.0,157.78,117.73
13130,0,32.0,Mobile Phone,3,27,E wallet,Male,4.3,3,Laptop & Accessory,3,Married,7,0,19.6,1,4,1.0,154.72,73.17
13131,1,29.0,Phone,2,19,Cash on Delivery,Female,5.5,2,Mobile Phone,1,Married,4,0,12.7,2,3,1.0,218.74,64.68
13132,0,31.0,Mobile Phone,3,19,Credit Card,Male,3.6,2,Fashion,4,Married,1,1,11.0,4,2,1.0,139.13,20.0
13133,0,48.0,Phone,2,15,Credit Card,Male,5.7,6,Laptop & Accessory,4,Single,9,0,22.1,0,5,,189.2,38.26
13134,0,14.0,Computer,2,34,UPI,Female,0.6,3,Laptop & Accessory,5,Divorced,1,0,12.8,2,2,4.0,237.22,20.0
13135,0,4.0,Computer,3,26,Credit Card,Female,1.5,5,Others,2,Married,5,0,24.8,4,1,3.0,301.49,65.95
13136,0,17.0,Mobile Phone,2,16,UPI,Female,2.4,1,Mobile Phone,5,Married,9,0,12.4,3,4,1.0,249.33,107.57
13137,0,24.0,Computer,1,26,Cash on Delivery,Male,0.6,1,Laptop & Accessory,4,Single,2,1,11.0,2,2,0.0,148.48,52.45
13138,0,24.0,Computer,3,23,UPI,Female,2.7,4,Laptop & Accessory,2,Single,5,0,14.6,0,5,0.0,135.22,78.66
13139,1,13.0,Mobile Phone,1,5,E wallet,Female,4.4,5,Mobile Phone,3,Divorced,1,1,19.5,2,3,0.0,217.81,91.25
13140,0,1.0,Phone,2,20,E wallet,Male,0.6,6,Grocery,2,Divorced,2,0,16.8,2,4,0.0,167.17,76.86
13141,0,8.0,Mobile Phone,3,15,Debit Card,Male,4.1,3,Mobile Phone,3,Married,1,0,26.0,0,2,6.0,91.27,62.34
13142,0,45.0,Phone,3,35,Cash on Delivery,Male,1.5,2,Grocery,3,Single,3,0,16.0,1,1,0.0,335.54,24.15
13143,0,15.0,Computer,3,5,Debit Card,Female,2.0,1,Mobile Phone,4,Married,4,0,13.9,2,3,5.0,190.38,86.43
13144,1,13.0,Mobile Phone,3,27,Debit Card,Female,2.8,3,Mobile Phone,3,Single,1,1,24.1,3,3,1.0,254.96,100.82
13145,0,5.0,Computer,2,8,Debit Card,Female,2.9,1,Laptop & Accessory,5,Married,1,0,18.6,2,5,,159.99,65.83
13146,1,8.0,Mobile Phone,2,34,Credit Card,Male,4.2,2,Grocery,2,Divorced,2,0,12.5,3,5,6.0,178.12,54.89
13147,0,40.0,Mobile Phone,1,10,E wallet,Female,2.8,2,Grocery,5,Single,4,0,16.4,1,1,3.0,189.09,89.4
13148,1,19.0,Mobile Phone,1,8,UPI,Male,3.8,6,Mobile Phone,2,Married,2,0,16.3,2,2,1.0,163.63,75.4
13149,0,27.0,Computer,2,28,UPI,Male,4.3,5,Fashion,4,Single,2,1,13.8,4,6,9.0,134.44,113.45
13150,0,10.0,Mobile Phone,3,32,UPI,Male,3.1,3,Mobile Phone,3,Divorced,8,0,16.1,1,1,0.0,311.85,51.32
13151,1,17.0,Mobile Phone,2,29,UPI,Female,5.6,3,Mobile Phone,2,Single,8,0,11.0,2,3,0.0,201.3,87.47
13152,1,5.0,Mobile Phone,1,6,Credit Card,Male,2.3,4,Grocery,5,Married,7,1,12.9,1,3,5.0,85.32,77.69
13153,0,,Mobile Phone,1,21,Credit Card,Male,2.0,4,Laptop & Accessory,3,Married,4,0,17.6,1,4,4.0,186.1,66.47
13154,0,10.0,Computer,2,5,UPI,Female,2.1,2,Mobile Phone,4,Married,7,0,,5,4,1.0,93.67,47.24
13155,0,10.0,Mobile Phone,3,35,Cash on Delivery,Male,5.7,5,Laptop & Accessory,4,Married,6,0,11.0,1,5,0.0,129.26,87.67
13156,0,18.0,Mobile Phone,1,34,Credit Card,Male,4.0,3,Mobile Phone,3,Married,7,0,14.8,3,2,7.0,186.41,112.93
13157,0,49.0,Phone,2,17,Debit Card,Male,4.4,5,Fashion,3,Married,1,1,12.2,1,1,1.0,212.36,20.0
13158,0,1.0,Phone,1,16,UPI,Male,3.8,2,Grocery,4,Single,5,0,11.0,1,1,0.0,50.0,69.83
13159,0,31.0,Computer,1,32,E wallet,Male,2.9,2,Mobile Phone,1,Married,5,1,11.0,1,3,2.0,282.95,82.6
13160,0,,Phone,3,27,Credit Card,Female,3.2,4,Grocery,4,Single,7,0,17.4,2,4,9.0,140.47,39.62
13161,0,10.0,Computer,1,33,Credit Card,Male,1.8,6,Laptop & Accessory,5,Married,4,1,15.5,1,5,0.0,166.53,78.37
13162,0,1.0,Computer,1,34,Debit Card,Female,5.5,4,Laptop & Accessory,1,Married,1,0,16.9,1,6,5.0,272.01,75.79
13163,0,6.0,Mobile Phone,1,6,Credit Card,Male,2.9,3,Fashion,2,Single,3,0,13.2,3,5,3.0,282.69,86.75
13164,0,12.0,Mobile Phone,2,23,Debit Card,Male,2.0,5,Laptop & Accessory,4,Single,4,0,11.0,0,2,2.0,142.83,54.81
13165,0,1.0,Mobile Phone,1,16,UPI,Female,1.2,2,Fashion,3,Single,5,0,11.0,1,4,5.0,243.79,25.45
13166,1,12.0,Mobile Phone,2,8,Cash on Delivery,Male,5.1,4,Fashion,3,Single,8,1,13.1,3,3,13.0,189.52,65.8
13167,0,47.0,Mobile Phone,3,29,UPI,Female,4.3,5,Grocery,2,Married,8,0,17.6,3,3,1.0,339.27,104.07
13168,1,2.0,Mobile Phone,1,30,Cash on Delivery,Female,3.6,2,Grocery,4,Single,2,0,11.0,0,4,,139.6,91.54
13169,0,26.0,Computer,3,22,Debit Card,Male,0.8,5,Others,2,Single,4,0,11.0,3,1,9.0,278.98,25.67
13170,1,,Mobile Phone,1,34,Debit Card,Male,3.5,6,Fashion,3,Married,2,0,23.7,4,1,4.0,144.89,60.13
13171,0,19.0,Mobile Phone,1,30,Cash on Delivery,Male,2.7,1,Grocery,4,Married,5,1,18.6,0,6,2.0,115.58,61.7
13172,1,5.0,Mobile Phone,2,6,Cash on Delivery,Male,2.4,1,Grocery,3,Single,4,1,11.0,0,1,3.0,161.8,82.77
13173,1,3.0,Mobile Phone,1,33,Credit Card,Male,4.7,4,Fashion,3,Single,2,0,13.6,3,2,5.0,81.57,61.96
13174,0,3.0,Computer,1,5,E wallet,Male,1.4,1,Others,5,Divorced,3,1,12.5,3,2,5.0,124.14,60.0
13175,1,1.0,Computer,3,35,Credit Card,Female,1.3,2,Mobile Phone,4,Married,3,1,16.7,1,2,10.0,160.79,47.55
13176,0,3.0,Phone,2,28,Cash on Delivery,Female,1.0,4,Laptop & Accessory,5,Divorced,7,0,12.0,3,4,,164.81,120.0
13177,0,19.0,Computer,3,34,Debit Card,Female,1.9,5,Laptop & Accessory,3,Married,4,0,11.0,2,6,1.0,234.99,20.0
13178,0,38.0,Mobile Phone,1,35,Credit Card,Female,1.3,3,Mobile Phone,4,Single,1,0,17.9,3,5,4.0,229.31,65.87
13179,0,30.0,Mobile Phone,2,17,Cash on Delivery,Female,4.1,1,Grocery,1,Married,5,0,25.9,4,2,2.0,177.87,68.92
13180,1,20.0,Mobile Phone,1,28,Credit Card,Female,1.9,1,Fashion,2,Single,6,0,18.2,2,3,3.0,75.77,84.52
13181,0,2.0,Computer,1,9,Cash on Delivery,Male,3.2,4,Others,2,Divorced,6,0,15.5,3,4,2.0,51.9,52.92
13182,0,,Computer,3,23,UPI,Male,2.2,2,Others,3,Single,2,0,13.7,1,2,0.0,148.21,52.06
13183,0,6.0,Mobile Phone,2,5,UPI,Male,4.2,1,Mobile Phone,5,Married,5,0,11.0,1,4,2.0,129.87,80.98
13184,1,5.0,Computer,3,6,Debit Card,Male,3.9,5,Mobile Phone,3,Married,4,1,12.6,3,1,4.0,144.5,53.91
13185,0,13.0,Computer,1,18,Cash on Delivery,Male,3.1,2,Others,4,Married,5,0,17.4,4,1,6.0,277.32,44.85
13186,0,,Mobile Phone,2,13,Cash on Delivery,Male,4.9,1,Mobile Phone,4,Married,7,0,22.1,1,3,,143.56,98.2
13187,0,7.0,Computer,2,12,Debit Card,Female,2.3,6,Others,4,Single,3,1,22.4,3,4,0.0,128.07,34.38
13188,0,7.0,Computer,2,30,UPI,Male,2.6,6,Laptop & Accessory,3,Married,8,0,,4,1,2.0,179.79,43.54
13189,0,31.0,Mobile Phone,2,15,E wallet,Female,3.2,1,Others,4,Single,9,0,16.1,1,5,6.0,148.81,75.63
13190,0,28.0,Phone,1,8,Debit Card,Male,3.8,5,Laptop & Accessory,3,Married,1,1,15.3,1,2,2.0,215.82,86.99
13191,1,6.0,Computer,1,33,UPI,Male,0.7,1,Fashion,1,Single,1,1,18.4,0,1,4.0,194.73,57.82
13192,0,44.0,Mobile Phone,2,7,Credit Card,Male,4.4,2,Others,5,Married,9,0,15.3,1,2,2.0,291.22,79.1
13193,0,54.0,Mobile Phone,1,9,Debit Card,Female,2.3,3,Fashion,2,Married,1,0,15.4,3,4,1.0,162.49,71.18
13194,1,7.0,Phone,2,28,Credit Card,Male,3.8,3,Grocery,1,Single,2,1,11.0,0,2,6.0,295.86,56.3
13195,0,7.0,Computer,1,18,UPI,Female,2.1,1,Laptop & Accessory,5,Single,3,0,11.0,1,1,0.0,221.87,35.71
13196,1,12.0,Computer,1,14,E wallet,Female,4.6,4,Fashion,3,Single,7,0,11.0,0,1,2.0,211.83,94.62
13197,0,50.0,Phone,2,10,Debit Card,Male,4.2,2,Mobile Phone,4,Single,3,0,16.4,2,2,0.0,60.7,35.29
13198,1,37.0,Mobile Phone,3,14,Cash on Delivery,Female,4.2,3,Mobile Phone,3,Single,9,0,13.2,1,5,0.0,51.65,120.0
13199,1,1.0,Mobile Phone,2,35,Credit Card,Female,3.5,4,Laptop & Accessory,3,Single,2,1,26.0,4,3,2.0,83.4,49.42
13200,1,8.0,Mobile Phone,1,15,Credit Card,Male,2.8,3,Grocery,3,Married,3,1,17.3,1,4,2.0,192.81,113.07
13201,1,14.0,Phone,2,24,Debit Card,Male,1.0,4,Others,3,Married,9,1,24.4,0,2,4.0,225.25,97.79
13202,1,12.0,Mobile Phone,1,12,E wallet,Male,,1,Fashion,3,Single,6,1,23.9,1,3,5.0,212.07,56.26
13203,0,3.0,Phone,2,8,Cash on Delivery,Female,4.4,6,Laptop & Accessory,4,Single,9,0,17.5,3,1,5.0,182.27,96.01
13204,0,35.0,Mobile Phone,1,25,UPI,Female,4.0,4,Fashion,4,Single,5,0,14.8,2,1,2.0,234.2,94.27
13205,0,20.0,Computer,1,22,UPI,Male,,1,Others,5,Single,4,1,11.0,1,1,3.0,251.67,54.97
13206,0,32.0,Mobile Phone,2,30,UPI,Male,6.0,6,Grocery,1,Single,2,0,11.4,1,3,3.0,161.5,20.0
13207,0,35.0,Computer,1,24,UPI,Female,4.3,4,Mobile Phone,4,Married,1,0,20.0,1,1,2.0,213.49,20.0
13208,1,24.0,Mobile Phone,3,35,UPI,Male,2.1,4,Others,4,Married,5,1,16.6,0,4,3.0,203.04,82.8
13209,0,10.0,Mobile Phone,1,30,Debit Card,Male,2.3,4,Others,5,Divorced,1,0,11.1,2,1,,228.38,64.42
13210,0,16.0,Phone,1,18,Debit Card,Female,1.8,2,Grocery,1,Divorced,6,0,13.8,2,4,0.0,199.66,70.53
13211,1,3.0,Mobile Phone,1,30,Cash on Delivery,Male,2.8,3,Others,4,Single,6,1,17.0,2,2,9.0,195.84,95.16
13212,1,20.0,Mobile Phone,2,7,UPI,Male,4.9,4,Grocery,5,Single,7,1,15.1,2,1,0.0,143.74,53.77
13213,0,3.0,Mobile Phone,3,16,E wallet,Female,3.5,1,Others,2,Single,9,0,13.6,5,1,1.0,192.34,87.5
13214,0,21.0,Mobile Phone,1,19,Debit Card,Male,5.0,4,Grocery,5,Single,6,1,14.7,2,3,1.0,159.62,46.22
13215,1,4.0,Mobile Phone,2,32,E wallet,Male,4.9,2,Laptop & Accessory,1,Married,3,0,11.0,0,1,3.0,115.86,67.75
13216,0,2.0,Mobile Phone,2,28,Credit Card,Male,4.6,2,Laptop & Accessory,4,Single,8,0,15.1,0,4,0.0,198.0,70.53
13217,1,3.0,Mobile Phone,1,12,UPI,Male,5.0,6,Laptop & Accessory,5,Single,5,1,11.0,2,3,8.0,118.65,32.97
13218,1,1.0,Mobile Phone,3,18,Debit Card,Male,3.0,2,Laptop & Accessory,4,Single,8,1,17.2,1,5,7.0,177.42,64.81
13219,1,22.0,Computer,2,27,E wallet,Male,3.2,4,Fashion,3,Single,8,0,15.8,4,1,4.0,158.02,90.61
13220,0,23.0,Computer,3,10,UPI,Male,1.3,4,Fashion,1,Divorced,3,0,19.5,4,5,,146.26,80.34
13221,0,13.0,Phone,1,29,Credit Card,Female,3.7,4,Laptop & Accessory,5,Divorced,7,0,19.5,2,3,10.0,264.32,108.67
13222,1,3.0,Mobile Phone,3,18,E wallet,Male,3.3,3,Laptop & Accessory,3,Single,4,0,,1,5,7.0,278.3,50.96
13223,1,,Mobile Phone,1,8,Debit Card,Female,5.4,4,Fashion,1,Single,9,0,11.0,1,2,2.0,162.19,110.35
13224,0,1.0,Computer,1,24,Debit Card,Female,2.6,5,Laptop & Accessory,4,Married,7,0,14.2,3,6,4.0,239.84,71.58
13225,1,3.0,Mobile Phone,2,10,Debit Card,Female,1.8,2,Grocery,3,Single,2,0,11.0,1,2,3.0,85.11,50.71
13226,0,39.0,Computer,1,20,Debit Card,Male,1.3,4,Laptop & Accessory,2,Single,1,0,17.9,4,3,3.0,109.1,69.9
13227,0,4.0,Computer,2,21,Cash on Delivery,Male,4.7,6,Others,2,Single,6,0,14.0,2,2,1.0,176.33,43.47
13228,0,7.0,Mobile Phone,3,6,Debit Card,Female,3.2,3,Laptop & Accessory,1,Married,6,1,12.2,3,5,2.0,116.0,74.33
13229,1,2.0,Mobile Phone,1,22,Debit Card,Male,2.6,1,Laptop & Accessory,4,Single,5,0,16.6,1,2,0.0,202.54,20.0
13230,0,4.0,Mobile Phone,1,17,Cash on Delivery,Female,3.3,2,Fashion,4,Married,2,0,11.0,2,3,1.0,197.25,102.23
13231,1,13.0,Computer,2,30,E wallet,Female,1.5,4,Grocery,4,Single,9,1,26.0,3,4,4.0,177.15,45.7
13232,0,16.0,Computer,2,24,Credit Card,Male,1.4,4,Others,5,Married,6,1,13.5,4,5,12.0,322.03,66.09
13233,0,5.0,Mobile Phone,1,20,UPI,Female,5.1,1,Grocery,5,Divorced,4,0,15.5,2,1,13.0,202.08,100.98
13234,0,1.0,Mobile Phone,2,25,Debit Card,Male,3.2,3,Mobile Phone,4,Married,7,0,14.2,3,4,3.0,214.56,46.17
13235,0,8.0,Mobile Phone,2,17,Credit Card,Female,3.5,5,Laptop & Accessory,1,Single,9,0,20.5,0,3,3.0,209.13,85.3
13236,0,4.0,Mobile Phone,2,18,UPI,Male,3.0,1,Mobile Phone,4,Divorced,8,0,11.0,1,7,0.0,125.94,99.72
13237,0,4.0,Computer,1,34,Credit Card,Female,2.2,3,Laptop & Accessory,3,Single,1,1,20.0,2,3,4.0,297.01,69.25
13238,0,57.0,Mobile Phone,2,22,E wallet,Male,2.2,6,Grocery,4,Single,3,0,11.9,0,4,0.0,95.77,76.73
13239,0,17.0,Mobile Phone,1,12,Debit Card,Male,1.8,3,Fashion,4,Married,2,0,11.9,1,3,1.0,197.11,104.2
13240,0,14.0,Phone,2,9,Credit Card,Male,4.4,6,Fashion,3,Single,3,0,20.3,4,6,4.0,224.66,30.33
13241,1,9.0,Mobile Phone,1,28,Credit Card,Male,3.6,4,Laptop & Accessory,5,Married,5,1,13.4,3,3,1.0,239.02,100.86
13242,0,10.0,Computer,1,13,Credit Card,Male,2.4,6,Others,2,Single,6,1,18.7,2,1,0.0,161.33,20.0
13243,0,14.0,Mobile Phone,2,19,Cash on Delivery,Male,3.9,4,Mobile Phone,4,Single,3,0,,1,2,7.0,224.61,49.39
13244,1,21.0,Computer,1,33,UPI,Male,2.0,2,Grocery,1,Divorced,2,0,12.9,1,3,1.0,117.1,120.0
13245,0,21.0,Mobile Phone,1,31,Debit Card,Female,4.2,4,Grocery,5,Married,5,0,16.4,2,1,0.0,280.23,93.98
13246,0,3.0,Computer,2,13,Debit Card,Female,2.0,6,Mobile Phone,2,Single,4,0,12.1,2,4,0.0,170.22,65.5
13247,1,,Computer,1,24,UPI,Female,3.2,6,Laptop & Accessory,1,Married,5,1,14.9,0,2,1.0,150.2,120.0
13248,1,9.0,Mobile Phone,1,14,Cash on Delivery,Male,2.2,4,Fashion,3,Single,4,0,17.8,2,2,0.0,141.73,32.03
13249,0,36.0,Phone,3,22,Credit Card,Male,4.8,3,Mobile Phone,3,Single,4,1,11.0,2,4,,197.85,80.79
13250,0,17.0,Mobile Phone,1,18,Debit Card,Female,4.7,4,Others,2,Married,8,0,17.6,4,2,1.0,85.2,61.91
13251,0,13.0,Computer,2,31,UPI,Male,3.9,4,Others,4,Divorced,6,1,16.9,1,2,,233.09,65.7
13252,0,2.0,Computer,1,22,Credit Card,Female,2.9,4,Grocery,3,Married,2,1,11.0,4,3,0.0,144.17,87.6
13253,1,16.0,Mobile Phone,1,20,E wallet,Male,2.4,6,Laptop & Accessory,1,Married,3,0,11.0,1,1,2.0,258.27,84.26
13254,1,2.0,Mobile Phone,2,32,Cash on Delivery,Female,3.3,5,Grocery,3,Married,8,0,11.0,4,1,4.0,105.45,68.21
13255,0,7.0,Mobile Phone,3,9,Credit Card,Male,2.2,5,Fashion,5,Married,1,0,12.3,1,7,4.0,187.92,87.68
13256,0,2.0,Mobile Phone,2,14,Debit Card,Male,4.1,2,Fashion,4,Single,6,0,11.0,3,4,3.0,213.23,106.31
13257,0,,Mobile Phone,1,24,Cash on Delivery,Male,2.8,6,Mobile Phone,4,Married,3,0,20.6,2,5,10.0,219.73,75.31
13258,0,4.0,Mobile Phone,2,10,E wallet,Female,3.1,1,Fashion,4,Divorced,9,0,21.4,3,3,1.0,149.0,89.67
13259,0,8.0,Computer,1,13,E wallet,Female,,3,Laptop & Accessory,3,Single,1,1,11.0,1,3,2.0,105.92,71.6
13260,0,40.0,Mobile Phone,3,27,Credit Card,Male,4.9,2,Fashion,1,Single,2,0,11.0,0,1,8.0,152.58,50.74
13261,0,4.0,Computer,2,20,Cash on Delivery,Female,2.9,3,Fashion,3,Divorced,6,1,14.9,1,1,0.0,250.0,66.51
13262,1,12.0,Mobile Phone,3,32,Cash on Delivery,Male,5.2,1,Fashion,5,Married,4,1,23.0,0,1,0.0,305.54,85.68
13263,0,9.0,Mobile Phone,2,34,Credit Card,Female,4.0,1,Mobile Phone,5,Single,1,1,26.0,1,6,1.0,82.63,20.0
13264,0,1.0,Mobile Phone,3,15,E wallet,Female,4.0,6,Laptop & Accessory,3,Married,4,0,11.0,2,4,4.0,135.72,74.2
13265,0,28.0,Phone,1,24,Debit Card,Female,2.3,2,Mobile Phone,1,Single,2,0,11.0,4,2,1.0,76.05,85.81
13266,0,1.0,Computer,3,27,Credit Card,Male,1.6,5,Others,2,Married,9,0,11.0,3,3,0.0,147.1,67.97
13267,0,11.0,Mobile Phone,1,22,Debit Card,Female,3.1,5,Fashion,3,Married,7,0,11.0,1,4,2.0,141.73,36.27
13268,0,14.0,Mobile Phone,3,9,UPI,Female,1.7,5,Laptop & Accessory,4,Single,6,0,17.5,3,4,3.0,108.27,86.32
13269,1,17.0,Mobile Phone,1,32,Cash on Delivery,Male,0.8,4,Mobile Phone,1,Married,9,1,15.6,0,1,1.0,279.78,45.87
13270,0,21.0,Phone,2,31,Debit Card,Female,,4,Fashion,5,Single,8,0,16.3,1,3,1.0,248.81,116.16
13271,0,5.0,Mobile Phone,2,13,Cash on Delivery,Female,1.1,2,Mobile Phone,3,Married,2,0,21.8,0,3,3.0,194.6,96.81
13272,0,1.0,Mobile Phone,2,15,Cash on Delivery,Female,4.2,4,Laptop & Accessory,5,Married,3,1,24.8,0,6,11.0,173.39,72.63
13273,0,23.0,Mobile Phone,2,34,Credit Card,Male,1.6,3,Fashion,4,Single,7,0,20.1,2,1,4.0,233.55,57.04
13274,0,13.0,Mobile Phone,2,13,E wallet,Male,1.0,2,Fashion,4,Married,4,0,19.4,3,2,6.0,119.91,21.37
13275,0,32.0,Mobile Phone,1,8,UPI,Female,2.3,2,Mobile Phone,4,Single,6,1,11.0,2,3,1.0,194.3,119.68
13276,0,31.0,Computer,2,12,Debit Card,Male,3.7,1,Laptop & Accessory,4,Divorced,9,0,11.9,3,2,1.0,143.69,47.19
13277,0,33.0,Mobile Phone,3,9,Credit Card,Female,2.5,1,Grocery,4,Single,7,0,,1,5,2.0,320.61,114.72
13278,0,11.0,Computer,2,7,E wallet,Male,4.0,2,Grocery,4,Married,3,0,11.7,1,3,6.0,98.51,20.0
13279,0,,Computer,3,33,Credit Card,Male,3.8,5,Mobile Phone,4,Married,6,1,21.6,7,1,2.0,163.67,62.87
13280,1,28.0,Phone,2,26,Cash on Delivery,Male,3.4,1,Laptop & Accessory,5,Single,7,0,15.7,4,3,7.0,102.33,47.83
13281,1,,Phone,2,8,Cash on Delivery,Male,2.3,4,Fashion,4,Divorced,1,0,19.7,0,2,17.0,225.13,35.7
13282,1,3.0,Mobile Phone,3,33,Debit Card,Male,3.5,2,Others,4,Single,7,0,11.0,2,3,0.0,224.99,74.71
13283,0,34.0,Phone,1,20,Debit Card,Male,0.1,3,Mobile Phone,5,Married,5,0,,2,2,0.0,138.14,114.05
13284,0,38.0,Phone,1,17,Credit Card,Male,2.9,2,Fashion,2,Married,7,0,,3,4,0.0,105.47,53.05
13285,0,11.0,Phone,2,7,Cash on Delivery,Male,4.4,3,Fashion,1,Single,7,0,16.4,3,2,1.0,156.85,71.66
13286,0,1.0,Mobile Phone,2,8,UPI,Female,2.2,1,Laptop & Accessory,3,Single,6,0,14.8,6,2,0.0,138.13,42.21
13287,0,8.0,Mobile Phone,1,33,E wallet,Male,3.4,5,Mobile Phone,4,Divorced,3,0,22.2,0,5,8.0,183.85,37.64
13288,0,29.0,Mobile Phone,3,5,UPI,Male,0.8,6,Others,5,Divorced,9,0,,2,3,0.0,277.19,20.0
13289,0,41.0,Computer,1,30,UPI,Male,3.9,3,Fashion,3,Married,5,0,11.0,2,1,1.0,219.68,44.43
13290,0,4.0,Mobile Phone,2,12,UPI,Male,2.6,5,Laptop & Accessory,4,Single,9,0,11.0,3,4,0.0,225.55,58.1
13291,1,1.0,Mobile Phone,1,13,UPI,Male,2.6,6,Laptop & Accessory,4,Married,3,0,11.2,1,3,10.0,179.75,21.97
13292,0,37.0,Mobile Phone,2,26,UPI,Female,2.6,3,Laptop & Accessory,1,Divorced,7,0,19.2,1,3,4.0,338.61,120.0
13293,0,8.0,Mobile Phone,1,9,UPI,Female,3.3,5,Fashion,4,Divorced,5,1,,4,1,9.0,186.99,79.9
13294,0,14.0,Computer,1,16,UPI,Male,2.5,3,Laptop & Accessory,5,Single,7,1,11.0,3,3,14.0,223.54,86.81
13295,0,61.0,Computer,3,13,UPI,Male,3.1,2,Grocery,2,Married,8,0,11.0,2,5,2.0,245.92,20.59
13296,1,1.0,Mobile Phone,2,8,Credit Card,Female,1.5,6,Mobile Phone,4,Married,8,0,19.4,2,2,1.0,176.93,78.45
13297,0,18.0,Phone,3,34,Debit Card,Male,2.5,2,Mobile Phone,4,Divorced,5,0,11.0,0,1,0.0,192.45,110.89
13298,0,1.0,Mobile Phone,1,21,Credit Card,Male,3.4,1,Mobile Phone,2,Single,5,0,21.3,4,3,1.0,145.81,62.59
13299,0,8.0,Phone,2,16,Debit Card,Male,2.8,2,Fashion,2,Married,8,0,11.0,3,4,4.0,181.08,75.38
13300,0,29.0,Mobile Phone,1,17,Credit Card,Female,3.4,4,Others,5,Married,6,0,12.3,2,3,0.0,267.81,57.45
13301,0,10.0,Phone,1,15,UPI,Male,3.7,1,Others,3,Married,6,1,11.0,1,3,0.0,249.84,78.26
13302,0,61.0,Phone,2,27,UPI,Male,3.7,2,Laptop & Accessory,2,Single,2,0,11.0,0,5,3.0,221.25,65.25
13303,1,14.0,Mobile Phone,2,21,Cash on Delivery,Female,,2,Others,2,Married,7,0,13.7,2,2,4.0,234.62,56.53
13304,0,6.0,Computer,1,34,Credit Card,Female,0.6,4,Fashion,4,Married,7,1,14.2,4,2,4.0,177.75,77.13
13305,0,4.0,Computer,3,19,E wallet,Male,1.6,5,Grocery,4,Single,6,0,11.0,5,2,1.0,236.89,64.8
13306,0,7.0,Computer,1,32,Debit Card,Female,5.2,2,Fashion,4,Divorced,2,0,12.6,1,3,6.0,170.86,75.11
13307,0,8.0,Computer,2,13,UPI,Male,4.2,3,Fashion,1,Married,5,1,15.6,1,2,3.0,82.0,62.86
13308,0,1.0,Mobile Phone,1,8,Debit Card,Male,,5,Mobile Phone,5,Married,6,1,17.8,0,4,0.0,289.95,97.69
13309,1,8.0,Mobile Phone,3,16,Debit Card,Male,3.7,3,Mobile Phone,3,Single,4,1,11.0,1,3,6.0,167.74,120.0
13310,0,11.0,Mobile Phone,1,7,Credit Card,Female,2.3,6,Fashion,3,Married,6,0,12.1,0,1,12.0,243.26,72.87
13311,0,23.0,Mobile Phone,1,24,Credit Card,Male,3.8,5,Mobile Phone,3,Married,5,0,11.0,3,3,0.0,158.24,80.77
13312,1,19.0,Phone,3,21,UPI,Female,1.8,6,Mobile Phone,3,Married,9,1,12.0,1,5,1.0,50.0,52.86
13313,0,22.0,Mobile Phone,1,26,Debit Card,Female,3.5,3,Grocery,5,Single,6,0,12.4,3,5,2.0,175.63,84.31
13314,1,1.0,Computer,3,11,Credit Card,Male,2.8,2,Fashion,5,Single,1,1,18.8,0,3,0.0,69.5,20.0
13315,0,4.0,Mobile Phone,2,11,Credit Card,Male,3.9,6,Mobile Phone,3,Married,1,0,20.8,1,4,8.0,225.32,80.82
13316,0,,Computer,1,25,Credit Card,Female,5.8,3,Laptop & Accessory,5,Divorced,2,0,11.0,4,5,1.0,166.25,37.29
13317,1,11.0,Mobile Phone,1,34,UPI,Female,3.1,2,Laptop & Accessory,4,Married,2,1,16.8,2,3,,253.13,106.09
13318,0,1.0,Computer,3,30,Debit Card,Female,0.7,4,Others,5,Married,4,0,18.9,3,3,4.0,194.0,90.07
13319,1,29.0,Mobile Phone,1,16,UPI,Male,,3,Mobile Phone,2,Married,2,0,11.0,0,1,3.0,118.19,60.84
13320,0,26.0,Phone,3,30,UPI,Male,2.9,1,Fashion,4,Single,8,0,19.6,2,4,0.0,220.19,83.54
13321,0,14.0,Mobile Phone,1,25,Debit Card,Male,0.1,1,Grocery,3,Single,8,0,15.8,1,3,0.0,86.42,120.0
13322,0,1.0,Mobile Phone,3,26,Credit Card,Male,2.1,3,Laptop & Accessory,5,Married,2,0,13.4,0,3,0.0,161.57,62.19
13323,0,26.0,Mobile Phone,1,14,Credit Card,Male,3.9,2,Fashion,1,Married,9,0,15.9,3,1,1.0,68.16,74.96
13324,0,15.0,Mobile Phone,1,32,E wallet,Female,,5,Laptop & Accessory,4,Married,9,0,11.0,6,1,1.0,201.01,79.94
13325,0,27.0,Mobile Phone,2,12,Credit Card,Male,4.3,4,Laptop & Accessory,3,Married,9,1,15.8,2,3,7.0,194.84,82.23
13326,0,25.0,Mobile Phone,3,13,UPI,Female,5.0,3,Mobile Phone,3,Single,9,0,11.0,0,3,1.0,187.57,55.71
13327,0,29.0,Mobile Phone,1,18,Credit Card,Male,2.7,6,Mobile Phone,4,Single,7,1,15.2,1,1,5.0,123.85,90.32
13328,0,13.0,Computer,3,10,Credit Card,Male,1.8,4,Laptop & Accessory,5,Single,9,0,,2,5,2.0,261.14,65.49
13329,0,2.0,Mobile Phone,1,23,UPI,Female,1.1,2,Mobile Phone,4,Married,8,0,16.7,4,3,6.0,234.52,70.67
13330,0,20.0,Computer,1,26,Credit Card,Male,3.0,1,Fashion,5,Single,8,0,22.2,4,2,14.0,194.04,48.29
13331,1,,Mobile Phone,1,19,Cash on Delivery,Female,2.3,2,Others,3,Single,7,1,15.8,2,2,1.0,145.15,97.03
13332,0,24.0,Computer,2,24,Credit Card,Female,2.0,2,Fashion,4,Divorced,2,1,21.0,3,6,7.0,159.01,38.64
13333,1,3.0,Mobile Phone,2,24,Debit Card,Male,1.0,3,Fashion,3,Single,2,1,11.0,1,3,3.0,179.08,20.93
13334,1,3.0,Mobile Phone,3,31,UPI,Female,2.5,4,Fashion,1,Single,8,0,23.6,2,1,6.0,113.94,20.0
13335,0,39.0,Mobile Phone,2,31,E wallet,Male,2.0,5,Fashion,4,Single,2,0,11.0,0,3,4.0,231.19,89.39
13336,0,24.0,Computer,3,11,UPI,Male,2.1,4,Mobile Phone,4,Single,2,1,11.0,3,1,2.0,255.56,50.47
13337,0,42.0,Phone,1,26,Cash on Delivery,Male,5.1,5,Grocery,4,Single,7,1,13.4,6,3,1.0,282.54,46.89
13338,0,25.0,Computer,3,28,Debit Card,Male,3.0,1,Fashion,4,Divorced,7,1,12.3,1,3,0.0,159.38,65.87
13339,0,16.0,Phone,2,31,E wallet,Male,2.8,4,Mobile Phone,4,Married,1,0,11.0,1,3,3.0,262.64,28.5
13340,1,19.0,Computer,2,12,Debit Card,Male,4.0,5,Laptop & Accessory,1,Married,7,1,11.0,3,1,18.0,266.33,76.08
13341,0,39.0,Phone,2,7,E wallet,Female,2.4,4,Grocery,2,Divorced,5,0,11.0,1,5,5.0,142.07,120.0
13342,0,15.0,Computer,3,15,Debit Card,Male,3.6,2,Laptop & Accessory,4,Single,5,0,11.0,2,10,1.0,119.77,86.74
13343,0,18.0,Computer,1,8,Credit Card,Female,3.8,1,Laptop & Accessory,3,Single,2,0,11.0,1,1,,245.2,77.14
13344,1,3.0,Mobile Phone,1,6,Debit Card,Male,1.8,4,Laptop & Accessory,1,Divorced,6,0,23.9,1,3,5.0,147.09,92.07
13345,0,11.0,Mobile Phone,1,5,Credit Card,Male,2.7,6,Others,3,Single,4,1,19.3,4,5,1.0,135.97,120.0
13346,0,22.0,Mobile Phone,3,11,E wallet,Female,1.2,2,Laptop & Accessory,4,Married,7,1,16.9,3,4,0.0,228.98,53.27
13347,0,5.0,Mobile Phone,1,28,UPI,Female,1.7,6,Grocery,3,Single,2,1,26.0,2,5,0.0,96.84,53.45
13348,0,4.0,Mobile Phone,3,16,UPI,Female,,2,Laptop & Accessory,4,Married,8,0,11.0,2,5,8.0,153.25,48.45
13349,1,6.0,Mobile Phone,1,35,Debit Card,Male,3.4,1,Fashion,4,Single,5,0,14.6,3,1,,68.16,20.63
13350,0,,Mobile Phone,2,12,Credit Card,Female,1.7,4,Laptop & Accessory,3,Single,8,0,26.0,3,3,,129.56,69.56
13351,0,4.0,Mobile Phone,2,17,Credit Card,Male,3.2,6,Fashion,4,Married,7,0,12.0,5,2,1.0,140.55,65.94
13352,0,9.0,Mobile Phone,3,10,Credit Card,Male,2.7,3,Laptop & Accessory,4,Divorced,3,1,,1,4,6.0,134.99,74.37
13353,0,42.0,Mobile Phone,2,11,E wallet,Female,2.6,3,Laptop & Accessory,4,Single,9,0,19.9,0,1,11.0,154.19,34.06
13354,0,12.0,Mobile Phone,1,28,Debit Card,Male,3.9,6,Laptop & Accessory,4,Single,9,0,11.7,2,1,6.0,56.74,20.0
13355,1,3.0,Phone,3,24,UPI,Male,5.0,3,Laptop & Accessory,1,Single,2,0,22.6,2,1,3.0,119.61,20.0
13356,0,1.0,Mobile Phone,2,28,UPI,Male,1.0,2,Laptop & Accessory,4,Single,3,1,20.0,1,4,1.0,260.69,74.4
13357,0,21.0,Mobile Phone,1,10,Debit Card,Female,3.6,4,Fashion,3,Single,1,0,,2,4,2.0,197.89,75.87
13358,0,8.0,Computer,2,16,UPI,Male,5.4,5,Grocery,5,Married,1,0,20.9,0,2,1.0,149.26,117.27
13359,0,31.0,Mobile Phone,3,11,E wallet,Female,4.2,4,Mobile Phone,5,Married,3,1,,5,1,6.0,140.68,100.19
13360,0,19.0,Mobile Phone,1,14,Debit Card,Male,3.7,1,Mobile Phone,4,Married,3,0,15.8,5,1,1.0,225.91,25.21
13361,0,28.0,Computer,3,34,Debit Card,Female,0.8,5,Mobile Phone,3,Single,5,1,18.5,2,2,7.0,185.15,32.16
13362,1,5.0,Mobile Phone,1,11,UPI,Female,4.5,1,Mobile Phone,2,Single,6,0,12.7,1,3,1.0,112.67,80.53
13363,0,21.0,Phone,2,28,Debit Card,Female,5.0,6,Laptop & Accessory,3,Single,4,0,24.1,1,1,6.0,147.99,66.06
13364,1,5.0,Computer,1,31,UPI,Male,3.8,6,Others,3,Married,7,1,15.4,1,5,,105.79,94.43
13365,0,50.0,Computer,3,34,UPI,Male,4.1,4,Fashion,3,Single,3,0,16.7,3,3,2.0,138.45,106.27
13366,0,18.0,Computer,2,19,Cash on Delivery,Male,4.3,1,Grocery,4,Single,4,0,11.0,1,3,3.0,221.1,76.47
13367,1,7.0,Mobile Phone,1,25,Cash on Delivery,Male,3.8,2,Mobile Phone,2,Married,5,0,11.1,2,1,0.0,215.09,66.9
13368,0,5.0,Mobile Phone,2,6,UPI,Male,4.0,3,Grocery,5,Single,8,0,16.0,1,1,11.0,241.75,34.5
13369,1,3.0,Computer,2,12,Cash on Delivery,Female,1.1,4,Fashion,2,Single,9,0,20.2,1,1,3.0,188.53,35.63
13370,0,21.0,Phone,1,21,Debit Card,Male,6.0,5,Grocery,5,Single,3,0,23.5,0,4,2.0,89.45,84.41
13371,1,4.0,Mobile Phone,2,35,Debit Card,Male,4.2,5,Laptop & Accessory,5,Single,1,1,11.0,0,3,7.0,105.26,28.18
13372,1,16.0,Mobile Phone,2,20,Debit Card,Male,4.1,1,Laptop & Accessory,4,Single,2,1,11.0,0,2,8.0,208.45,53.67
13373,1,5.0,Mobile Phone,1,33,E wallet,Male,3.4,3,Fashion,4,Married,2,0,11.0,0,2,2.0,186.11,30.51
13374,0,19.0,Mobile Phone,3,17,Cash on Delivery,Female,0.7,6,Mobile Phone,3,Single,3,0,18.0,0,4,10.0,110.45,35.27
13375,0,30.0,Mobile Phone,1,22,Cash on Delivery,Male,0.2,4,Grocery,4,Married,2,0,23.5,1,4,0.0,159.46,59.55
13376,0,27.0,Computer,1,25,Credit Card,Female,3.6,2,Laptop & Accessory,3,Divorced,1,0,14.1,3,1,0.0,293.99,56.37
13377,0,25.0,Mobile Phone,1,8,Debit Card,Male,3.0,1,Laptop & Accessory,3,Single,6,0,15.4,2,1,3.0,235.89,82.84
13378,0,3.0,Computer,1,16,Debit Card,Female,3.9,4,Mobile Phone,4,Single,7,0,15.8,3,6,1.0,269.92,102.49
13379,0,1.0,Mobile Phone,1,15,Cash on Delivery,Male,2.6,4,Others,3,Married,1,0,12.2,0,6,,109.25,57.76
13380,1,21.0,Phone,3,6,UPI,Female,2.6,6,Laptop & Accessory,4,Married,9,0,11.0,2,3,1.0,280.22,28.71
13381,0,8.0,Computer,2,35,Cash on Delivery,Female,2.7,3,Grocery,3,Married,7,0,21.4,1,1,2.0,148.79,54.97
13382,0,10.0,Mobile Phone,2,24,Debit Card,Male,2.5,5,Others,3,Married,4,1,,2,5,6.0,274.33,93.69
13383,1,1.0,Mobile Phone,2,27,Debit Card,Male,1.7,6,Grocery,1,Married,3,1,,3,5,3.0,201.5,35.33
13384,0,5.0,Mobile Phone,3,25,Cash on Delivery,Male,1.5,3,Fashion,1,Married,6,0,26.0,2,3,23.0,217.71,33.0
13385,1,1.0,Mobile Phone,3,35,Debit Card,Female,3.6,1,Fashion,3,Single,3,1,15.0,0,6,6.0,221.68,22.03
13386,0,38.0,Computer,2,20,Debit Card,Female,3.7,1,Laptop & Accessory,1,Divorced,4,0,11.0,4,2,1.0,185.93,107.11
13387,0,5.0,Computer,3,17,UPI,Male,0.0,6,Mobile Phone,2,Single,9,1,18.9,3,4,1.0,215.01,20.0
13388,0,14.0,Mobile Phone,3,8,Credit Card,Female,2.8,3,Fashion,5,Married,5,0,11.0,1,3,1.0,118.87,32.46
13389,1,1.0,Mobile Phone,1,6,Credit Card,Male,2.7,4,Mobile Phone,1,Married,5,1,17.8,2,1,7.0,172.26,31.8
13390,1,19.0,Mobile Phone,2,22,E wallet,Male,3.5,5,Laptop & Accessory,4,Married,9,0,17.6,3,4,0.0,226.84,53.56
13391,0,,Mobile Phone,3,5,Cash on Delivery,Female,3.6,1,Laptop & Accessory,3,Single,2,0,23.3,2,4,1.0,186.53,45.91
13392,1,41.0,Computer,3,30,Credit Card,Male,3.8,3,Laptop & Accessory,5,Married,7,0,11.0,1,1,9.0,158.95,68.96
13393,0,39.0,Mobile Phone,1,34,Debit Card,Male,2.6,1,Fashion,3,Single,7,0,13.2,2,2,4.0,194.03,48.8
13394,0,7.0,Mobile Phone,3,26,Debit Card,Male,,5,Laptop & Accessory,3,Divorced,6,0,14.6,1,5,1.0,98.16,35.09
13395,0,41.0,Mobile Phone,3,10,Debit Card,Female,0.9,6,Laptop & Accessory,4,Married,4,0,20.2,1,6,0.0,242.77,50.92
13396,0,61.0,Mobile Phone,3,24,E wallet,Male,2.9,2,Mobile Phone,3,Married,7,1,17.6,2,3,7.0,55.26,28.23
13397,0,31.0,Computer,1,29,Cash on Delivery,Male,1.1,2,Fashion,4,Married,3,0,18.1,3,4,8.0,178.5,95.85
13398,0,33.0,Mobile Phone,2,33,Debit Card,Male,2.2,6,Mobile Phone,2,Divorced,9,0,22.3,1,3,1.0,225.61,105.48
13399,0,5.0,Phone,2,24,UPI,Male,1.3,4,Fashion,5,Married,1,0,13.7,2,2,2.0,184.89,20.0
13400,1,15.0,Mobile Phone,2,23,UPI,Male,4.6,4,Laptop & Accessory,3,Single,6,1,23.8,2,2,7.0,151.86,78.93
13401,1,1.0,Computer,3,31,UPI,Female,1.5,2,Mobile Phone,3,Single,1,1,14.5,0,3,5.0,245.98,67.87
13402,1,1.0,Mobile Phone,1,14,Debit Card,Male,2.0,5,Mobile Phone,4,Single,6,1,20.4,0,1,6.0,138.66,67.76
13403,0,61.0,Phone,1,13,UPI,Female,3.7,3,Laptop & Accessory,3,Single,5,0,12.0,2,2,2.0,281.08,49.75
13404,1,7.0,Phone,2,21,Cash on Delivery,Female,4.4,3,Laptop & Accessory,5,Single,5,0,18.6,3,4,9.0,167.41,43.78
13405,1,24.0,Phone,2,33,Debit Card,Male,2.1,6,Others,3,Divorced,6,0,21.9,6,1,1.0,165.28,93.22
13406,0,29.0,Phone,2,19,Debit Card,Male,4.8,5,Fashion,4,Married,8,0,11.0,6,4,0.0,223.69,93.8
13407,0,35.0,Computer,2,6,Credit Card,Male,2.7,3,Laptop & Accessory,2,Divorced,9,0,20.7,1,4,4.0,161.38,68.42
13408,0,61.0,Phone,3,21,Cash on Delivery,Female,4.4,4,Laptop & Accessory,5,Single,3,0,,4,3,3.0,185.76,20.0
13409,0,4.0,Mobile Phone,3,11,Debit Card,Male,3.1,3,Fashion,4,Single,5,0,26.0,1,5,7.0,214.28,66.94
13410,1,1.0,Mobile Phone,2,32,E wallet,Male,1.4,6,Mobile Phone,2,Single,6,0,13.4,2,5,0.0,106.48,52.76
13411,1,9.0,Mobile Phone,2,33,Credit Card,Male,2.0,3,Fashion,2,Single,1,0,16.8,0,3,7.0,216.77,63.09
13412,0,2.0,Mobile Phone,3,20,UPI,Male,2.9,4,Grocery,3,Married,1,1,14.1,4,2,1.0,78.4,68.79
13413,1,1.0,Mobile Phone,3,21,Cash on Delivery,Female,4.3,6,Laptop & Accessory,5,Single,1,0,19.0,1,4,4.0,179.22,61.61
13414,1,8.0,Phone,3,31,UPI,Male,3.7,1,Fashion,3,Single,2,1,11.0,2,1,0.0,158.61,94.58
13415,0,27.0,Mobile Phone,2,31,Debit Card,Male,4.5,6,Mobile Phone,3,Divorced,4,0,11.0,3,4,3.0,101.33,45.05
13416,0,15.0,Phone,2,5,Debit Card,Female,2.2,2,Laptop & Accessory,1,Divorced,6,0,19.0,1,3,5.0,281.49,94.31
13417,0,6.0,Mobile Phone,3,26,Debit Card,Female,1.1,3,Mobile Phone,3,Single,3,0,15.2,2,3,1.0,190.04,54.47
13418,1,19.0,Mobile Phone,2,26,Cash on Delivery,Male,3.7,2,Laptop & Accessory,4,Single,9,1,11.0,3,3,0.0,140.84,89.14
13419,0,4.0,Computer,1,31,UPI,Male,3.5,2,Others,5,Married,3,0,11.2,2,4,3.0,188.52,92.09
13420,1,1.0,Mobile Phone,3,20,Cash on Delivery,Male,2.8,5,Laptop & Accessory,4,Single,4,1,12.6,1,4,7.0,329.21,77.56
13421,0,26.0,Computer,2,32,E wallet,Male,2.4,5,Grocery,5,Married,4,0,12.1,1,4,1.0,120.28,47.39
13422,0,17.0,Phone,3,25,Debit Card,Female,2.5,5,Mobile Phone,4,Married,5,0,,1,1,1.0,219.48,20.0
13423,0,25.0,Mobile Phone,2,8,Debit Card,Male,2.1,6,Mobile Phone,1,Married,5,0,22.5,4,2,1.0,125.13,79.22
13424,0,,Computer,2,20,E wallet,Female,3.4,1,Fashion,3,Divorced,2,0,11.0,4,4,11.0,208.94,52.24
13425,0,32.0,Phone,1,28,Debit Card,Female,3.8,1,Others,4,Single,6,1,14.3,3,5,1.0,140.45,67.84
13426,0,17.0,Mobile Phone,1,7,UPI,Male,4.6,2,Fashion,5,Divorced,9,0,15.7,2,8,0.0,170.19,94.15
13427,0,14.0,Computer,1,5,Debit Card,Male,,2,Grocery,5,Married,5,0,11.0,1,4,6.0,189.49,44.11
13428,0,17.0,Mobile Phone,3,21,E wallet,Male,3.4,2,Grocery,2,Single,1,1,22.5,3,2,,259.2,68.96
13429,0,35.0,Phone,2,9,Debit Card,Male,1.0,2,Fashion,2,Single,9,1,17.2,2,3,0.0,91.56,20.0
13430,0,15.0,Mobile Phone,3,7,Cash on Delivery,Female,3.1,4,Fashion,2,Married,7,0,20.1,0,4,16.0,281.98,76.05
13431,0,15.0,Mobile Phone,1,23,Cash on Delivery,Male,3.7,2,Grocery,5,Single,7,1,12.3,2,1,3.0,64.91,46.66
13432,0,61.0,Mobile Phone,1,15,E wallet,Female,2.0,5,Laptop & Accessory,5,Married,6,0,11.0,1,2,2.0,199.66,20.0
13433,0,25.0,Mobile Phone,2,19,UPI,Male,4.7,2,Fashion,4,Single,1,1,,2,5,1.0,183.62,77.79
13434,1,10.0,Computer,3,6,Credit Card,Male,,6,Fashion,3,Divorced,7,0,14.3,4,4,9.0,172.12,120.0
13435,0,22.0,Mobile Phone,1,29,Credit Card,Female,3.3,5,Laptop & Accessory,4,Married,4,0,12.4,3,5,1.0,182.18,64.0
13436,0,8.0,Mobile Phone,3,31,Credit Card,Female,3.2,5,Grocery,3,Married,5,0,20.4,4,3,1.0,211.31,33.01
13437,1,4.0,Mobile Phone,1,33,Debit Card,Male,2.0,2,Mobile Phone,3,Single,7,0,26.0,0,3,0.0,207.7,84.02
13438,1,16.0,Mobile Phone,1,26,Credit Card,Female,2.8,2,Grocery,4,Single,3,0,18.5,3,3,5.0,169.23,53.72
13439,0,47.0,Mobile Phone,3,11,Debit Card,Male,3.1,3,Others,1,Married,2,0,11.0,1,5,3.0,222.2,78.52
13440,0,47.0,Computer,1,22,Credit Card,Male,3.1,5,Fashion,2,Divorced,1,0,15.9,0,5,3.0,166.22,35.19
13441,0,7.0,Mobile Phone,1,31,Cash on Delivery,Male,1.1,2,Grocery,5,Married,8,1,11.0,3,6,0.0,185.61,20.0
13442,0,13.0,Computer,1,5,Debit Card,Female,3.4,6,Laptop & Accessory,4,Single,8,0,12.6,3,4,4.0,249.47,74.91
13443,0,4.0,Computer,3,12,Cash on Delivery,Male,4.2,6,Laptop & Accessory,3,Divorced,7,0,14.8,2,3,5.0,251.2,47.87
13444,0,61.0,Computer,2,34,UPI,Male,4.1,2,Fashion,4,Married,9,0,13.4,4,6,1.0,242.87,44.37
13445,0,61.0,Computer,2,20,Credit Card,Male,3.9,3,Mobile Phone,3,Divorced,1,1,11.0,2,1,6.0,118.5,93.94
13446,0,18.0,Phone,2,30,Debit Card,Male,1.8,4,Mobile Phone,4,Married,3,0,18.1,2,3,1.0,205.58,50.96
13447,0,29.0,Mobile Phone,1,19,E wallet,Male,3.8,5,Laptop & Accessory,4,Divorced,5,0,,7,1,5.0,207.69,78.09
13448,0,22.0,Computer,1,8,Credit Card,Male,,5,Others,4,Single,2,0,17.3,4,2,,286.06,48.18
13449,0,16.0,Mobile Phone,1,17,E wallet,Female,2.8,3,Laptop & Accessory,4,Married,7,0,11.0,2,3,3.0,227.57,101.1
13450,1,1.0,Mobile Phone,3,29,Cash on Delivery,Male,1.6,4,Mobile Phone,2,Married,6,0,16.7,1,1,13.0,142.38,117.45
13451,0,10.0,Phone,3,16,Cash on Delivery,Male,4.2,1,Mobile Phone,3,Divorced,2,0,11.0,6,5,15.0,157.09,85.38
13452,0,20.0,Computer,1,13,Debit Card,Male,3.1,6,Grocery,3,Single,8,0,16.4,3,2,1.0,50.0,36.38
13453,0,20.0,Mobile Phone,1,17,Credit Card,Male,0.7,6,Fashion,3,Single,3,0,23.3,1,3,2.0,175.37,89.65
13454,0,8.0,Mobile Phone,1,15,UPI,Female,2.6,3,Laptop & Accessory,4,Married,4,0,,1,1,0.0,157.84,64.83
13455,0,51.0,Phone,3,16,Cash on Delivery,Female,1.3,2,Laptop & Accessory,3,Divorced,5,0,11.3,2,3,8.0,148.52,78.08
13456,0,3.0,Mobile Phone,1,8,E wallet,Male,2.3,2,Fashion,2,Single,6,0,17.6,1,2,3.0,133.22,54.86
13457,0,12.0,Mobile Phone,2,30,Debit Card,Male,2.6,2,Laptop & Accessory,3,Single,9,1,16.3,3,2,1.0,272.23,52.74
13458,0,21.0,Mobile Phone,1,7,Cash on Delivery,Male,3.8,1,Fashion,5,Married,9,1,11.0,2,4,0.0,50.0,72.35
13459,1,21.0,Computer,2,9,Cash on Delivery,Male,4.1,2,Laptop & Accessory,2,Married,9,0,21.6,5,2,11.0,103.87,120.0
13460,0,18.0,Phone,1,10,UPI,Male,1.3,1,Laptop & Accessory,4,Married,8,0,19.9,0,5,3.0,323.2,73.84
13461,0,5.0,Mobile Phone,3,30,Debit Card,Female,2.6,3,Laptop & Accessory,3,Divorced,5,0,22.7,3,2,1.0,239.05,58.5
13462,0,3.0,Mobile Phone,1,8,UPI,Male,2.5,1,Grocery,1,Married,5,0,18.3,3,3,1.0,198.35,44.55
13463,0,18.0,Mobile Phone,2,5,Debit Card,Female,1.5,2,Mobile Phone,3,Married,4,0,26.0,3,2,1.0,179.72,54.59
13464,0,16.0,Mobile Phone,2,27,E wallet,Female,2.7,5,Laptop & Accessory,4,Single,7,0,11.0,2,2,3.0,144.89,111.62
13465,1,,Phone,3,35,Cash on Delivery,Female,4.0,2,Laptop & Accessory,4,Married,4,1,24.1,2,2,10.0,103.41,50.11
13466,0,21.0,Mobile Phone,3,9,Cash on Delivery,Male,1.7,6,Mobile Phone,5,Married,5,1,12.7,2,2,7.0,202.06,52.45
13467,0,10.0,Mobile Phone,2,6,Cash on Delivery,Male,4.0,1,Fashion,3,Divorced,9,0,11.7,1,6,2.0,227.98,30.78
13468,0,19.0,Mobile Phone,1,18,UPI,Female,1.4,6,Fashion,1,Married,7,0,11.0,3,2,,138.42,87.17
13469,0,32.0,Computer,3,15,E wallet,Female,4.9,1,Laptop & Accessory,5,Married,9,1,18.1,3,4,2.0,70.99,82.38
13470,1,,Mobile Phone,2,34,Cash on Delivery,Male,3.0,4,Mobile Phone,3,Single,8,1,,2,2,1.0,219.88,105.55
13471,0,1.0,Computer,1,13,E wallet,Male,2.1,4,Mobile Phone,4,Divorced,3,1,12.2,1,1,,226.51,87.64
13472,0,27.0,Mobile Phone,1,12,UPI,Male,3.8,4,Mobile Phone,4,Married,3,0,16.6,1,6,1.0,229.92,61.09
13473,0,16.0,Mobile Phone,3,30,UPI,Female,6.0,2,Others,3,Married,2,0,26.0,1,2,1.0,170.49,110.05
13474,0,21.0,Computer,2,11,Credit Card,Male,,1,Mobile Phone,4,Married,3,0,11.0,1,2,,50.49,104.4
13475,0,32.0,Mobile Phone,1,35,Credit Card,Female,2.9,4,Fashion,2,Married,3,0,,4,1,0.0,106.49,68.99
13476,1,29.0,Mobile Phone,3,33,Cash on Delivery,Male,4.5,5,Others,3,Single,3,0,23.5,3,3,5.0,257.15,76.99
13477,0,58.0,Phone,2,19,UPI,Male,5.7,3,Laptop & Accessory,2,Single,6,0,11.0,4,5,10.0,98.97,20.0
13478,0,13.0,Mobile Phone,1,13,Credit Card,Male,2.5,3,Grocery,5,Single,9,1,16.5,1,3,2.0,222.0,73.71
13479,1,12.0,Mobile Phone,2,14,Debit Card,Male,3.2,4,Fashion,2,Single,7,1,11.0,1,1,0.0,118.73,68.11
13480,0,9.0,Computer,3,22,Credit Card,Male,2.0,4,Others,4,Single,7,0,11.0,3,1,1.0,112.69,62.94
13481,0,3.0,Mobile Phone,3,34,UPI,Female,2.5,4,Mobile Phone,5,Married,7,1,11.0,1,1,0.0,289.55,79.03
13482,0,15.0,Phone,2,33,Debit Card,Male,2.7,3,Others,4,Divorced,1,0,11.0,4,3,2.0,291.77,37.27
13483,1,5.0,Mobile Phone,1,23,UPI,Female,2.5,4,Mobile Phone,4,Divorced,4,1,11.0,1,3,6.0,189.79,120.0
13484,0,45.0,Phone,1,29,UPI,Male,4.4,6,Laptop & Accessory,3,Married,9,0,16.2,0,3,2.0,150.92,87.67
13485,1,15.0,Mobile Phone,1,26,Credit Card,Male,0.7,5,Grocery,3,Single,4,0,23.4,1,1,2.0,241.92,86.29
13486,0,16.0,Phone,2,6,Cash on Delivery,Female,3.0,5,Laptop & Accessory,3,Single,7,0,26.0,1,4,3.0,85.22,86.25
13487,0,7.0,Mobile Phone,3,26,UPI,Male,2.9,5,Others,4,Single,2,0,11.0,1,1,3.0,252.7,94.79
13488,0,1.0,Computer,1,18,Cash on Delivery,Female,2.4,5,Laptop & Accessory,5,Married,6,0,19.4,5,2,7.0,301.23,68.87
13489,0,1.0,Mobile Phone,1,34,Debit Card,Female,4.0,6,Fashion,5,Married,5,0,22.3,3,7,1.0,214.84,47.78
13490,0,9.0,Mobile Phone,1,25,Credit Card,Male,4.0,6,Laptop & Accessory,5,Single,2,1,15.7,2,1,6.0,110.23,20.0
13491,0,1.0,Phone,2,14,UPI,Female,3.1,1,Fashion,5,Married,3,0,19.3,1,1,3.0,271.48,97.03
13492,0,16.0,Phone,1,9,UPI,Female,3.4,4,Laptop & Accessory,3,Married,3,0,17.8,2,1,1.0,198.76,82.14
13493,0,38.0,Computer,2,9,Debit Card,Male,2.9,2,Fashion,4,Single,3,0,17.8,0,3,1.0,171.58,28.06
13494,0,38.0,Phone,1,6,Debit Card,Male,3.7,1,Fashion,5,Married,5,0,11.0,4,3,1.0,121.86,26.06
13495,0,19.0,Computer,2,34,UPI,Male,4.9,2,Laptop & Accessory,3,Divorced,9,0,11.0,2,2,3.0,111.61,20.0
13496,0,4.0,Mobile Phone,1,26,Cash on Delivery,Female,4.3,2,Laptop & Accessory,5,Single,7,1,12.9,0,4,1.0,249.2,56.04
13497,0,35.0,Phone,3,17,Credit Card,Male,5.7,1,Fashion,3,Single,6,0,11.0,1,3,10.0,175.43,99.75
13498,0,,Mobile Phone,2,11,Credit Card,Male,4.0,4,Fashion,4,Single,4,0,13.3,2,1,,174.8,20.89
13499,1,3.0,Phone,1,29,Cash on Delivery,Male,0.8,1,Mobile Phone,4,Single,5,1,20.8,1,2,,187.56,67.44
13500,0,24.0,Mobile Phone,2,34,UPI,Male,3.8,3,Laptop & Accessory,5,Single,6,0,23.6,0,3,0.0,62.86,20.0
13501,0,6.0,Computer,3,25,UPI,Male,2.1,6,Fashion,2,Divorced,8,0,15.9,2,3,1.0,178.68,21.4
13502,0,29.0,Computer,3,31,Cash on Delivery,Male,4.6,5,Fashion,4,Married,9,1,11.0,2,4,0.0,179.61,44.43
13503,0,61.0,Computer,3,19,Debit Card,Male,2.7,6,Laptop & Accessory,4,Married,2,0,12.7,1,5,1.0,269.71,119.27
13504,1,1.0,Mobile Phone,3,31,Credit Card,Male,1.4,6,Others,3,Married,8,0,,2,3,7.0,229.66,40.94
13505,0,40.0,Phone,2,25,Credit Card,Female,3.4,6,Mobile Phone,4,Married,8,1,15.7,5,4,0.0,107.15,22.92
13506,1,17.0,Computer,2,35,Credit Card,Male,2.7,6,Fashion,4,Single,7,0,12.2,1,2,2.0,156.39,48.66
13507,0,61.0,Computer,3,19,Cash on Delivery,Female,3.5,1,Others,4,Single,4,0,20.4,1,5,0.0,242.78,49.12
13508,1,11.0,Mobile Phone,3,29,UPI,Male,3.4,1,Others,3,Married,9,1,11.0,2,1,2.0,101.84,57.52
13509,0,33.0,Computer,3,10,Cash on Delivery,Female,3.4,3,Others,3,Single,7,0,26.0,2,4,7.0,281.76,44.96
13510,0,1.0,Mobile Phone,3,11,UPI,Male,3.4,5,Fashion,4,Married,5,0,11.0,3,2,3.0,177.57,48.03
13511,0,7.0,Mobile Phone,3,8,UPI,Female,4.0,2,Laptop & Accessory,3,Married,4,1,16.8,0,4,5.0,212.17,77.01
13512,1,1.0,Phone,1,8,E wallet,Female,3.2,3,Others,2,Married,6,1,11.0,0,2,1.0,153.49,64.05
13513,0,61.0,Computer,1,5,UPI,Female,2.9,4,Others,5,Divorced,6,0,21.3,1,4,11.0,152.66,34.96
13514,0,30.0,Phone,3,15,Debit Card,Female,2.7,1,Laptop & Accessory,4,Married,9,0,15.3,2,2,4.0,124.69,82.29
13515,0,34.0,Computer,3,9,Credit Card,Female,2.6,1,Others,4,Married,7,1,16.2,1,2,2.0,272.21,120.0
13516,0,50.0,Mobile Phone,3,6,E wallet,Female,2.7,3,Others,3,Single,1,1,11.0,2,5,2.0,215.51,77.38
13517,1,1.0,Mobile Phone,1,9,Cash on Delivery,Male,4.0,1,Mobile Phone,3,Married,4,0,21.5,1,1,10.0,122.01,100.36
13518,0,8.0,Computer,2,9,UPI,Male,,5,Grocery,3,Married,4,0,18.9,2,3,3.0,222.33,48.57
13519,0,1.0,Mobile Phone,2,24,Credit Card,Male,4.0,5,Others,3,Divorced,5,0,11.7,2,5,4.0,236.43,67.4
13520,0,4.0,Mobile Phone,2,35,E wallet,Male,3.4,6,Mobile Phone,4,Married,5,1,14.9,4,2,2.0,244.89,31.64
13521,0,4.0,Mobile Phone,2,17,Cash on Delivery,Female,3.1,3,Mobile Phone,4,Single,4,1,11.0,4,4,1.0,196.89,20.0
13522,1,11.0,Mobile Phone,2,16,Debit Card,Male,3.3,3,Laptop & Accessory,3,Divorced,3,1,11.0,1,2,5.0,190.26,43.1
13523,1,5.0,Mobile Phone,3,14,Credit Card,Female,3.3,6,Mobile Phone,2,Single,6,1,11.3,1,2,3.0,124.11,52.0
13524,0,1.0,Computer,1,17,E wallet,Male,2.3,3,Others,3,Divorced,2,0,13.4,1,1,,259.9,30.34
13525,0,3.0,Phone,1,13,Debit Card,Male,,4,Laptop & Accessory,2,Married,9,0,15.0,2,6,3.0,220.0,58.42
13526,1,2.0,Computer,2,9,Cash on Delivery,Female,3.1,1,Others,2,Married,6,1,,1,2,0.0,239.33,27.95
13527,0,61.0,Mobile Phone,1,10,UPI,Male,2.0,2,Fashion,5,Single,5,1,11.0,2,3,6.0,67.03,120.0
13528,0,25.0,Mobile Phone,1,34,Debit Card,Male,2.1,2,Fashion,4,Married,3,0,19.6,0,4,11.0,237.39,26.81
13529,0,61.0,Mobile Phone,3,21,Cash on Delivery,Male,2.2,2,Mobile Phone,4,Single,4,0,21.5,1,3,8.0,181.5,39.26
13530,0,10.0,Mobile Phone,1,32,Credit Card,Male,4.4,3,Laptop & Accessory,3,Single,6,1,20.5,5,3,1.0,229.66,45.88
13531,0,5.0,Computer,3,9,Debit Card,Male,,4,Mobile Phone,5,Single,3,0,,2,3,2.0,108.12,92.8
13532,0,28.0,Mobile Phone,1,32,Cash on Delivery,Male,3.0,4,Mobile Phone,4,Married,7,0,11.0,3,4,6.0,288.79,85.86
13533,0,7.0,Computer,2,29,Credit Card,Female,3.1,2,Fashion,4,Married,5,0,11.0,3,4,3.0,140.88,65.98
13534,0,6.0,Computer,1,32,Credit Card,Male,3.9,2,Laptop & Accessory,3,Single,1,0,11.0,1,3,3.0,249.11,45.39
13535,0,4.0,Phone,2,15,Credit Card,Male,1.9,4,Others,5,Married,9,0,11.0,7,6,10.0,167.72,20.0
13536,0,2.0,Mobile Phone,1,10,UPI,Female,3.1,6,Laptop & Accessory,5,Single,9,1,21.9,2,3,3.0,291.02,38.7
13537,0,5.0,Mobile Phone,2,13,Debit Card,Male,5.4,3,Fashion,5,Married,1,0,25.2,0,2,2.0,197.86,66.1
13538,0,7.0,Mobile Phone,1,16,Cash on Delivery,Male,2.9,3,Fashion,2,Married,4,0,15.0,2,2,0.0,293.08,52.66
13539,0,,Phone,2,33,Credit Card,Female,2.9,2,Laptop & Accessory,3,Single,4,0,17.8,2,2,0.0,175.8,97.97
13540,0,1.0,Mobile Phone,2,8,Cash on Delivery,Female,2.9,5,Others,3,Divorced,8,1,12.8,3,5,0.0,113.23,79.23
13541,1,4.0,Phone,2,22,Credit Card,Male,2.7,3,Mobile Phone,3,Single,2,1,22.0,5,5,9.0,197.77,44.3
13542,0,29.0,Mobile Phone,1,19,Debit Card,Male,3.5,5,Grocery,5,Married,7,1,16.7,3,1,2.0,172.01,85.14
13543,1,2.0,Mobile Phone,1,29,UPI,Male,3.4,1,Laptop & Accessory,1,Married,8,1,11.9,4,1,2.0,143.75,20.33
13544,1,7.0,Computer,3,8,Debit Card,Female,0.5,3,Laptop & Accessory,1,Divorced,3,0,18.4,3,1,7.0,254.59,73.16
13545,0,35.0,Mobile Phone,3,18,Credit Card,Female,3.7,5,Laptop & Accessory,3,Single,3,0,13.9,5,5,3.0,98.81,94.44
13546,0,3.0,Phone,2,31,Debit Card,Male,1.8,1,Mobile Phone,2,Married,9,0,16.2,3,3,3.0,294.69,82.1
13547,1,1.0,Mobile Phone,1,34,E wallet,Male,3.8,1,Grocery,2,Married,8,0,19.2,1,4,1.0,168.9,47.23
13548,1,11.0,Computer,3,22,Debit Card,Female,3.0,2,Laptop & Accessory,4,Married,1,1,26.0,5,1,7.0,98.27,88.93
13549,0,6.0,Mobile Phone,2,21,Cash on Delivery,Female,3.2,5,Mobile Phone,4,Single,2,0,25.7,1,3,0.0,203.39,20.0
13550,0,14.0,Mobile Phone,1,6,Credit Card,Female,3.3,2,Laptop & Accessory,1,Single,4,1,,1,4,0.0,190.97,30.25
13551,0,29.0,Computer,1,25,UPI,Male,2.4,6,Laptop & Accessory,3,Married,6,0,11.0,1,1,0.0,170.77,36.34
13552,1,2.0,Computer,1,23,Cash on Delivery,Female,2.3,1,Laptop & Accessory,3,Married,3,0,11.0,1,4,1.0,142.21,20.0
13553,1,15.0,Computer,3,33,E wallet,Female,3.9,3,Fashion,2,Single,4,0,22.7,3,3,1.0,258.84,96.38
13554,0,12.0,Mobile Phone,2,26,Debit Card,Male,2.4,3,Laptop & Accessory,4,Married,4,0,21.7,2,4,4.0,212.36,109.36
13555,0,2.0,Phone,2,18,Cash on Delivery,Male,1.7,3,Mobile Phone,4,Single,7,0,11.2,4,3,0.0,150.86,58.56
13556,0,17.0,Mobile Phone,2,8,Cash on Delivery,Female,3.6,5,Mobile Phone,4,Married,7,0,14.5,3,1,4.0,203.89,101.43
13557,0,5.0,Mobile Phone,3,6,Cash on Delivery,Female,3.5,4,Laptop & Accessory,4,Single,7,0,16.2,5,2,0.0,133.2,34.45
13558,0,12.0,Mobile Phone,2,17,Debit Card,Male,3.0,6,Mobile Phone,1,Single,4,0,18.6,3,3,0.0,238.71,51.61
13559,0,,Mobile Phone,3,11,Cash on Delivery,Male,3.3,6,Laptop & Accessory,5,Divorced,5,0,24.9,4,1,2.0,305.81,53.5
13560,1,11.0,Mobile Phone,2,32,Debit Card,Male,3.1,2,Fashion,5,Married,4,0,11.0,1,2,10.0,246.43,31.22
13561,0,6.0,Mobile Phone,1,31,Debit Card,Male,3.7,4,Mobile Phone,5,Married,9,0,19.0,1,4,7.0,140.37,79.6
13562,0,31.0,Mobile Phone,1,26,UPI,Male,4.0,4,Fashion,1,Married,4,0,16.3,2,5,13.0,122.27,62.26
13563,0,1.0,Phone,3,12,Debit Card,Male,3.6,1,Laptop & Accessory,5,Married,1,0,11.9,4,3,,185.93,50.16
13564,0,9.0,Computer,1,33,UPI,Female,4.1,2,Laptop & Accessory,5,Married,8,0,19.8,1,1,4.0,83.43,67.44
13565,1,11.0,Mobile Phone,2,14,Credit Card,Male,4.9,1,Mobile Phone,5,Single,6,0,14.3,0,5,3.0,234.9,91.46
13566,0,23.0,Mobile Phone,1,25,UPI,Female,3.6,4,Fashion,1,Single,2,0,14.5,2,4,3.0,219.94,53.04
13567,0,15.0,Phone,3,7,Credit Card,Female,2.9,6,Mobile Phone,4,Divorced,1,0,16.9,0,5,0.0,170.79,120.0
13568,0,19.0,Computer,1,8,Debit Card,Male,1.1,1,Fashion,5,Single,7,0,12.3,6,3,3.0,162.6,85.9
13569,0,27.0,Computer,2,25,Debit Card,Male,1.4,1,Fashion,4,Married,8,0,18.9,3,4,1.0,173.37,74.09
13570,0,35.0,Phone,3,25,UPI,Male,3.4,5,Fashion,4,Divorced,9,1,12.6,1,3,2.0,273.71,67.24
13571,0,6.0,Computer,2,10,UPI,Male,2.7,2,Grocery,5,Divorced,4,0,25.1,2,2,,155.66,120.0
13572,1,13.0,Mobile Phone,1,29,UPI,Female,2.4,2,Laptop & Accessory,3,Single,7,0,16.4,3,1,0.0,108.24,74.64
13573,0,32.0,Mobile Phone,2,24,Debit Card,Male,3.7,4,Laptop & Accessory,4,Divorced,5,1,11.0,0,2,1.0,133.09,61.4
13574,0,,Mobile Phone,3,11,E wallet,Male,3.9,3,Laptop & Accessory,3,Single,2,0,16.9,2,2,0.0,239.36,37.91
13575,0,39.0,Mobile Phone,1,11,Cash on Delivery,Male,3.4,1,Laptop & Accessory,5,Single,3,0,20.9,3,2,15.0,122.35,74.69
13576,1,8.0,Mobile Phone,1,35,Debit Card,Male,2.5,2,Laptop & Accessory,1,Married,8,0,11.0,5,5,0.0,251.92,82.2
13577,1,3.0,Mobile Phone,2,26,UPI,Female,5.4,3,Mobile Phone,4,Married,5,0,,1,4,1.0,167.91,116.51
13578,0,12.0,Computer,1,21,UPI,Male,2.9,2,Fashion,4,Single,3,1,17.0,6,3,8.0,72.39,58.84
13579,0,24.0,Mobile Phone,1,29,Debit Card,Female,4.1,6,Grocery,4,Single,8,0,14.8,2,3,2.0,224.92,71.99
13580,0,12.0,Computer,2,10,E wallet,Female,2.7,4,Laptop & Accessory,4,Married,7,0,11.0,3,2,0.0,163.72,56.4
13581,0,11.0,Mobile Phone,3,23,Cash on Delivery,Female,1.7,6,Fashion,5,Single,7,0,17.1,3,2,1.0,202.29,82.57
13582,0,32.0,Mobile Phone,2,31,Cash on Delivery,Female,3.1,1,Others,5,Single,7,0,11.0,3,3,0.0,142.61,84.15
13583,1,8.0,Phone,1,22,Cash on Delivery,Female,6.0,5,Grocery,1,Married,5,0,11.0,2,1,0.0,253.86,49.13
13584,0,35.0,Mobile Phone,2,34,UPI,Male,4.2,4,Laptop & Accessory,3,Married,4,0,11.0,2,2,0.0,206.74,66.65
13585,0,9.0,Computer,3,16,UPI,Female,2.9,4,Fashion,1,Married,6,1,13.4,2,3,2.0,309.98,68.01
13586,1,7.0,Computer,2,32,Debit Card,Male,3.7,4,Mobile Phone,3,Married,6,1,18.7,0,4,6.0,222.63,74.76
13587,0,10.0,Mobile Phone,1,23,UPI,Male,2.6,3,Laptop & Accessory,4,Single,6,0,13.7,2,4,3.0,166.03,96.24
13588,0,25.0,Mobile Phone,3,15,Cash on Delivery,Male,3.8,4,Fashion,5,Single,8,1,11.0,2,1,3.0,128.13,110.56
13589,0,2.0,Mobile Phone,2,21,Cash on Delivery,Female,5.3,5,Laptop & Accessory,5,Married,6,0,11.0,4,1,0.0,94.97,22.01
13590,0,3.0,Mobile Phone,1,7,Cash on Delivery,Male,2.4,6,Mobile Phone,2,Single,4,0,15.1,0,3,1.0,172.27,93.29
13591,0,54.0,Mobile Phone,2,19,Debit Card,Female,3.3,1,Mobile Phone,1,Single,4,1,18.9,2,2,7.0,174.61,36.71
13592,1,3.0,Computer,3,9,Debit Card,Male,3.5,2,Mobile Phone,4,Married,5,1,19.9,3,3,0.0,275.46,82.12
13593,0,15.0,Computer,2,8,UPI,Male,2.5,3,Laptop & Accessory,4,Divorced,7,1,11.0,1,7,7.0,155.33,74.2
13594,0,15.0,Mobile Phone,3,30,UPI,Female,2.5,4,Mobile Phone,3,Single,1,0,,2,3,2.0,240.88,46.17
13595,0,12.0,Phone,1,5,Credit Card,Female,3.2,2,Grocery,5,Single,1,0,19.6,0,1,7.0,173.6,110.95
13596,0,18.0,Phone,1,25,Debit Card,Female,2.2,6,Grocery,5,Single,5,1,11.0,2,2,1.0,293.51,51.24
13597,0,4.0,Mobile Phone,2,7,Debit Card,Male,4.2,4,Mobile Phone,3,Married,5,0,25.8,1,6,1.0,86.04,94.49
13598,1,14.0,Computer,2,14,Cash on Delivery,Male,2.8,1,Laptop & Accessory,5,Married,1,0,12.0,2,4,5.0,261.12,66.08
13599,0,8.0,Mobile Phone,2,31,Credit Card,Male,2.9,5,Fashion,3,Single,7,0,21.1,3,1,6.0,150.06,20.0
13600,0,19.0,Computer,1,34,Debit Card,Male,1.9,5,Fashion,4,Married,7,1,19.1,0,1,1.0,233.49,61.33
13601,1,2.0,Mobile Phone,2,17,Cash on Delivery,Male,,6,Grocery,3,Divorced,4,0,11.0,1,1,14.0,274.31,85.27
13602,0,15.0,Computer,1,34,UPI,Male,2.4,3,Grocery,2,Married,2,0,15.1,4,2,0.0,158.93,55.92
13603,0,3.0,Computer,1,11,UPI,Female,2.4,2,Grocery,5,Married,2,0,23.2,2,5,0.0,114.22,37.16
13604,0,5.0,Mobile Phone,2,18,Debit Card,Male,1.8,2,Grocery,3,Single,4,0,11.8,7,2,3.0,108.41,83.11
13605,1,4.0,Mobile Phone,2,30,E wallet,Male,4.0,5,Laptop & Accessory,4,Married,2,1,16.1,2,2,5.0,128.76,57.02
13606,1,3.0,Mobile Phone,3,34,Cash on Delivery,Female,4.7,1,Fashion,3,Married,1,0,11.0,1,4,12.0,50.0,62.45
13607,0,31.0,Mobile Phone,1,31,Debit Card,Male,,3,Others,1,Married,1,0,17.2,0,3,2.0,166.34,25.57
13608,0,6.0,Computer,2,17,E wallet,Male,1.9,4,Fashion,2,Single,8,0,12.6,1,1,0.0,218.99,108.81
13609,0,47.0,Phone,1,28,UPI,Male,2.0,6,Others,3,Divorced,2,0,18.1,6,2,3.0,194.76,112.29
13610,0,61.0,Mobile Phone,1,25,UPI,Female,3.3,3,Others,4,Single,9,0,11.0,2,5,1.0,157.32,52.05
13611,0,15.0,Computer,3,30,Debit Card,Male,3.1,5,Laptop & Accessory,3,Married,2,0,16.9,1,5,2.0,126.79,43.72
13612,0,2.0,Computer,2,28,UPI,Male,1.1,6,Others,4,Single,4,0,12.9,0,5,2.0,145.74,120.0
13613,0,8.0,Phone,2,26,E wallet,Male,0.5,4,Laptop & Accessory,4,Married,7,0,11.0,2,2,0.0,197.02,73.0
13614,0,28.0,Phone,2,26,UPI,Female,3.1,3,Mobile Phone,4,Single,7,1,15.5,1,2,2.0,229.52,40.56
13615,1,8.0,Computer,3,9,Cash on Delivery,Male,3.9,1,Grocery,3,Divorced,8,1,22.6,1,5,2.0,90.28,72.8
13616,0,1.0,Phone,3,15,E wallet,Male,4.4,2,Laptop & Accessory,5,Divorced,3,0,11.0,1,4,4.0,189.44,65.91
13617,1,14.0,Mobile Phone,3,30,Credit Card,Female,2.3,4,Mobile Phone,3,Married,1,0,11.1,1,5,4.0,195.9,100.47
13618,0,33.0,Mobile Phone,3,26,UPI,Female,4.4,3,Laptop & Accessory,3,Divorced,4,1,23.0,5,3,0.0,123.39,120.0
13619,0,28.0,Computer,2,18,UPI,Male,2.7,1,Fashion,2,Single,3,0,18.3,2,2,0.0,212.82,64.01
13620,1,3.0,Computer,1,5,Debit Card,Female,1.6,3,Grocery,3,Married,4,0,13.0,2,1,1.0,236.01,86.17
13621,0,20.0,Mobile Phone,2,28,E wallet,Female,5.2,4,Grocery,1,Married,6,1,16.8,3,2,0.0,145.8,51.62
13622,0,4.0,Mobile Phone,2,9,E wallet,Male,1.1,1,Fashion,4,Married,1,0,11.2,1,5,4.0,128.0,27.25
13623,1,4.0,Mobile Phone,1,28,Credit Card,Female,2.8,6,Grocery,2,Married,1,0,26.0,3,2,20.0,309.33,66.96
13624,1,37.0,Phone,2,7,Debit Card,Female,2.2,2,Grocery,3,Married,2,0,20.3,2,1,,228.03,20.0
13625,0,5.0,Computer,3,30,Cash on Delivery,Female,3.5,1,Mobile Phone,4,Single,3,0,25.3,0,4,3.0,190.79,120.0
13626,1,5.0,Computer,3,26,Cash on Delivery,Male,4.1,3,Grocery,3,Married,5,1,15.6,1,6,2.0,139.54,96.36
13627,1,1.0,Mobile Phone,2,5,Cash on Delivery,Male,0.8,3,Others,2,Single,9,0,11.0,2,6,1.0,133.63,74.58
13628,0,36.0,Mobile Phone,2,21,Debit Card,Female,2.3,3,Laptop & Accessory,2,Married,6,0,18.0,1,4,9.0,214.39,20.0
13629,0,28.0,Mobile Phone,3,24,UPI,Female,4.1,6,Others,4,Divorced,5,1,22.5,1,4,13.0,130.65,68.12
13630,1,17.0,Mobile Phone,1,34,Cash on Delivery,Female,2.0,3,Laptop & Accessory,2,Single,8,1,22.8,6,3,2.0,128.05,22.54
13631,0,24.0,Computer,2,16,UPI,Male,1.2,3,Mobile Phone,3,Married,1,0,11.0,6,2,1.0,171.9,88.32
13632,0,2.0,Computer,2,34,Debit Card,Female,2.5,6,Fashion,4,Married,7,0,16.3,4,1,5.0,218.3,101.31
13633,1,11.0,Mobile Phone,2,30,Credit Card,Female,2.3,5,Laptop & Accessory,4,Single,8,0,11.0,2,2,0.0,285.84,66.33
13634,1,7.0,Computer,3,17,Credit Card,Male,4.0,1,Grocery,4,Married,9,1,11.5,4,2,5.0,194.42,20.0
13635,0,1.0,Mobile Phone,2,10,Credit Card,Male,3.1,1,Grocery,5,Divorced,9,0,18.5,3,2,,130.71,20.0
13636,0,,Mobile Phone,2,7,UPI,Female,2.1,1,Mobile Phone,1,Married,8,0,23.0,0,5,0.0,163.94,20.0
13637,0,45.0,Computer,1,33,Cash on Delivery,Female,4.2,1,Grocery,3,Married,3,0,16.3,3,2,15.0,258.25,41.01
13638,1,1.0,Mobile Phone,2,15,Credit Card,Female,3.0,4,Grocery,3,Divorced,6,0,11.0,2,4,16.0,252.19,29.17
13639,1,6.0,Phone,2,15,Cash on Delivery,Female,1.4,3,Mobile Phone,2,Divorced,5,0,18.6,2,5,11.0,254.82,46.58
13640,0,4.0,Computer,2,32,Cash on Delivery,Male,2.2,5,Laptop & Accessory,3,Married,3,0,11.0,1,1,2.0,240.82,109.19
13641,0,4.0,Computer,1,32,E wallet,Male,2.4,6,Fashion,3,Married,2,0,13.2,3,2,1.0,294.85,46.35
13642,0,43.0,Mobile Phone,3,25,Cash on Delivery,Male,5.4,4,Grocery,4,Single,2,0,15.5,4,5,3.0,192.45,44.88
13643,0,11.0,Mobile Phone,2,14,Debit Card,Male,2.8,1,Others,4,Married,4,0,11.0,0,1,2.0,225.1,68.52
13644,0,11.0,Mobile Phone,3,15,UPI,Male,1.5,6,Laptop & Accessory,3,Single,9,0,18.8,2,6,0.0,131.6,84.42
13645,0,25.0,Phone,1,20,Cash on Delivery,Female,2.8,1,Mobile Phone,4,Single,2,0,19.5,2,1,2.0,193.98,98.22
13646,1,3.0,Mobile Phone,3,24,Debit Card,Female,3.8,6,Fashion,3,Single,5,1,21.2,1,2,4.0,196.36,120.0
13647,0,12.0,Computer,3,14,Credit Card,Female,2.9,5,Mobile Phone,3,Single,8,0,23.6,2,8,0.0,227.32,43.96
13648,0,10.0,Mobile Phone,2,16,UPI,Male,,1,Laptop & Accessory,4,Married,2,0,14.1,6,6,1.0,142.5,59.27
13649,0,16.0,Computer,1,23,Debit Card,Female,3.9,1,Fashion,1,Divorced,7,0,11.0,3,1,0.0,86.09,20.0
13650,0,61.0,Computer,2,13,Credit Card,Male,3.8,1,Grocery,1,Married,6,0,11.0,2,1,5.0,145.15,29.19
13651,0,26.0,Mobile Phone,2,8,Debit Card,Female,,1,Others,3,Single,1,0,25.4,2,5,4.0,243.71,56.75
13652,0,9.0,Mobile Phone,2,30,Credit Card,Male,4.5,4,Others,5,Divorced,7,0,24.7,2,4,0.0,167.27,42.65
13653,0,31.0,Mobile Phone,3,19,UPI,Female,4.3,4,Mobile Phone,4,Married,9,1,23.0,2,4,13.0,208.16,39.8
13654,0,3.0,Computer,3,27,Credit Card,Male,1.7,4,Laptop & Accessory,1,Married,1,0,11.5,1,1,0.0,144.09,35.68
13655,0,1.0,Computer,2,25,Debit Card,Female,1.7,1,Grocery,5,Single,2,0,25.1,0,1,3.0,242.44,90.41
13656,0,4.0,Mobile Phone,2,11,UPI,Female,3.7,2,Fashion,4,Married,7,0,14.0,2,4,5.0,173.65,21.83
13657,0,7.0,Mobile Phone,1,9,Cash on Delivery,Male,1.9,4,Grocery,4,Married,1,1,17.1,2,4,6.0,172.81,109.74
13658,0,12.0,Mobile Phone,2,23,Cash on Delivery,Male,1.7,3,Mobile Phone,5,Married,2,0,20.0,4,1,0.0,259.65,31.87
13659,0,17.0,Computer,1,26,Credit Card,Female,4.1,3,Laptop & Accessory,3,Married,3,1,22.6,3,2,9.0,274.59,111.06
13660,0,43.0,Mobile Phone,1,29,Debit Card,Female,,2,Grocery,2,Single,2,0,18.2,0,1,,260.84,23.43
13661,1,12.0,Computer,3,35,Credit Card,Female,3.9,5,Mobile Phone,4,Divorced,2,1,23.3,1,3,3.0,160.33,26.4
13662,1,12.0,Computer,2,19,Credit Card,Male,3.7,3,Fashion,4,Married,2,1,15.1,2,2,2.0,144.31,71.07
13663,1,1.0,Computer,2,32,Credit Card,Male,3.0,6,Grocery,4,Single,7,1,13.8,2,2,0.0,125.3,63.9
13664,0,1.0,Computer,1,10,Cash on Delivery,Male,4.0,5,Mobile Phone,4,Married,4,0,13.1,1,2,3.0,90.67,88.85
13665,0,14.0,Mobile Phone,1,24,UPI,Female,3.6,3,Grocery,5,Single,4,0,11.0,2,5,,124.03,36.16
13666,0,10.0,Computer,2,19,UPI,Female,4.0,6,Mobile Phone,5,Single,8,0,11.0,2,6,5.0,129.08,53.79
13667,0,32.0,Phone,1,21,E wallet,Male,1.3,2,Fashion,5,Single,5,1,21.2,6,2,2.0,104.29,63.74
13668,0,3.0,Computer,1,23,E wallet,Female,2.8,4,Grocery,5,Married,1,0,13.6,3,5,4.0,88.97,81.12
13669,0,1.0,Mobile Phone,3,7,Debit Card,Male,1.3,5,Mobile Phone,5,Married,2,0,19.5,2,5,0.0,101.78,78.65
13670,0,10.0,Mobile Phone,2,22,Debit Card,Male,2.6,6,Grocery,1,Single,3,0,18.6,1,6,0.0,176.94,88.71
13671,0,4.0,Phone,3,14,Credit Card,Male,1.8,6,Laptop & Accessory,3,Married,4,0,15.9,2,3,0.0,206.44,103.33
13672,1,1.0,Computer,1,19,Credit Card,Female,1.8,5,Mobile Phone,3,Single,9,0,20.7,1,1,0.0,201.14,61.3
13673,0,23.0,Computer,3,22,Debit Card,Female,3.1,2,Laptop & Accessory,5,Married,5,0,21.4,1,3,3.0,148.7,109.26
13674,0,2.0,Phone,2,28,E wallet,Male,4.9,5,Laptop & Accessory,4,Divorced,6,0,,3,1,6.0,159.08,60.35
13675,0,16.0,Mobile Phone,2,19,Cash on Delivery,Male,3.4,3,Laptop & Accessory,4,Single,3,0,24.2,0,4,3.0,202.04,68.88
13676,1,5.0,Phone,3,28,Cash on Delivery,Male,3.3,4,Laptop & Accessory,2,Divorced,2,1,20.2,5,3,3.0,191.55,75.84
13677,1,,Mobile Phone,2,23,Credit Card,Male,1.3,1,Fashion,3,Single,2,1,11.0,0,5,4.0,213.71,66.73
13678,1,,Mobile Phone,1,24,Debit Card,Male,5.1,2,Fashion,4,Married,6,1,11.1,0,1,1.0,122.26,87.08
13679,0,29.0,Mobile Phone,3,9,UPI,Female,3.3,5,Mobile Phone,2,Divorced,6,0,11.0,1,1,1.0,284.03,75.55
13680,0,8.0,Mobile Phone,3,15,UPI,Male,4.3,5,Mobile Phone,3,Married,7,1,18.8,3,3,,217.89,20.5
13681,0,25.0,Mobile Phone,2,13,E wallet,Male,2.5,5,Fashion,3,Single,9,0,13.9,2,2,4.0,224.57,20.0
13682,0,2.0,Computer,1,9,Debit Card,Male,3.8,5,Others,3,Single,3,0,11.0,2,2,0.0,116.35,74.84
13683,0,26.0,Mobile Phone,3,15,Credit Card,Female,,2,Laptop & Accessory,4,Single,7,0,11.7,3,1,0.0,114.96,38.9
13684,0,4.0,Computer,2,26,Cash on Delivery,Female,3.4,3,Others,3,Single,7,0,12.7,4,4,3.0,138.16,79.08
13685,0,20.0,Computer,1,11,UPI,Female,3.9,3,Mobile Phone,4,Divorced,8,0,15.6,1,2,11.0,224.22,20.0
13686,1,15.0,Mobile Phone,3,31,Credit Card,Male,5.0,4,Mobile Phone,1,Single,5,1,11.0,3,5,,110.57,62.35
13687,0,47.0,Phone,1,6,Debit Card,Male,5.4,4,Fashion,5,Married,3,0,15.7,3,5,6.0,206.79,43.2
13688,0,8.0,Mobile Phone,1,24,Debit Card,Male,4.0,1,Mobile Phone,3,Single,2,0,24.0,1,2,4.0,267.52,79.65
13689,0,1.0,Mobile Phone,2,26,Credit Card,Male,1.6,3,Mobile Phone,4,Married,4,0,16.1,1,3,2.0,137.58,30.0
13690,1,1.0,Mobile Phone,1,24,Cash on Delivery,Female,2.4,6,Others,4,Married,8,0,18.5,4,4,5.0,123.81,81.08
13691,1,31.0,Mobile Phone,2,25,Credit Card,Male,2.4,2,Mobile Phone,2,Single,5,0,24.4,1,4,6.0,136.13,96.97
13692,0,,Mobile Phone,1,23,E wallet,Male,4.5,3,Laptop & Accessory,5,Single,1,0,14.4,1,3,1.0,170.15,78.65
13693,0,26.0,Computer,3,22,UPI,Male,3.0,3,Mobile Phone,4,Married,3,1,14.2,1,4,1.0,237.01,74.26
13694,1,4.0,Mobile Phone,1,34,Cash on Delivery,Female,3.4,4,Mobile Phone,3,Married,5,0,17.1,0,4,1.0,240.69,93.7
13695,0,7.0,Phone,3,20,Cash on Delivery,Male,5.4,6,Fashion,2,Married,6,0,11.0,2,9,2.0,227.92,89.88
13696,0,1.0,Computer,3,5,UPI,Male,2.9,5,Fashion,5,Single,2,0,11.0,1,5,8.0,63.37,20.0
13697,0,58.0,Phone,1,7,Cash on Delivery,Male,1.8,5,Laptop & Accessory,4,Single,8,1,11.0,0,2,1.0,168.75,97.33
13698,1,19.0,Mobile Phone,3,30,Credit Card,Female,3.6,6,Grocery,2,Single,7,1,26.0,1,2,1.0,127.07,111.06
13699,0,48.0,Computer,1,13,Credit Card,Female,1.9,3,Mobile Phone,3,Married,7,0,20.0,7,1,7.0,204.26,82.45
13700,0,5.0,Phone,2,21,Debit Card,Female,2.1,3,Fashion,5,Married,7,0,11.0,2,3,2.0,234.0,23.64
13701,0,17.0,Mobile Phone,1,12,Credit Card,Male,,3,Laptop & Accessory,4,Married,5,0,21.1,4,2,3.0,150.05,27.89
13702,0,20.0,Computer,2,25,Credit Card,Female,5.7,3,Mobile Phone,4,Single,2,1,11.0,2,5,7.0,295.28,20.0
13703,1,6.0,Mobile Phone,3,20,E wallet,Male,2.6,4,Mobile Phone,3,Married,8,1,15.4,1,5,2.0,125.63,96.34
13704,0,33.0,Phone,2,16,Debit Card,Male,3.8,3,Laptop & Accessory,4,Married,3,0,15.4,2,1,4.0,211.92,103.95
13705,0,52.0,Computer,2,8,Debit Card,Female,2.7,3,Laptop & Accessory,3,Single,3,0,12.3,4,4,0.0,308.67,78.32
13706,0,38.0,Mobile Phone,3,9,UPI,Male,3.2,1,Mobile Phone,2,Single,2,1,11.0,3,2,0.0,235.08,88.71
13707,0,24.0,Mobile Phone,2,31,UPI,Male,4.7,1,Laptop & Accessory,4,Married,2,0,22.3,2,4,2.0,215.67,55.67
13708,0,5.0,Phone,3,11,Debit Card,Male,3.9,3,Mobile Phone,5,Married,2,0,15.5,3,2,2.0,169.78,80.87
13709,0,5.0,Mobile Phone,2,34,Debit Card,Male,3.0,5,Grocery,3,Married,6,0,25.1,2,6,13.0,216.69,63.91
13710,1,59.0,Mobile Phone,2,28,Cash on Delivery,Female,2.7,2,Fashion,3,Married,8,0,11.0,3,2,14.0,146.88,72.87
13711,0,1.0,Mobile Phone,1,22,Cash on Delivery,Female,4.8,1,Fashion,4,Married,3,1,12.2,6,4,7.0,247.68,71.94
13712,0,22.0,Phone,2,26,E wallet,Male,5.1,3,Grocery,4,Divorced,6,0,14.7,3,5,1.0,136.55,85.29
13713,1,22.0,Mobile Phone,1,34,UPI,Male,3.1,1,Laptop & Accessory,5,Married,3,0,21.6,2,5,13.0,165.1,37.73
13714,0,17.0,Computer,1,24,UPI,Male,4.1,3,Others,4,Married,9,0,11.0,1,1,4.0,129.64,28.09
13715,0,61.0,Mobile Phone,1,18,Debit Card,Male,4.3,5,Laptop & Accessory,1,Married,1,0,18.4,1,2,1.0,159.39,108.13
13716,0,6.0,Mobile Phone,2,12,Debit Card,Male,2.1,5,Mobile Phone,5,Married,7,0,17.1,1,1,4.0,152.52,97.12
13717,0,7.0,Computer,2,17,Debit Card,Male,2.8,1,Others,4,Married,8,0,23.6,0,8,0.0,59.02,84.18
13718,0,1.0,Mobile Phone,3,32,Debit Card,Female,3.9,6,Mobile Phone,5,Married,9,0,18.0,3,6,0.0,182.0,67.17
13719,0,10.0,Mobile Phone,2,8,Debit Card,Male,3.4,2,Laptop & Accessory,4,Married,5,0,11.0,3,1,7.0,150.95,34.9
13720,0,,Computer,3,16,Credit Card,Female,2.3,2,Mobile Phone,5,Single,6,1,,2,4,4.0,101.43,78.84
13721,0,7.0,Computer,1,7,Credit Card,Male,2.3,2,Laptop & Accessory,2,Single,5,0,,6,1,1.0,138.93,37.63
13722,0,32.0,Computer,1,9,Credit Card,Female,4.0,6,Grocery,3,Married,5,0,12.3,1,2,2.0,201.7,96.05
13723,0,,Mobile Phone,1,8,Debit Card,Male,1.9,2,Others,5,Divorced,7,1,22.9,0,5,9.0,73.56,27.29
13724,0,3.0,Computer,1,19,Credit Card,Male,2.6,4,Grocery,2,Single,4,0,13.4,5,3,3.0,170.36,65.01
13725,1,8.0,Phone,3,32,UPI,Male,2.0,6,Laptop & Accessory,1,Single,6,1,15.2,2,1,2.0,248.73,84.4
13726,0,47.0,Phone,2,9,Cash on Delivery,Male,3.6,3,Others,4,Married,4,0,13.7,1,4,0.0,154.05,77.52
13727,0,1.0,Mobile Phone,2,13,E wallet,Male,4.4,5,Grocery,5,Single,2,1,18.2,3,3,1.0,267.75,93.83
13728,1,1.0,Mobile Phone,3,18,Credit Card,Male,0.0,2,Grocery,2,Married,2,1,11.0,0,2,15.0,244.55,37.02
13729,0,3.0,Mobile Phone,2,31,Cash on Delivery,Female,1.7,4,Fashion,5,Divorced,4,0,14.0,4,3,2.0,201.84,83.07
13730,0,16.0,Phone,2,20,UPI,Female,2.6,3,Mobile Phone,4,Married,5,1,13.9,2,3,2.0,178.55,55.42
13731,1,2.0,Mobile Phone,2,7,Credit Card,Male,4.1,4,Laptop & Accessory,4,Married,1,1,,2,1,2.0,180.4,69.37
13732,0,61.0,Mobile Phone,2,19,Credit Card,Male,1.3,1,Mobile Phone,5,Married,3,0,11.6,1,1,8.0,209.4,20.0
13733,1,10.0,Computer,2,34,E wallet,Male,3.9,1,Grocery,3,Married,5,0,11.0,4,4,3.0,299.94,96.65
13734,0,12.0,Computer,2,22,Cash on Delivery,Female,4.8,2,Mobile Phone,2,Married,8,0,20.6,2,5,4.0,210.05,35.0
13735,0,5.0,Mobile Phone,2,22,Debit Card,Male,3.1,1,Others,3,Single,4,1,14.3,1,6,1.0,269.31,74.5
13736,0,11.0,Computer,3,18,E wallet,Male,3.5,3,Laptop & Accessory,4,Married,6,0,21.8,3,1,0.0,110.46,105.48
13737,1,19.0,Mobile Phone,3,29,Credit Card,Male,2.9,2,Laptop & Accessory,4,Single,4,0,17.9,4,3,10.0,147.58,120.0
13738,0,25.0,Phone,2,11,Debit Card,Female,,4,Fashion,5,Single,5,0,,2,3,11.0,181.0,88.17
13739,1,25.0,Phone,2,30,Cash on Delivery,Female,2.4,5,Others,4,Single,7,0,21.8,0,1,11.0,260.61,81.8
13740,1,15.0,Phone,2,32,Credit Card,Female,4.1,5,Grocery,4,Single,8,0,26.0,2,4,11.0,72.51,91.0
13741,0,42.0,Computer,2,24,Debit Card,Male,4.0,5,Laptop & Accessory,4,Married,8,0,22.8,1,1,6.0,361.07,50.35
13742,1,30.0,Mobile Phone,3,10,UPI,Female,3.8,3,Laptop & Accessory,2,Divorced,7,1,20.3,0,3,4.0,179.98,65.12
13743,0,25.0,Computer,3,30,UPI,Male,2.8,2,Laptop & Accessory,1,Single,4,0,16.8,2,3,7.0,250.68,90.88
13744,0,1.0,Mobile Phone,1,20,Debit Card,Male,3.8,1,Grocery,5,Married,4,0,22.6,2,7,3.0,179.04,58.62
13745,1,1.0,Mobile Phone,1,26,UPI,Male,3.1,2,Mobile Phone,1,Married,2,0,11.0,3,5,,131.06,20.0
13746,0,4.0,Mobile Phone,2,23,Debit Card,Female,0.9,4,Mobile Phone,2,Single,9,0,18.5,2,2,1.0,282.8,102.18
13747,0,19.0,Phone,3,13,Cash on Delivery,Male,1.9,5,Others,4,Single,6,0,22.7,1,7,14.0,168.4,86.33
13748,0,9.0,Phone,2,24,Debit Card,Male,2.2,2,Fashion,3,Single,3,0,20.7,3,5,1.0,136.5,30.35
13749,0,9.0,Mobile Phone,1,5,UPI,Male,1.5,6,Others,5,Married,3,0,14.5,0,5,8.0,203.08,29.99
13750,0,38.0,Phone,2,22,Debit Card,Male,2.9,2,Laptop & Accessory,3,Single,1,0,17.7,1,1,0.0,215.76,74.77
13751,0,40.0,Mobile Phone,2,25,UPI,Female,3.9,6,Grocery,1,Single,2,0,13.0,2,5,1.0,200.09,120.0
13752,0,43.0,Computer,1,18,Cash on Delivery,Female,5.2,1,Laptop & Accessory,3,Married,5,0,11.0,2,3,1.0,204.98,66.78
13753,1,6.0,Computer,3,18,UPI,Male,2.2,4,Fashion,4,Married,9,1,23.7,1,4,0.0,202.84,47.96
13754,0,21.0,Mobile Phone,2,12,Cash on Delivery,Female,2.3,5,Mobile Phone,3,Married,3,0,12.4,4,2,0.0,253.99,20.0
13755,0,5.0,Phone,3,27,Cash on Delivery,Female,4.1,1,Laptop & Accessory,4,Married,7,1,12.3,0,1,0.0,183.4,75.77
13756,1,3.0,Computer,2,29,UPI,Male,2.2,5,Laptop & Accessory,5,Married,6,1,12.5,3,6,7.0,141.11,85.27
13757,0,3.0,Computer,2,21,Cash on Delivery,Female,4.3,1,Others,5,Married,3,0,11.0,0,2,0.0,223.35,54.54
13758,0,7.0,Mobile Phone,3,22,UPI,Male,3.0,1,Grocery,3,Single,4,0,11.0,1,3,1.0,50.0,60.11
13759,1,10.0,Mobile Phone,1,19,Debit Card,Female,2.6,5,Grocery,3,Single,5,0,11.0,3,3,0.0,216.12,56.0
13760,0,31.0,Mobile Phone,3,14,Cash on Delivery,Female,2.7,4,Laptop & Accessory,4,Divorced,2,0,11.0,2,1,,270.45,34.99
13761,0,2.0,Phone,2,24,Credit Card,Female,5.1,3,Grocery,5,Single,8,0,13.8,3,1,3.0,225.73,36.0
13762,0,23.0,Computer,1,20,Debit Card,Female,2.9,3,Laptop & Accessory,5,Single,7,1,17.7,3,3,4.0,84.68,20.0
13763,0,13.0,Computer,3,11,Debit Card,Male,1.5,2,Mobile Phone,2,Married,9,0,11.0,0,2,1.0,266.55,32.67
13764,0,6.0,Computer,1,33,Cash on Delivery,Male,5.2,2,Mobile Phone,4,Married,8,1,16.1,2,3,0.0,146.86,76.81
13765,0,12.0,Mobile Phone,3,35,UPI,Male,3.9,4,Mobile Phone,3,Married,7,0,22.7,2,2,5.0,191.96,36.69
13766,1,6.0,Mobile Phone,3,33,Debit Card,Male,3.3,3,Laptop & Accessory,1,Single,9,1,12.2,3,5,6.0,257.43,77.61
13767,1,16.0,Mobile Phone,1,21,UPI,Male,0.0,2,Others,1,Married,5,0,11.0,1,3,0.0,142.93,20.0
13768,0,10.0,Phone,3,9,UPI,Male,2.2,3,Laptop & Accessory,3,Single,3,0,,3,2,2.0,188.34,76.19
13769,1,3.0,Mobile Phone,2,22,Debit Card,Female,2.9,3,Fashion,3,Single,6,0,18.1,0,2,1.0,101.75,46.6
13770,0,2.0,Mobile Phone,2,18,Debit Card,Male,1.4,3,Grocery,1,Single,9,0,,3,6,0.0,168.83,45.32
13771,0,,Computer,1,35,UPI,Male,2.4,2,Laptop & Accessory,4,Married,6,0,20.7,1,5,5.0,109.99,104.24
13772,0,41.0,Mobile Phone,1,22,Credit Card,Female,1.8,2,Mobile Phone,3,Married,3,1,17.8,1,4,3.0,209.0,20.0
13773,0,7.0,Mobile Phone,1,22,Cash on Delivery,Male,3.4,4,Laptop & Accessory,4,Single,2,0,25.4,1,5,0.0,92.98,81.57
13774,0,23.0,Mobile Phone,1,19,Cash on Delivery,Female,4.0,1,Mobile Phone,3,Single,5,1,11.0,1,4,1.0,174.62,88.69
13775,0,19.0,Mobile Phone,1,29,Debit Card,Male,3.9,2,Mobile Phone,2,Single,8,0,11.0,4,5,13.0,145.97,55.38
13776,0,48.0,Computer,2,15,UPI,Male,3.9,5,Laptop & Accessory,3,Married,8,1,12.5,2,3,7.0,137.06,22.55
13777,0,30.0,Computer,2,30,Cash on Delivery,Male,2.2,1,Laptop & Accessory,2,Single,1,0,11.0,2,2,8.0,246.06,67.07
13778,0,15.0,Computer,1,9,Debit Card,Male,5.1,3,Others,4,Divorced,3,0,24.4,6,1,2.0,115.56,51.15
13779,0,19.0,Mobile Phone,2,20,UPI,Female,3.3,4,Fashion,2,Married,5,1,16.4,4,3,3.0,147.43,96.02
13780,0,41.0,Mobile Phone,2,35,Credit Card,Male,0.6,5,Laptop & Accessory,4,Married,1,0,13.0,2,4,1.0,191.52,91.09
13781,0,9.0,Computer,1,12,Cash on Delivery,Female,3.7,6,Fashion,2,Married,6,0,24.3,3,3,0.0,218.55,65.0
13782,1,7.0,Mobile Phone,2,17,UPI,Female,2.0,5,Mobile Phone,4,Single,4,0,16.8,3,4,2.0,71.63,32.94
13783,0,1.0,Computer,2,30,Debit Card,Male,2.7,1,Others,4,Married,9,0,13.7,3,3,3.0,169.29,61.38
13784,0,31.0,Phone,1,26,Credit Card,Male,3.3,4,Others,2,Single,2,0,11.0,2,2,1.0,225.4,69.41
13785,0,29.0,Computer,2,31,Credit Card,Female,3.5,6,Fashion,3,Married,5,0,18.3,0,3,7.0,279.83,60.94
13786,0,1.0,Mobile Phone,1,21,UPI,Female,4.3,1,Laptop & Accessory,1,Divorced,5,0,18.1,1,3,0.0,181.91,57.78
13787,1,15.0,Mobile Phone,1,30,UPI,Female,3.2,6,Laptop & Accessory,4,Divorced,6,0,,3,2,1.0,95.96,46.77
13788,0,11.0,Mobile Phone,1,13,Debit Card,Male,4.6,2,Grocery,3,Married,5,0,19.8,1,4,0.0,179.23,27.02
13789,1,2.0,Computer,3,19,E wallet,Male,2.5,6,Fashion,4,Married,9,0,23.7,2,3,2.0,151.1,57.91
13790,0,61.0,Mobile Phone,2,11,Cash on Delivery,Female,4.3,3,Laptop & Accessory,4,Married,1,0,11.0,4,1,0.0,200.41,69.06
13791,0,4.0,Computer,3,31,E wallet,Female,1.5,6,Laptop & Accessory,5,Married,8,1,26.0,2,1,,290.44,67.32
13792,0,1.0,Mobile Phone,1,22,E wallet,Male,1.4,4,Mobile Phone,4,Single,6,1,25.8,4,3,2.0,109.66,63.67
13793,0,16.0,Mobile Phone,1,18,Debit Card,Female,3.6,2,Grocery,4,Married,9,0,25.3,0,4,2.0,245.81,20.0
13794,0,24.0,Computer,2,12,UPI,Male,1.5,3,Fashion,3,Single,7,1,13.8,2,4,3.0,234.19,41.18
13795,0,1.0,Mobile Phone,2,6,UPI,Male,4.1,3,Mobile Phone,5,Single,3,0,11.0,2,1,,219.26,100.79
13796,0,19.0,Phone,2,22,UPI,Female,3.5,2,Laptop & Accessory,4,Married,8,1,15.6,1,4,2.0,195.71,86.01
13797,0,13.0,Mobile Phone,3,8,E wallet,Male,4.2,4,Laptop & Accessory,3,Married,3,0,16.7,1,1,2.0,304.48,60.18
13798,0,1.0,Mobile Phone,1,28,UPI,Male,,5,Mobile Phone,5,Single,3,0,,4,7,1.0,257.42,67.1
13799,1,3.0,Mobile Phone,2,27,Debit Card,Female,4.3,1,Grocery,3,Single,4,0,14.0,0,1,7.0,144.96,31.5
13800,0,15.0,Mobile Phone,3,6,UPI,Male,4.3,4,Mobile Phone,5,Married,3,0,20.5,1,3,3.0,182.95,32.83
13801,0,6.0,Mobile Phone,1,14,Credit Card,Male,3.3,6,Mobile Phone,5,Divorced,6,0,12.9,1,6,1.0,114.89,44.16
13802,0,50.0,Mobile Phone,2,10,UPI,Female,2.9,5,Laptop & Accessory,2,Married,7,0,15.3,2,4,11.0,263.25,55.54
13803,0,30.0,Mobile Phone,3,15,Cash on Delivery,Male,4.3,5,Laptop & Accessory,4,Married,3,0,19.3,3,7,7.0,182.83,48.84
13804,0,61.0,Mobile Phone,2,31,UPI,Female,5.1,6,Fashion,3,Single,3,0,15.7,4,4,16.0,64.52,69.1
13805,1,5.0,Mobile Phone,2,24,UPI,Male,2.7,5,Fashion,3,Single,7,0,11.0,1,3,4.0,50.0,66.56
13806,0,61.0,Mobile Phone,2,14,UPI,Male,4.4,1,Others,3,Married,9,0,11.0,2,1,1.0,146.51,71.29
13807,0,10.0,Mobile Phone,1,33,E wallet,Male,2.7,1,Others,4,Married,3,0,21.4,2,3,1.0,129.45,20.0
13808,1,7.0,Mobile Phone,2,21,Cash on Delivery,Male,2.6,1,Fashion,2,Single,6,0,18.0,0,1,4.0,153.41,120.0
13809,1,1.0,Phone,1,28,Credit Card,Male,3.7,5,Fashion,1,Married,5,0,23.3,1,5,15.0,167.58,73.73
13810,0,1.0,Mobile Phone,1,12,Credit Card,Male,4.0,2,Mobile Phone,4,Married,8,1,21.9,2,2,3.0,257.78,54.18
13811,1,21.0,Phone,1,10,Credit Card,Male,3.7,1,Others,2,Married,9,1,13.3,2,3,8.0,265.49,52.91
13812,0,11.0,Mobile Phone,1,20,Debit Card,Female,3.2,5,Others,2,Married,8,0,21.0,1,5,1.0,313.97,64.89
13813,0,4.0,Computer,1,14,Credit Card,Male,3.2,4,Laptop & Accessory,2,Divorced,1,0,17.1,2,4,,282.5,50.81
13814,0,17.0,Computer,2,34,Credit Card,Female,1.5,5,Mobile Phone,3,Single,7,0,14.3,1,2,9.0,217.77,41.94
13815,1,5.0,Mobile Phone,3,27,Credit Card,Female,3.2,1,Mobile Phone,3,Married,8,1,26.0,4,2,5.0,95.9,62.51
13816,1,15.0,Mobile Phone,1,32,Cash on Delivery,Female,4.6,1,Laptop & Accessory,1,Married,5,0,26.0,1,2,15.0,228.13,90.54
13817,0,8.0,Mobile Phone,1,33,Debit Card,Male,,1,Mobile Phone,5,Divorced,4,0,18.9,5,2,5.0,85.34,62.23
13818,0,31.0,Mobile Phone,2,23,UPI,Male,2.3,2,Mobile Phone,4,Single,7,0,11.0,1,2,2.0,199.9,70.43
13819,0,30.0,Mobile Phone,1,29,Debit Card,Female,3.7,3,Grocery,3,Married,6,0,12.1,1,3,3.0,90.71,94.53
13820,1,11.0,Computer,2,8,Cash on Delivery,Male,3.6,6,Others,3,Divorced,2,0,11.7,1,2,9.0,296.54,89.36
13821,0,7.0,Computer,2,31,Debit Card,Female,5.0,6,Fashion,3,Married,9,0,19.9,3,2,3.0,203.05,115.87
13822,0,,Phone,1,35,UPI,Male,4.1,2,Laptop & Accessory,4,Married,3,0,17.3,3,4,1.0,167.64,20.0
13823,0,29.0,Mobile Phone,3,6,UPI,Female,3.4,4,Fashion,2,Divorced,1,0,13.1,2,2,2.0,152.93,37.47
13824,1,7.0,Computer,1,24,E wallet,Male,3.8,1,Laptop & Accessory,2,Single,3,0,26.0,3,2,2.0,177.88,39.17
13825,1,4.0,Mobile Phone,3,6,UPI,Female,2.2,3,Mobile Phone,5,Single,1,0,12.4,2,1,0.0,136.37,20.0
13826,0,1.0,Phone,2,16,Debit Card,Male,3.4,4,Fashion,3,Divorced,7,0,26.0,1,2,5.0,160.31,41.64
13827,0,11.0,Computer,1,8,Debit Card,Female,5.5,5,Others,3,Single,6,1,22.0,2,7,0.0,59.75,84.99
13828,0,11.0,Phone,1,20,Debit Card,Female,3.1,6,Mobile Phone,5,Married,8,0,18.9,2,2,2.0,124.75,106.14
13829,0,33.0,Mobile Phone,2,6,Debit Card,Male,2.6,3,Laptop & Accessory,4,Single,4,0,11.0,2,1,6.0,110.26,76.63
13830,0,4.0,Mobile Phone,2,20,Cash on Delivery,Female,4.5,2,Laptop & Accessory,3,Married,6,0,24.6,4,3,2.0,211.26,120.0
13831,0,8.0,Mobile Phone,3,32,Credit Card,Male,2.6,1,Mobile Phone,4,Divorced,3,0,26.0,2,2,7.0,182.01,40.26
13832,1,29.0,Computer,1,19,Cash on Delivery,Male,1.9,3,Laptop & Accessory,1,Single,4,0,16.4,2,6,1.0,232.0,88.77
13833,0,31.0,Phone,3,18,Credit Card,Male,4.9,4,Mobile Phone,4,Married,6,0,22.5,2,1,12.0,154.75,85.02
13834,0,8.0,Mobile Phone,1,15,UPI,Male,2.5,2,Grocery,3,Single,5,0,15.6,1,2,0.0,186.79,70.79
13835,0,11.0,Computer,3,19,UPI,Female,2.9,4,Fashion,5,Single,2,0,,1,3,0.0,58.0,61.93
13836,0,6.0,Mobile Phone,2,28,Cash on Delivery,Male,2.7,4,Fashion,5,Married,9,0,11.0,0,3,8.0,234.66,56.8
13837,0,48.0,Mobile Phone,3,10,Debit Card,Female,5.3,6,Mobile Phone,5,Single,2,0,20.9,2,2,,256.0,89.91
13838,0,2.0,Computer,2,34,Credit Card,Male,0.6,1,Grocery,5,Married,8,0,11.0,2,3,1.0,219.05,79.35
13839,0,48.0,Computer,1,28,UPI,Male,3.7,3,Others,4,Divorced,5,0,11.0,1,4,16.0,127.17,74.99
13840,0,20.0,Computer,2,31,Debit Card,Female,,4,Mobile Phone,3,Divorced,7,0,11.0,1,3,2.0,213.23,81.16
13841,0,13.0,Computer,1,20,Cash on Delivery,Female,4.3,2,Fashion,3,Married,6,0,15.1,2,1,,190.53,62.98
13842,0,1.0,Phone,1,5,Debit Card,Female,2.4,4,Laptop & Accessory,4,Single,2,0,11.0,3,4,2.0,62.38,88.73
13843,0,,Computer,3,29,UPI,Male,2.7,4,Laptop & Accessory,5,Single,4,0,11.0,5,4,2.0,254.47,44.43
13844,1,9.0,Computer,2,32,UPI,Male,2.7,2,Others,2,Married,9,0,13.9,2,4,2.0,115.95,68.31
13845,0,3.0,Computer,3,15,Credit Card,Female,3.1,5,Laptop & Accessory,5,Married,7,1,14.2,1,2,1.0,214.51,63.96
13846,0,19.0,Computer,3,18,Debit Card,Male,1.9,4,Laptop & Accessory,5,Single,1,1,11.0,0,6,3.0,181.7,58.86
13847,0,61.0,Computer,1,6,Credit Card,Male,4.3,2,Mobile Phone,5,Married,4,0,11.0,3,3,2.0,260.86,67.4
13848,0,,Mobile Phone,3,28,UPI,Female,,1,Fashion,5,Married,3,0,11.0,4,1,0.0,128.18,47.48
13849,0,22.0,Mobile Phone,3,20,Cash on Delivery,Male,2.5,3,Laptop & Accessory,3,Married,1,0,21.0,2,4,1.0,149.66,120.0
13850,1,1.0,Computer,1,8,Cash on Delivery,Male,1.8,2,Mobile Phone,2,Married,5,0,26.0,2,2,0.0,221.35,100.38
13851,1,9.0,Computer,1,18,Credit Card,Female,4.2,2,Mobile Phone,2,Single,9,1,23.8,4,1,,144.15,100.16
13852,1,2.0,Mobile Phone,1,20,Cash on Delivery,Male,2.8,3,Mobile Phone,3,Married,4,1,,3,1,3.0,265.39,83.96
13853,1,17.0,Mobile Phone,1,19,Debit Card,Female,4.9,2,Mobile Phone,4,Divorced,2,1,,0,2,5.0,134.57,93.83
13854,0,50.0,Mobile Phone,1,6,Debit Card,Female,0.0,5,Laptop & Accessory,5,Single,7,0,15.0,2,3,12.0,215.3,93.34
13855,0,19.0,Computer,1,17,E wallet,Female,4.0,1,Fashion,5,Married,8,0,14.1,2,1,4.0,179.75,57.11
13856,1,1.0,Computer,1,21,Debit Card,Male,1.6,5,Fashion,4,Married,2,1,15.7,2,1,16.0,140.57,56.63
13857,0,7.0,Mobile Phone,3,32,Debit Card,Male,,4,Laptop & Accessory,1,Married,9,0,,1,4,1.0,259.05,41.45
13858,0,14.0,Mobile Phone,2,24,Debit Card,Male,3.0,6,Fashion,2,Married,8,1,11.0,0,2,,116.82,86.31
13859,0,9.0,Mobile Phone,2,14,Debit Card,Male,3.8,1,Grocery,1,Divorced,4,0,11.3,4,1,2.0,211.88,20.0
13860,1,32.0,Mobile Phone,1,19,E wallet,Female,6.0,4,Laptop & Accessory,3,Married,4,0,14.7,4,3,2.0,50.0,76.78
13861,0,30.0,Mobile Phone,1,21,Cash on Delivery,Male,2.1,3,Grocery,4,Divorced,5,0,26.0,2,4,9.0,199.37,55.14
13862,1,17.0,Mobile Phone,2,12,Debit Card,Female,2.2,2,Laptop & Accessory,1,Single,1,0,18.8,1,1,3.0,253.34,20.0
13863,0,8.0,Mobile Phone,1,6,Cash on Delivery,Female,2.2,2,Fashion,3,Married,7,0,21.6,5,2,1.0,171.07,73.38
13864,1,5.0,Phone,3,28,Cash on Delivery,Male,2.5,1,Fashion,2,Married,4,0,,3,4,5.0,192.74,56.89
13865,1,2.0,Computer,1,30,Debit Card,Female,4.3,6,Fashion,4,Married,1,0,23.6,3,1,2.0,282.36,77.23
13866,0,7.0,Computer,2,5,Debit Card,Female,3.1,6,Laptop & Accessory,3,Divorced,4,0,16.7,4,5,0.0,243.44,49.55
13867,0,9.0,Mobile Phone,2,27,UPI,Male,5.0,2,Laptop & Accessory,3,Single,4,0,20.0,0,4,3.0,50.0,21.67
13868,0,20.0,Phone,2,27,Credit Card,Female,4.6,2,Mobile Phone,3,Married,1,0,16.1,1,1,9.0,147.33,60.42
13869,0,19.0,Computer,3,9,UPI,Male,3.8,4,Laptop & Accessory,5,Divorced,9,1,18.3,2,3,,162.8,38.92
13870,0,1.0,Mobile Phone,1,7,Cash on Delivery,Female,2.6,5,Mobile Phone,2,Married,8,0,12.1,4,3,3.0,198.74,20.0
13871,0,9.0,Mobile Phone,2,26,E wallet,Female,0.8,2,Fashion,4,Married,9,0,26.0,2,2,1.0,176.17,90.49
13872,1,3.0,Mobile Phone,2,15,Cash on Delivery,Male,2.9,4,Laptop & Accessory,4,Married,7,1,12.1,3,1,0.0,148.58,46.79
13873,0,3.0,Computer,2,20,Cash on Delivery,Male,2.1,5,Grocery,4,Single,5,1,11.0,2,2,2.0,144.65,60.79
13874,0,31.0,Mobile Phone,3,25,Debit Card,Female,2.9,2,Mobile Phone,5,Married,7,0,16.0,2,1,5.0,93.65,20.0
13875,0,1.0,Phone,1,13,E wallet,Male,2.6,1,Mobile Phone,3,Single,2,1,26.0,2,3,1.0,119.47,52.24
13876,0,9.0,Computer,1,8,E wallet,Male,2.5,1,Laptop & Accessory,3,Married,7,0,11.0,3,5,1.0,230.44,86.04
13877,0,3.0,Mobile Phone,3,13,Credit Card,Male,3.0,1,Mobile Phone,1,Married,4,0,13.9,1,4,10.0,117.11,20.0
13878,0,38.0,Computer,3,18,Cash on Delivery,Female,0.9,3,Fashion,4,Single,5,0,16.5,1,6,6.0,131.86,60.76
13879,0,14.0,Mobile Phone,2,14,Credit Card,Male,2.4,1,Others,3,Married,7,0,11.0,1,2,4.0,92.52,43.68
13880,0,4.0,Computer,1,26,E wallet,Male,4.5,2,Fashion,2,Married,2,1,11.0,1,2,0.0,203.05,87.03
13881,0,12.0,Phone,3,20,Credit Card,Male,4.2,2,Fashion,4,Single,5,0,21.8,1,1,0.0,237.61,50.63
13882,0,23.0,Phone,1,13,UPI,Male,3.0,6,Others,4,Divorced,2,1,15.5,3,2,0.0,249.78,79.01
13883,0,57.0,Mobile Phone,1,7,Debit Card,Male,1.0,1,Laptop & Accessory,1,Married,6,0,11.0,2,3,3.0,156.64,83.74
13884,0,4.0,Mobile Phone,1,32,Cash on Delivery,Male,2.6,6,Grocery,4,Divorced,8,0,13.1,1,4,0.0,176.12,54.95
13885,0,39.0,Mobile Phone,1,34,Debit Card,Male,2.3,1,Grocery,4,Single,7,0,11.6,2,3,7.0,181.73,79.7
13886,1,49.0,Computer,2,33,Credit Card,Male,3.2,4,Laptop & Accessory,2,Married,5,1,15.0,4,5,19.0,154.89,57.34
13887,0,44.0,Mobile Phone,1,5,Debit Card,Male,3.2,5,Mobile Phone,3,Single,3,0,16.2,0,2,1.0,199.79,75.29
13888,0,18.0,Mobile Phone,2,32,Credit Card,Male,3.6,1,Fashion,4,Single,4,1,11.0,1,3,2.0,247.89,36.54
13889,0,17.0,Computer,1,26,Debit Card,Male,1.3,4,Laptop & Accessory,4,Single,2,1,,3,1,4.0,239.74,36.68
13890,0,9.0,Phone,1,24,Debit Card,Male,0.7,2,Mobile Phone,3,Married,6,0,15.4,2,3,11.0,169.94,30.02
13891,0,,Computer,1,15,Cash on Delivery,Male,2.5,1,Others,3,Divorced,8,0,,5,2,8.0,147.92,72.9
13892,0,13.0,Mobile Phone,2,30,Credit Card,Female,1.7,4,Laptop & Accessory,4,Married,8,1,20.3,0,2,0.0,110.86,101.21
13893,0,20.0,Mobile Phone,2,35,Credit Card,Male,3.2,4,Grocery,5,Married,9,1,,0,4,0.0,75.77,93.84
13894,0,10.0,Computer,2,24,Debit Card,Male,3.1,5,Grocery,4,Married,5,0,,0,4,5.0,212.68,57.77
13895,0,23.0,Computer,2,24,Cash on Delivery,Female,1.5,2,Laptop & Accessory,1,Married,6,0,11.0,0,2,4.0,179.95,60.13
13896,0,31.0,Mobile Phone,2,5,Credit Card,Male,3.3,5,Others,3,Single,2,0,19.5,4,3,0.0,180.51,89.59
13897,0,2.0,Computer,3,9,Credit Card,Male,3.8,5,Fashion,5,Married,4,0,22.2,1,6,2.0,326.77,104.54
13898,0,32.0,Mobile Phone,1,13,E wallet,Female,4.9,6,Others,1,Married,3,0,17.3,1,1,6.0,275.24,20.0
13899,0,13.0,Computer,1,7,Credit Card,Female,1.6,6,Others,5,Married,9,0,13.9,5,2,0.0,182.59,49.79
13900,1,33.0,Mobile Phone,2,16,Cash on Delivery,Female,2.8,5,Laptop & Accessory,5,Single,6,0,11.0,0,1,8.0,192.52,69.67
13901,0,10.0,Phone,1,22,Debit Card,Female,2.3,2,Fashion,1,Single,6,0,12.3,1,4,,113.45,63.75
13902,0,8.0,Mobile Phone,1,32,UPI,Female,5.3,1,Mobile Phone,5,Married,4,0,16.4,2,1,6.0,218.74,62.84
13903,0,44.0,Computer,1,6,Credit Card,Female,0.9,5,Fashion,3,Single,6,0,11.6,3,1,3.0,193.74,120.0
13904,0,5.0,Mobile Phone,3,35,Credit Card,Male,3.9,3,Fashion,5,Married,1,0,12.3,1,4,1.0,127.04,39.86
13905,0,33.0,Phone,3,14,Debit Card,Female,2.5,2,Others,3,Single,9,0,11.0,4,1,5.0,194.97,46.51
13906,0,11.0,Phone,3,11,Debit Card,Female,1.8,4,Fashion,3,Married,3,0,11.0,1,2,6.0,242.54,36.15
13907,0,12.0,Mobile Phone,1,34,Debit Card,Male,2.8,4,Mobile Phone,4,Single,5,0,11.0,2,1,10.0,304.06,20.0
13908,0,6.0,Mobile Phone,1,26,Credit Card,Female,3.2,2,Others,4,Divorced,7,0,16.7,2,6,1.0,89.24,45.09
13909,0,15.0,Mobile Phone,2,35,Cash on Delivery,Female,0.8,4,Fashion,1,Married,2,0,15.3,4,8,4.0,111.33,36.37
13910,1,7.0,Phone,1,22,UPI,Female,2.7,2,Mobile Phone,4,Single,4,1,15.6,1,4,3.0,174.01,56.18
13911,1,1.0,Computer,1,20,Debit Card,Male,2.6,1,Mobile Phone,2,Single,6,0,12.8,2,2,2.0,193.82,91.08
13912,0,5.0,Phone,3,17,Credit Card,Male,1.1,6,Fashion,3,Single,1,0,11.5,4,1,8.0,280.86,44.53
13913,0,1.0,Phone,2,5,Debit Card,Male,4.0,6,Others,3,Married,6,1,13.2,3,3,0.0,253.7,90.07
13914,0,61.0,Computer,3,11,Debit Card,Female,1.8,2,Laptop & Accessory,3,Married,5,0,12.4,4,2,1.0,55.58,92.87
13915,0,60.0,Mobile Phone,1,34,UPI,Male,4.5,1,Mobile Phone,3,Married,2,1,15.9,0,3,3.0,154.63,62.08
13916,0,9.0,Phone,2,35,E wallet,Male,2.3,2,Laptop & Accessory,2,Married,6,0,26.0,1,5,0.0,88.88,79.83
13917,1,,Computer,1,15,UPI,Female,0.4,5,Laptop & Accessory,2,Married,5,0,13.9,2,2,9.0,101.69,90.0
13918,0,7.0,Mobile Phone,2,10,Cash on Delivery,Female,4.8,3,Others,1,Married,1,0,11.4,1,2,4.0,215.02,54.27
13919,0,20.0,Mobile Phone,1,25,E wallet,Female,1.5,1,Fashion,3,Divorced,6,0,13.5,2,7,2.0,188.4,58.65
13920,0,29.0,Phone,2,9,Cash on Delivery,Female,2.3,3,Others,5,Divorced,7,0,12.0,2,5,6.0,279.59,75.99
13921,0,52.0,Mobile Phone,3,14,UPI,Male,2.1,4,Fashion,2,Married,9,0,12.0,3,5,2.0,95.53,78.73
13922,0,9.0,Computer,2,33,Cash on Delivery,Male,2.3,1,Others,5,Single,2,0,11.5,1,3,3.0,178.48,63.29
13923,0,27.0,Computer,2,7,Debit Card,Female,3.2,4,Fashion,4,Divorced,6,1,19.1,3,2,,147.55,87.58
13924,0,5.0,Mobile Phone,2,31,Cash on Delivery,Female,4.4,5,Grocery,4,Married,6,0,19.0,2,3,1.0,274.42,59.53
13925,0,61.0,Phone,3,19,UPI,Male,0.6,6,Grocery,4,Married,1,0,20.4,3,4,0.0,126.13,81.44
13926,1,1.0,Mobile Phone,2,16,UPI,Male,2.8,5,Mobile Phone,5,Married,8,0,21.7,3,4,4.0,192.98,76.52
13927,1,16.0,Computer,3,9,Cash on Delivery,Female,4.2,1,Mobile Phone,2,Married,5,0,12.8,0,1,2.0,96.52,46.11
13928,0,19.0,Mobile Phone,3,18,E wallet,Female,3.1,1,Laptop & Accessory,4,Married,2,0,11.0,1,2,1.0,266.86,106.1
13929,0,20.0,Mobile Phone,1,16,Debit Card,Female,3.4,3,Fashion,4,Married,5,0,26.0,3,5,2.0,290.23,93.13
13930,0,2.0,Computer,2,26,UPI,Male,4.3,4,Grocery,4,Divorced,4,0,11.0,1,1,0.0,138.17,33.55
13931,0,50.0,Phone,3,15,Credit Card,Male,1.2,3,Mobile Phone,5,Married,7,1,13.0,2,4,10.0,130.96,85.06
13932,0,3.0,Computer,3,27,Credit Card,Female,3.2,1,Laptop & Accessory,1,Single,8,0,11.0,2,4,0.0,195.83,55.43
13933,0,,Computer,2,27,Debit Card,Male,4.0,6,Others,4,Single,1,0,17.4,4,3,8.0,130.93,88.16
13934,0,4.0,Mobile Phone,1,17,Debit Card,Female,3.5,3,Grocery,4,Single,1,0,11.0,0,5,2.0,248.79,97.57
13935,0,6.0,Mobile Phone,1,14,Debit Card,Male,2.3,1,Others,3,Married,8,0,21.8,2,3,3.0,207.37,81.45
13936,0,14.0,Computer,1,14,Debit Card,Male,0.8,2,Grocery,3,Single,4,0,16.4,2,6,1.0,256.02,100.4
13937,1,9.0,Mobile Phone,1,28,Debit Card,Female,3.3,4,Mobile Phone,4,Married,8,1,,2,2,13.0,115.15,82.06
13938,0,3.0,Mobile Phone,3,25,Debit Card,Male,2.3,5,Grocery,5,Divorced,7,1,15.6,1,4,1.0,97.46,52.51
13939,0,3.0,Mobile Phone,2,18,Cash on Delivery,Female,3.7,5,Grocery,3,Divorced,9,0,22.0,2,4,3.0,201.92,20.0
13940,1,9.0,Computer,1,24,Debit Card,Male,2.0,3,Laptop & Accessory,5,Single,7,0,11.0,2,4,20.0,281.38,30.31
13941,0,25.0,Mobile Phone,1,20,Debit Card,Male,4.7,6,Grocery,3,Single,4,0,20.9,2,3,8.0,123.85,46.99
13942,0,41.0,Mobile Phone,1,16,Credit Card,Male,4.2,5,Fashion,2,Single,5,0,14.2,1,1,3.0,207.66,79.6
13943,1,1.0,Computer,3,27,Credit Card,Male,1.5,2,Mobile Phone,1,Single,7,0,16.4,3,1,18.0,140.25,26.76
13944,0,8.0,Computer,2,22,Credit Card,Male,5.0,2,Laptop & Accessory,1,Married,2,0,20.6,3,3,4.0,243.52,23.39
13945,1,1.0,Mobile Phone,1,28,Credit Card,Male,1.4,3,Laptop & Accessory,3,Married,3,0,17.3,2,1,0.0,126.95,51.7
13946,0,1.0,Mobile Phone,3,8,UPI,Female,3.7,5,Grocery,3,Single,3,0,11.0,2,6,2.0,196.5,55.14
13947,0,19.0,Phone,3,14,Debit Card,Female,2.7,5,Grocery,4,Single,9,1,12.1,2,4,1.0,247.24,67.27
13948,0,16.0,Mobile Phone,2,5,UPI,Male,2.8,1,Others,4,Single,2,1,11.0,4,6,1.0,99.34,102.39
13949,1,3.0,Phone,2,22,UPI,Female,4.3,3,Laptop & Accessory,1,Married,4,0,19.3,3,1,5.0,216.14,49.08
13950,1,4.0,Mobile Phone,3,19,Cash on Delivery,Male,3.4,1,Fashion,2,Single,8,0,12.9,4,5,3.0,158.55,59.75
13951,0,1.0,Mobile Phone,1,21,Debit Card,Male,1.5,2,Others,3,Married,1,1,12.3,1,4,0.0,230.84,90.57
13952,0,32.0,Mobile Phone,3,25,Cash on Delivery,Male,2.4,6,Laptop & Accessory,4,Married,9,0,16.2,3,4,8.0,202.14,36.82
13953,0,61.0,Phone,1,5,Cash on Delivery,Male,3.6,3,Laptop & Accessory,2,Married,6,1,13.6,5,2,1.0,154.94,98.96
13954,1,2.0,Phone,3,31,UPI,Male,4.3,6,Fashion,2,Married,4,0,22.0,1,2,23.0,174.37,34.52
13955,0,4.0,Computer,3,18,Credit Card,Male,4.0,1,Fashion,5,Married,5,0,19.7,2,4,12.0,69.75,51.35
13956,0,36.0,Computer,1,16,Credit Card,Female,2.7,6,Laptop & Accessory,5,Single,7,0,19.3,1,3,11.0,232.2,42.67
13957,0,46.0,Mobile Phone,2,29,Debit Card,Male,,2,Fashion,2,Married,8,1,12.5,1,6,6.0,293.99,111.14
13958,1,9.0,Phone,3,31,E wallet,Female,5.4,6,Others,3,Married,5,0,19.3,4,2,0.0,147.39,67.67
13959,1,1.0,Mobile Phone,2,35,Debit Card,Male,4.1,5,Fashion,3,Married,7,0,18.0,2,5,3.0,177.73,58.74
13960,0,1.0,Mobile Phone,2,15,Debit Card,Female,2.8,3,Grocery,4,Divorced,3,0,11.0,7,2,1.0,274.35,28.63
13961,0,15.0,Computer,3,24,UPI,Female,3.0,1,Grocery,4,Married,2,1,13.5,4,1,1.0,72.34,99.31
13962,1,8.0,Computer,2,30,Cash on Delivery,Male,1.7,6,Mobile Phone,2,Married,2,1,14.0,1,2,3.0,210.22,88.87
13963,0,,Computer,1,23,Debit Card,Female,2.6,6,Grocery,4,Married,3,1,24.0,3,5,0.0,280.42,44.13
13964,1,15.0,Mobile Phone,2,34,Cash on Delivery,Male,,4,Grocery,3,Married,6,1,12.5,1,3,13.0,142.21,65.23
13965,0,1.0,Mobile Phone,1,29,Credit Card,Female,2.5,6,Mobile Phone,3,Married,1,0,17.9,1,9,10.0,147.48,76.28
13966,0,27.0,Computer,1,8,Debit Card,Female,4.3,5,Grocery,3,Married,3,0,22.8,0,1,1.0,259.71,74.39
13967,0,6.0,Computer,1,21,Credit Card,Male,1.5,6,Others,3,Single,3,0,11.0,2,3,2.0,114.53,50.03
13968,1,1.0,Computer,1,22,Debit Card,Female,2.8,1,Fashion,3,Single,2,0,16.7,0,4,2.0,231.72,110.03
13969,0,15.0,Mobile Phone,1,8,Debit Card,Female,1.9,1,Laptop & Accessory,2,Married,1,1,26.0,4,1,,202.53,57.97
13970,1,9.0,Computer,1,31,Debit Card,Female,3.3,3,Grocery,3,Married,1,1,11.0,1,3,4.0,248.12,58.89
13971,0,61.0,Phone,3,5,Credit Card,Male,4.6,4,Laptop & Accessory,1,Single,1,0,11.4,0,2,1.0,172.35,93.93
13972,1,14.0,Computer,2,10,Debit Card,Female,3.9,5,Fashion,4,Married,8,0,16.6,2,1,2.0,272.15,86.65
13973,1,5.0,Mobile Phone,2,11,E wallet,Female,3.3,5,Others,2,Single,6,1,17.2,4,3,,156.9,92.0
13974,1,,Mobile Phone,3,5,Debit Card,Male,4.2,3,Fashion,1,Married,9,0,15.9,2,4,,91.59,120.0
13975,0,5.0,Computer,2,10,E wallet,Male,4.1,3,Others,4,Married,3,0,18.3,4,2,0.0,87.55,44.69
13976,0,42.0,Mobile Phone,2,7,UPI,Male,2.5,3,Mobile Phone,4,Married,7,0,22.6,2,1,,114.5,69.19
13977,0,8.0,Mobile Phone,2,27,Credit Card,Male,0.9,4,Fashion,5,Divorced,6,0,15.3,1,2,8.0,220.58,40.69
13978,1,14.0,Computer,2,20,Credit Card,Female,4.4,3,Mobile Phone,3,Single,9,0,14.6,2,5,9.0,134.94,48.94
13979,1,1.0,Mobile Phone,1,31,UPI,Female,1.6,4,Fashion,2,Married,9,0,18.6,2,2,8.0,178.87,40.95
13980,0,9.0,Mobile Phone,3,6,UPI,Male,1.6,4,Mobile Phone,4,Single,9,0,,1,2,2.0,185.45,62.41
13981,0,,Computer,2,6,Debit Card,Female,2.7,2,Laptop & Accessory,4,Single,7,1,18.6,1,1,4.0,133.52,89.08
13982,0,29.0,Mobile Phone,3,35,UPI,Female,2.3,3,Grocery,2,Single,9,0,21.2,2,1,3.0,189.38,54.16
13983,0,4.0,Mobile Phone,1,15,Credit Card,Male,1.6,3,Others,5,Divorced,7,0,11.0,1,1,0.0,236.46,69.36
13984,1,4.0,Computer,1,35,Credit Card,Male,2.9,5,Laptop & Accessory,2,Single,9,1,13.9,4,1,3.0,182.15,38.16
13985,0,30.0,Mobile Phone,2,24,Cash on Delivery,Female,2.6,3,Grocery,5,Married,2,0,11.0,2,4,0.0,235.11,42.58
13986,0,47.0,Mobile Phone,3,15,Debit Card,Female,3.6,4,Others,5,Single,2,0,15.1,1,1,1.0,157.37,23.68
13987,1,1.0,Computer,2,12,Debit Card,Male,3.0,3,Grocery,4,Married,7,1,23.6,4,6,10.0,195.93,54.38
13988,0,10.0,Phone,3,23,Cash on Delivery,Female,3.4,1,Mobile Phone,5,Married,6,0,11.0,2,1,1.0,185.83,60.14
13989,1,7.0,Mobile Phone,2,28,Cash on Delivery,Male,2.8,5,Laptop & Accessory,4,Single,6,1,25.4,0,2,11.0,244.43,63.39
13990,0,36.0,Mobile Phone,3,27,Cash on Delivery,Male,3.4,6,Laptop & Accessory,2,Married,5,0,15.0,0,3,1.0,205.48,42.1
13991,1,1.0,Computer,1,25,Debit Card,Male,2.5,1,Fashion,3,Single,1,0,20.4,6,4,1.0,141.48,74.31
13992,0,4.0,Computer,2,19,E wallet,Female,2.8,4,Grocery,1,Single,7,0,21.2,1,1,3.0,209.27,58.59
13993,0,25.0,Phone,3,32,UPI,Male,2.0,1,Mobile Phone,3,Married,2,0,26.0,1,5,5.0,122.62,39.56
13994,0,1.0,Phone,3,24,UPI,Female,2.0,6,Mobile Phone,4,Single,8,1,18.5,0,6,2.0,204.23,68.06
13995,1,12.0,Mobile Phone,1,18,Debit Card,Male,3.1,4,Laptop & Accessory,3,Married,7,0,11.0,0,1,8.0,178.16,66.97
13996,0,10.0,Computer,1,30,Debit Card,Male,5.2,5,Grocery,3,Single,2,1,21.1,1,2,0.0,189.0,60.7
13997,0,7.0,Phone,2,30,Debit Card,Female,3.5,6,Grocery,4,Married,2,1,11.0,4,1,10.0,177.6,97.77
13998,0,9.0,Computer,1,22,Credit Card,Male,2.4,2,Grocery,5,Married,8,0,11.0,2,4,0.0,143.47,76.27
13999,0,13.0,Phone,1,29,UPI,Male,1.2,1,Grocery,1,Married,5,1,11.5,1,4,8.0,136.03,120.0
14000,0,3.0,Mobile Phone,1,24,Debit Card,Female,3.8,5,Laptop & Accessory,3,Married,8,0,11.0,3,4,2.0,244.84,51.69
14001,0,15.0,Computer,2,9,Credit Card,Female,4.4,2,Mobile Phone,2,Married,1,0,25.1,0,4,7.0,292.93,67.05
14002,0,29.0,Mobile Phone,1,6,UPI,Female,3.6,4,Grocery,4,Single,9,1,23.0,1,7,4.0,196.25,30.22
14003,0,25.0,Mobile Phone,1,6,Credit Card,Male,3.5,4,Others,2,Married,8,0,17.7,1,4,,181.91,50.03
14004,1,3.0,Mobile Phone,1,6,Cash on Delivery,Female,1.3,2,Grocery,4,Single,6,0,20.9,1,3,10.0,106.32,20.0
14005,0,2.0,Computer,3,30,Credit Card,Female,3.2,6,Others,3,Divorced,8,0,17.2,1,8,1.0,74.44,79.42
14006,1,5.0,Mobile Phone,1,6,Debit Card,Male,2.3,6,Laptop & Accessory,2,Single,1,0,20.2,2,5,1.0,83.53,93.27
14007,0,,Phone,2,13,UPI,Male,3.7,5,Grocery,5,Married,8,0,22.6,1,4,6.0,211.84,56.63
14008,0,9.0,Mobile Phone,1,33,Debit Card,Female,1.7,2,Laptop & Accessory,1,Married,1,0,11.0,2,6,0.0,73.47,20.0
14009,0,20.0,Mobile Phone,1,16,UPI,Female,2.9,1,Grocery,3,Single,4,0,20.5,6,3,1.0,219.5,120.0
14010,1,1.0,Mobile Phone,1,25,Cash on Delivery,Male,3.9,2,Laptop & Accessory,1,Married,3,0,21.8,2,3,2.0,114.16,51.78
14011,0,1.0,Phone,1,31,Cash on Delivery,Female,2.1,3,Mobile Phone,3,Single,3,0,11.5,2,1,7.0,189.58,50.54
14012,0,8.0,Phone,2,26,Debit Card,Male,2.6,1,Fashion,4,Married,9,0,13.6,2,3,0.0,155.54,87.91
14013,0,21.0,Computer,2,24,Credit Card,Female,4.0,5,Laptop & Accessory,3,Married,8,0,11.0,0,3,3.0,116.36,35.61
14014,1,3.0,Mobile Phone,1,22,Cash on Delivery,Female,5.1,1,Grocery,2,Married,8,1,16.9,4,4,4.0,96.93,43.26
14015,0,18.0,Mobile Phone,1,7,Cash on Delivery,Female,3.9,4,Laptop & Accessory,3,Married,7,0,17.3,3,1,,76.61,85.33
14016,1,5.0,Phone,1,34,Cash on Delivery,Female,3.1,4,Grocery,4,Married,8,0,16.2,1,4,10.0,115.08,103.79
14017,0,39.0,Computer,3,23,Debit Card,Female,2.3,4,Fashion,4,Single,8,0,11.0,1,2,6.0,313.44,57.15
14018,0,40.0,Computer,2,35,E wallet,Male,2.7,1,Laptop & Accessory,4,Single,6,0,23.2,3,2,4.0,258.24,22.13
14019,0,6.0,Phone,3,20,Cash on Delivery,Male,3.8,4,Laptop & Accessory,4,Single,8,0,11.5,1,5,2.0,190.91,93.01
14020,1,4.0,Computer,1,15,Credit Card,Male,2.4,6,Mobile Phone,2,Married,2,1,18.3,3,1,0.0,158.02,20.0
14021,1,9.0,Mobile Phone,3,31,E wallet,Male,2.5,6,Fashion,3,Married,7,1,19.7,1,1,,144.8,79.65
14022,1,4.0,Computer,2,30,UPI,Male,1.5,5,Fashion,2,Single,3,1,11.0,5,1,19.0,186.58,24.81
14023,0,20.0,Mobile Phone,2,28,UPI,Female,5.4,5,Others,2,Married,8,1,17.0,2,2,5.0,145.75,54.0
14024,0,31.0,Computer,2,28,UPI,Female,4.2,1,Mobile Phone,2,Divorced,5,0,22.5,3,5,0.0,145.35,74.17
14025,0,20.0,Phone,1,19,Debit Card,Female,2.5,2,Laptop & Accessory,4,Married,5,0,14.9,5,2,2.0,209.2,35.72
14026,0,31.0,Mobile Phone,1,26,UPI,Male,4.6,2,Laptop & Accessory,4,Divorced,3,1,20.4,1,2,,119.44,51.29
14027,0,,Mobile Phone,2,15,Cash on Delivery,Male,3.5,5,Laptop & Accessory,5,Single,1,0,11.0,2,1,4.0,50.0,51.73
14028,0,3.0,Mobile Phone,2,33,Debit Card,Male,1.9,1,Grocery,2,Divorced,2,1,21.3,1,2,5.0,144.9,61.44
14029,0,24.0,Mobile Phone,1,14,UPI,Male,2.3,5,Laptop & Accessory,4,Married,2,0,11.0,1,2,3.0,267.12,69.99
14030,0,8.0,Mobile Phone,3,31,Cash on Delivery,Male,1.8,4,Mobile Phone,5,Married,7,1,14.9,2,4,1.0,82.3,64.94
14031,1,20.0,Computer,3,28,Cash on Delivery,Male,3.4,4,Laptop & Accessory,4,Single,2,0,22.4,2,3,11.0,105.7,65.76
14032,1,5.0,Computer,2,23,E wallet,Female,5.6,5,Fashion,3,Married,7,1,22.1,1,1,4.0,141.81,97.15
14033,0,1.0,Mobile Phone,3,27,Credit Card,Male,,4,Laptop & Accessory,3,Married,1,0,11.0,1,1,1.0,84.13,108.2
14034,0,61.0,Phone,2,9,Debit Card,Female,2.2,3,Grocery,1,Single,2,0,13.7,0,2,1.0,270.21,79.03
14035,1,3.0,Computer,3,18,Cash on Delivery,Male,2.8,6,Mobile Phone,3,Single,7,0,11.4,0,6,10.0,185.87,73.51
14036,0,,Mobile Phone,3,13,Credit Card,Female,5.0,3,Mobile Phone,4,Divorced,7,1,22.1,1,5,8.0,73.29,20.0
14037,0,61.0,Mobile Phone,1,29,Cash on Delivery,Male,3.9,6,Others,1,Single,2,1,14.6,4,1,2.0,172.32,20.0
14038,0,28.0,Mobile Phone,2,25,Debit Card,Female,,6,Mobile Phone,2,Married,7,0,15.9,2,1,0.0,177.65,54.58
14039,0,19.0,Mobile Phone,1,10,Debit Card,Female,1.1,3,Mobile Phone,4,Married,9,0,17.9,2,4,0.0,165.52,111.04
14040,0,15.0,Mobile Phone,3,5,UPI,Female,3.3,2,Fashion,4,Divorced,8,0,11.0,1,2,,170.07,57.44
14041,1,36.0,Computer,3,32,Debit Card,Male,2.1,2,Mobile Phone,3,Married,6,1,16.8,1,1,3.0,172.24,86.35
14042,0,6.0,Mobile Phone,2,34,Cash on Delivery,Male,4.7,1,Grocery,4,Single,4,0,11.0,0,2,3.0,198.59,58.91
14043,0,,Mobile Phone,2,16,Credit Card,Male,1.8,2,Fashion,3,Married,3,0,12.1,2,4,4.0,202.4,69.72
14044,0,17.0,Mobile Phone,2,18,UPI,Female,2.0,6,Laptop & Accessory,2,Married,8,0,12.3,2,1,5.0,90.18,45.82
14045,0,,Phone,3,8,Debit Card,Male,3.7,5,Mobile Phone,3,Married,3,0,17.9,2,4,0.0,183.61,87.65
14046,0,10.0,Computer,1,19,Debit Card,Male,3.1,1,Mobile Phone,4,Single,5,0,11.0,2,1,0.0,190.89,65.73
14047,0,7.0,Mobile Phone,1,21,E wallet,Male,2.0,1,Grocery,5,Married,3,0,12.2,0,3,1.0,143.38,41.5
14048,0,14.0,Mobile Phone,2,24,Debit Card,Male,1.7,5,Grocery,1,Divorced,9,1,16.9,0,6,0.0,282.36,20.0
14049,0,34.0,Computer,3,16,Credit Card,Male,5.2,3,Fashion,4,Divorced,7,1,23.3,2,6,0.0,175.01,87.96
14050,0,4.0,Mobile Phone,3,5,Cash on Delivery,Male,2.9,2,Grocery,3,Single,3,0,17.6,3,3,4.0,210.24,76.18
14051,0,49.0,Mobile Phone,2,17,UPI,Male,3.1,1,Laptop & Accessory,4,Single,7,1,21.8,3,4,6.0,153.06,71.18
14052,0,21.0,Computer,1,34,Cash on Delivery,Male,3.1,3,Mobile Phone,1,Married,4,0,11.0,1,4,5.0,161.75,38.8
14053,0,31.0,Computer,3,14,UPI,Female,0.8,6,Fashion,3,Married,1,0,23.6,2,4,6.0,200.55,87.81
14054,0,14.0,Mobile Phone,2,8,Credit Card,Male,,4,Others,5,Married,4,0,11.0,1,2,4.0,96.93,43.5
14055,0,27.0,Computer,1,10,UPI,Male,2.2,6,Others,4,Divorced,8,0,11.3,4,7,5.0,224.7,92.24
14056,0,1.0,Mobile Phone,2,13,Credit Card,Female,2.2,3,Mobile Phone,3,Divorced,6,1,26.0,3,2,1.0,106.13,36.91
14057,0,30.0,Mobile Phone,2,22,Debit Card,Male,3.1,3,Laptop & Accessory,3,Married,1,0,16.0,5,4,19.0,232.88,27.8
14058,0,1.0,Mobile Phone,1,6,Cash on Delivery,Male,0.5,6,Others,3,Single,1,0,11.0,3,2,0.0,163.9,64.39
14059,0,39.0,Phone,1,10,UPI,Male,0.9,2,Laptop & Accessory,3,Married,4,1,11.3,1,5,0.0,303.64,84.93
14060,0,61.0,Mobile Phone,1,15,E wallet,Male,4.0,4,Mobile Phone,5,Married,6,0,11.0,2,2,1.0,238.97,88.62
14061,1,6.0,Mobile Phone,3,30,Credit Card,Female,3.8,1,Mobile Phone,5,Single,4,1,15.1,0,4,14.0,239.27,70.76
14062,1,4.0,Mobile Phone,2,32,Cash on Delivery,Male,2.0,6,Laptop & Accessory,3,Married,9,1,,1,3,17.0,188.7,99.53
14063,0,26.0,Mobile Phone,3,17,Cash on Delivery,Male,4.3,5,Mobile Phone,3,Single,2,0,19.0,2,2,6.0,240.57,73.11
14064,0,5.0,Computer,3,10,Credit Card,Male,4.6,1,Fashion,5,Married,6,1,25.3,4,4,3.0,225.6,67.78
14065,0,36.0,Mobile Phone,3,16,Cash on Delivery,Male,,2,Fashion,3,Single,7,0,11.0,5,3,2.0,63.79,20.0
14066,1,1.0,Mobile Phone,1,23,Credit Card,Male,3.4,6,Grocery,4,Married,4,0,18.6,1,1,14.0,127.75,33.75
14067,0,2.0,Computer,2,22,Debit Card,Male,2.4,1,Fashion,2,Married,5,0,11.0,1,3,4.0,124.18,96.75
14068,0,61.0,Mobile Phone,2,34,Cash on Delivery,Female,0.1,2,Mobile Phone,4,Divorced,5,0,17.6,1,4,11.0,133.33,36.71
14069,1,20.0,Phone,3,23,E wallet,Male,1.4,2,Laptop & Accessory,4,Married,2,1,11.0,5,4,1.0,164.59,56.5
14070,0,33.0,Mobile Phone,3,32,Cash on Delivery,Female,3.4,1,Fashion,5,Single,5,0,11.0,2,2,,210.99,52.91
14071,0,7.0,Mobile Phone,1,16,Debit Card,Female,1.9,5,Fashion,4,Divorced,5,0,26.0,3,4,7.0,250.49,33.91
14072,0,20.0,Mobile Phone,3,24,E wallet,Male,4.3,5,Fashion,2,Married,5,1,26.0,0,6,0.0,216.36,46.31
14073,0,16.0,Computer,1,17,Debit Card,Male,3.2,1,Others,4,Married,4,0,11.0,1,4,11.0,254.45,63.56
14074,0,16.0,Mobile Phone,3,24,Debit Card,Female,5.5,4,Laptop & Accessory,5,Married,4,0,26.0,2,2,2.0,116.62,29.83
14075,0,20.0,Computer,2,27,Debit Card,Male,1.1,3,Fashion,3,Married,7,0,,2,5,10.0,149.78,54.31
14076,0,15.0,Computer,1,8,UPI,Female,5.0,5,Laptop & Accessory,2,Married,6,1,11.0,4,3,1.0,164.38,43.86
14077,1,10.0,Phone,2,30,UPI,Male,4.3,2,Grocery,1,Single,8,0,18.9,0,4,5.0,139.96,68.02
14078,0,,Mobile Phone,3,34,Debit Card,Male,2.8,5,Laptop & Accessory,3,Divorced,1,0,20.7,2,3,2.0,112.64,91.56
14079,0,26.0,Computer,2,26,Debit Card,Female,4.7,6,Laptop & Accessory,3,Single,2,0,19.5,1,4,3.0,203.41,106.21
14080,0,4.0,Computer,1,10,UPI,Female,2.9,4,Laptop & Accessory,4,Married,2,0,11.0,3,1,2.0,137.81,67.57
14081,0,21.0,Mobile Phone,3,17,Debit Card,Female,4.9,1,Grocery,2,Married,2,0,11.0,1,5,13.0,228.41,34.67
14082,0,4.0,Computer,2,34,Credit Card,Male,2.0,4,Fashion,5,Single,3,0,20.6,1,8,4.0,106.65,107.46
14083,0,17.0,Mobile Phone,2,14,UPI,Female,3.2,3,Mobile Phone,3,Single,6,0,11.0,1,2,1.0,231.82,76.72
14084,0,24.0,Mobile Phone,3,7,UPI,Female,2.9,5,Laptop & Accessory,2,Single,3,0,21.1,0,4,9.0,192.89,48.03
14085,0,4.0,Mobile Phone,2,13,Cash on Delivery,Male,1.5,6,Mobile Phone,3,Divorced,7,0,12.8,1,4,1.0,192.91,55.0
14086,0,1.0,Mobile Phone,2,19,UPI,Male,1.9,2,Grocery,3,Married,3,1,11.0,2,4,1.0,194.63,44.97
14087,1,2.0,Computer,3,34,Debit Card,Male,3.3,6,Grocery,2,Single,6,0,11.0,2,4,0.0,175.13,86.71
14088,0,16.0,Phone,3,30,UPI,Male,2.8,2,Laptop & Accessory,3,Married,2,0,17.7,1,3,9.0,176.17,94.43
14089,0,34.0,Computer,3,34,Credit Card,Male,3.4,4,Laptop & Accessory,2,Married,2,0,18.0,4,4,1.0,163.79,74.97
14090,0,1.0,Mobile Phone,1,9,Debit Card,Male,2.0,6,Fashion,4,Single,3,0,24.4,1,3,1.0,197.94,97.8
14091,0,,Mobile Phone,3,30,Credit Card,Male,1.8,6,Grocery,4,Married,8,0,15.1,0,2,10.0,213.1,63.08
14092,1,7.0,Mobile Phone,2,35,Cash on Delivery,Male,2.3,1,Laptop & Accessory,3,Single,9,0,13.8,1,1,6.0,152.85,120.0
14093,0,11.0,Computer,2,35,Credit Card,Female,3.3,3,Fashion,4,Married,2,0,25.8,1,1,0.0,263.29,61.18
14094,0,47.0,Phone,3,29,UPI,Male,2.7,1,Grocery,4,Divorced,7,1,11.0,5,2,5.0,158.03,20.0
14095,1,7.0,Mobile Phone,1,30,Credit Card,Female,2.5,5,Laptop & Accessory,2,Married,1,0,13.3,1,4,9.0,137.86,92.42
14096,1,11.0,Mobile Phone,2,26,Cash on Delivery,Male,3.8,6,Mobile Phone,5,Married,4,1,17.8,3,1,0.0,170.92,52.93
14097,0,1.0,Mobile Phone,1,26,UPI,Male,3.5,4,Laptop & Accessory,5,Married,6,0,11.0,1,1,6.0,134.05,97.21
14098,1,1.0,Computer,3,13,Debit Card,Male,3.5,4,Laptop & Accessory,2,Married,7,1,17.7,1,1,3.0,207.98,73.79
14099,1,5.0,Computer,2,33,E wallet,Male,2.9,2,Mobile Phone,2,Single,3,0,15.0,2,3,4.0,171.52,44.47
14100,1,1.0,Mobile Phone,1,30,E wallet,Male,2.1,5,Fashion,2,Single,3,0,21.8,0,1,2.0,224.02,62.08
14101,0,17.0,Mobile Phone,3,19,Debit Card,Female,1.5,2,Others,2,Married,5,1,12.5,3,5,4.0,176.35,21.11
14102,0,10.0,Computer,3,17,Debit Card,Female,2.6,1,Mobile Phone,4,Married,3,0,11.2,1,1,0.0,174.38,42.11
14103,0,14.0,Mobile Phone,1,25,UPI,Male,3.1,4,Laptop & Accessory,3,Married,9,0,26.0,0,2,5.0,155.52,74.79
14104,0,3.0,Mobile Phone,1,7,Credit Card,Male,4.0,4,Fashion,4,Single,2,0,20.1,2,4,0.0,229.61,87.82
14105,0,6.0,Computer,2,23,Debit Card,Female,2.7,6,Others,4,Married,7,1,21.5,0,1,,165.4,88.75
14106,0,19.0,Mobile Phone,3,6,Debit Card,Female,1.6,3,Laptop & Accessory,4,Married,7,0,20.0,4,5,0.0,195.87,46.35
14107,0,60.0,Mobile Phone,1,22,Cash on Delivery,Female,1.4,6,Laptop & Accessory,4,Married,3,1,11.0,3,2,6.0,242.77,97.09
14108,1,1.0,Mobile Phone,3,18,E wallet,Male,3.2,1,Grocery,1,Married,8,0,11.0,0,2,1.0,174.73,65.75
14109,0,39.0,Phone,3,26,Debit Card,Male,4.0,5,Laptop & Accessory,3,Single,3,0,,2,6,2.0,174.01,82.68
14110,0,15.0,Mobile Phone,3,28,Cash on Delivery,Male,1.4,3,Mobile Phone,4,Single,5,0,11.5,1,4,2.0,166.18,97.22
14111,0,14.0,Computer,1,17,UPI,Male,4.4,6,Grocery,1,Single,1,0,22.2,0,3,5.0,191.4,72.38
14112,1,12.0,Mobile Phone,3,31,Debit Card,Female,1.6,4,Mobile Phone,1,Married,4,0,14.8,4,1,2.0,228.42,37.32
14113,1,1.0,Mobile Phone,2,28,UPI,Male,2.1,5,Fashion,5,Married,2,0,20.6,4,3,6.0,226.64,100.42
14114,0,1.0,Mobile Phone,2,12,Cash on Delivery,Female,4.2,2,Grocery,4,Married,5,0,19.9,0,2,0.0,209.48,78.05
14115,0,16.0,Phone,1,14,Debit Card,Male,2.4,1,Fashion,3,Divorced,4,0,24.6,3,5,0.0,252.59,77.49
14116,0,7.0,Computer,2,27,Debit Card,Male,2.8,2,Laptop & Accessory,4,Single,4,0,19.8,3,1,3.0,184.96,29.09
14117,0,44.0,Mobile Phone,2,6,E wallet,Male,3.5,4,Laptop & Accessory,4,Single,4,1,16.3,2,3,11.0,264.28,100.83
14118,0,9.0,Mobile Phone,2,35,UPI,Male,4.4,3,Others,3,Married,5,1,11.0,4,4,0.0,242.99,77.83
14119,1,2.0,Computer,1,14,Cash on Delivery,Male,2.9,2,Grocery,1,Married,9,1,26.0,4,3,0.0,140.78,24.42
14120,0,22.0,Mobile Phone,2,31,Credit Card,Female,3.1,4,Mobile Phone,5,Married,9,0,21.4,3,3,0.0,227.24,58.53
14121,0,6.0,Phone,1,6,Debit Card,Female,2.8,2,Laptop & Accessory,3,Single,4,1,17.5,1,2,4.0,68.61,62.66
14122,0,13.0,Mobile Phone,1,33,UPI,Male,1.3,1,Mobile Phone,2,Single,9,0,16.3,2,3,2.0,252.13,66.62
14123,0,21.0,Phone,1,30,UPI,Male,4.5,2,Grocery,3,Married,8,0,11.0,3,6,6.0,175.72,58.89
14124,0,41.0,Mobile Phone,3,27,Debit Card,Male,0.0,1,Fashion,4,Married,5,1,,2,3,0.0,133.38,65.41
14125,1,28.0,Computer,2,8,Cash on Delivery,Male,3.4,1,Fashion,2,Single,8,1,11.8,0,3,0.0,75.15,93.61
14126,0,20.0,Mobile Phone,3,26,UPI,Male,4.4,6,Fashion,3,Single,7,0,11.0,4,6,1.0,171.89,62.95
14127,0,20.0,Mobile Phone,2,13,E wallet,Male,4.6,5,Grocery,2,Single,2,0,12.1,1,6,3.0,252.92,48.37
14128,0,52.0,Mobile Phone,1,25,E wallet,Female,2.0,3,Others,5,Single,8,0,16.4,1,3,4.0,194.56,69.49
14129,1,6.0,Mobile Phone,3,14,E wallet,Female,3.5,2,Fashion,2,Married,9,0,17.2,1,3,0.0,156.23,97.94
14130,1,1.0,Mobile Phone,2,8,Credit Card,Male,2.0,6,Fashion,4,Married,2,1,11.0,1,4,11.0,168.6,87.29
14131,0,5.0,Computer,2,7,UPI,Male,2.2,4,Laptop & Accessory,5,Married,2,0,11.0,1,4,1.0,259.8,20.0
14132,0,4.0,Mobile Phone,2,11,Debit Card,Male,4.4,5,Others,2,Single,9,1,13.2,1,2,4.0,221.93,25.94
14133,0,19.0,Mobile Phone,1,27,Cash on Delivery,Male,3.1,3,Laptop & Accessory,5,Divorced,1,0,,1,1,2.0,177.5,20.0
14134,1,18.0,Mobile Phone,1,27,Debit Card,Female,3.3,5,Fashion,5,Single,3,1,11.0,1,1,1.0,236.07,77.88
14135,1,16.0,Mobile Phone,2,20,Debit Card,Male,4.0,2,Grocery,5,Divorced,3,1,12.3,1,5,7.0,227.61,97.73
14136,0,1.0,Mobile Phone,2,9,Cash on Delivery,Female,4.3,6,Mobile Phone,2,Single,6,0,16.1,2,1,6.0,126.66,63.34
14137,0,23.0,Mobile Phone,2,17,Cash on Delivery,Female,2.8,2,Laptop & Accessory,4,Single,7,0,,0,5,2.0,159.23,68.78
14138,0,,Mobile Phone,1,14,UPI,Female,1.0,2,Mobile Phone,4,Married,3,1,11.0,0,3,,265.16,35.61
14139,0,19.0,Computer,2,28,Cash on Delivery,Male,2.6,3,Laptop & Accessory,5,Married,8,0,,6,4,1.0,220.57,97.98
14140,0,14.0,Mobile Phone,3,31,Debit Card,Male,3.7,5,Fashion,2,Divorced,2,0,11.0,2,2,4.0,286.35,41.89
14141,0,7.0,Mobile Phone,3,6,E wallet,Male,1.1,4,Laptop & Accessory,4,Married,3,0,17.0,3,4,1.0,215.95,97.88
14142,0,2.0,Mobile Phone,2,20,Credit Card,Female,2.4,5,Laptop & Accessory,3,Married,2,0,13.7,1,8,,137.4,46.84
14143,1,1.0,Mobile Phone,3,24,Cash on Delivery,Male,2.5,3,Fashion,2,Divorced,2,1,13.6,2,1,0.0,178.75,113.7
14144,0,32.0,Mobile Phone,2,5,UPI,Male,3.3,1,Laptop & Accessory,3,Married,6,0,11.0,3,5,0.0,227.24,22.68
14145,1,45.0,Mobile Phone,2,10,Debit Card,Female,2.2,1,Mobile Phone,4,Divorced,3,1,13.0,4,1,1.0,179.47,33.48
14146,0,18.0,Mobile Phone,3,26,E wallet,Male,3.1,1,Grocery,3,Married,3,0,11.0,0,4,0.0,183.64,100.26
14147,1,,Computer,1,23,Cash on Delivery,Male,1.6,4,Laptop & Accessory,4,Single,9,1,26.0,2,2,,302.1,99.54
14148,0,9.0,Mobile Phone,3,5,Debit Card,Male,3.6,3,Laptop & Accessory,5,Single,1,0,11.0,2,5,0.0,165.77,56.88
14149,0,23.0,Mobile Phone,1,32,Credit Card,Male,,3,Others,3,Single,9,0,21.2,4,1,5.0,199.32,24.25
14150,0,27.0,Computer,3,9,E wallet,Male,6.0,1,Mobile Phone,4,Married,2,0,11.6,3,1,1.0,195.63,20.0
14151,0,2.0,Computer,1,16,E wallet,Female,1.8,3,Mobile Phone,3,Single,2,1,16.5,0,2,4.0,234.79,106.9
14152,0,1.0,Phone,3,34,E wallet,Male,2.5,3,Fashion,3,Divorced,5,0,15.0,0,4,3.0,195.64,77.55
14153,1,22.0,Computer,1,21,Debit Card,Female,4.6,2,Mobile Phone,4,Divorced,6,1,14.0,1,1,17.0,187.77,69.76
14154,0,7.0,Computer,3,23,Cash on Delivery,Male,1.1,4,Grocery,5,Married,8,0,13.8,0,2,30.0,300.93,44.21
14155,0,5.0,Mobile Phone,2,12,E wallet,Male,6.0,3,Mobile Phone,4,Divorced,1,0,16.5,3,5,8.0,173.86,53.41
14156,0,1.0,Computer,1,14,Debit Card,Male,2.4,6,Laptop & Accessory,4,Married,5,1,23.3,1,5,5.0,223.99,90.96
14157,1,13.0,Computer,1,29,Cash on Delivery,Female,1.2,1,Fashion,1,Single,8,0,11.0,4,4,1.0,102.78,31.33
14158,0,34.0,Mobile Phone,1,7,Credit Card,Female,3.5,5,Mobile Phone,2,Single,2,0,11.0,3,1,5.0,180.13,90.57
14159,0,56.0,Mobile Phone,2,13,Credit Card,Male,3.1,5,Mobile Phone,4,Married,9,0,11.0,4,3,12.0,174.22,84.42
14160,0,15.0,Computer,1,11,Credit Card,Male,1.8,4,Mobile Phone,1,Single,4,0,15.8,1,4,0.0,175.67,112.66
14161,0,13.0,Mobile Phone,1,28,Debit Card,Female,2.2,3,Others,3,Married,7,0,,5,2,3.0,76.76,81.09
14162,1,1.0,Mobile Phone,3,10,Debit Card,Male,3.8,2,Grocery,4,Married,1,0,24.3,2,2,0.0,158.73,91.24
14163,0,14.0,Mobile Phone,3,19,Debit Card,Female,1.4,3,Laptop & Accessory,1,Divorced,2,0,23.5,1,2,,127.89,22.38
14164,0,8.0,Mobile Phone,1,17,E wallet,Female,3.8,1,Mobile Phone,3,Single,1,0,12.3,3,2,2.0,245.19,57.96
14165,0,16.0,Phone,1,18,Debit Card,Male,2.2,6,Grocery,4,Divorced,8,1,24.3,3,2,3.0,128.1,62.03
14166,1,8.0,Computer,2,9,UPI,Male,6.0,3,Fashion,4,Single,1,0,17.5,2,4,3.0,217.69,76.28
14167,1,4.0,Mobile Phone,1,30,UPI,Male,4.8,5,Others,5,Divorced,9,0,11.0,4,1,12.0,220.52,68.41
14168,1,1.0,Mobile Phone,1,33,E wallet,Male,1.5,5,Fashion,4,Single,7,0,14.3,3,2,3.0,144.26,95.11
14169,1,6.0,Mobile Phone,2,28,Debit Card,Male,2.5,4,Laptop & Accessory,3,Single,5,1,13.8,1,5,7.0,128.98,69.15
14170,0,1.0,Computer,1,32,UPI,Male,4.1,6,Mobile Phone,5,Married,1,0,11.0,3,5,1.0,163.06,38.89
14171,1,3.0,Mobile Phone,2,34,Cash on Delivery,Male,0.0,1,Grocery,4,Divorced,4,0,11.2,1,3,2.0,156.11,34.49
14172,0,61.0,Mobile Phone,1,34,Debit Card,Male,1.9,4,Mobile Phone,2,Married,3,1,17.7,1,1,2.0,121.0,110.49
14173,0,10.0,Computer,1,35,Cash on Delivery,Female,2.4,3,Fashion,2,Single,7,0,12.6,1,3,1.0,162.25,73.56
14174,0,13.0,Computer,1,34,Debit Card,Female,1.2,6,Grocery,4,Divorced,1,1,13.3,2,2,1.0,198.72,68.8
14175,0,37.0,Phone,1,6,UPI,Female,3.0,2,Laptop & Accessory,4,Married,4,0,13.8,1,1,3.0,108.55,72.79
14176,0,61.0,Mobile Phone,2,11,Debit Card,Male,2.5,4,Laptop & Accessory,4,Married,5,0,14.0,0,3,3.0,168.29,70.98
14177,0,15.0,Phone,3,34,UPI,Female,2.0,5,Laptop & Accessory,4,Single,3,1,20.5,2,7,4.0,148.5,55.83
14178,0,30.0,Computer,1,5,Debit Card,Female,4.7,1,Grocery,4,Single,5,0,11.0,1,3,1.0,185.6,83.16
14179,0,7.0,Mobile Phone,3,20,Cash on Delivery,Male,4.0,3,Laptop & Accessory,5,Married,4,0,16.4,2,3,1.0,293.08,95.45
14180,0,6.0,Computer,1,11,Debit Card,Male,4.0,1,Mobile Phone,4,Married,5,0,11.0,1,5,3.0,89.08,90.5
14181,0,9.0,Computer,1,19,Debit Card,Male,,1,Mobile Phone,2,Single,9,1,11.9,3,3,0.0,173.63,63.7
14182,0,20.0,Mobile Phone,2,10,UPI,Male,3.4,1,Grocery,5,Divorced,8,0,11.0,1,1,1.0,196.77,33.4
14183,0,20.0,Mobile Phone,3,24,Debit Card,Female,5.1,5,Fashion,3,Single,8,0,24.7,0,5,0.0,149.41,26.22
14184,0,6.0,Phone,3,23,E wallet,Male,1.6,2,Laptop & Accessory,4,Single,2,0,15.8,4,2,0.0,202.08,93.87
14185,0,2.0,Phone,2,13,UPI,Female,1.8,4,Others,5,Divorced,3,0,12.4,3,1,1.0,92.44,50.46
14186,0,18.0,Computer,3,26,Credit Card,Female,4.3,5,Laptop & Accessory,4,Single,4,0,11.0,2,4,0.0,158.99,69.51
14187,1,2.0,Computer,2,34,Cash on Delivery,Male,3.6,6,Mobile Phone,4,Single,1,0,11.0,3,3,1.0,50.0,38.78
14188,0,15.0,Mobile Phone,3,10,Credit Card,Male,2.3,2,Grocery,3,Single,9,0,20.1,3,2,4.0,165.43,70.95
14189,1,21.0,Mobile Phone,2,33,Debit Card,Female,3.5,3,Mobile Phone,3,Single,2,0,17.1,2,4,0.0,106.06,98.45
14190,1,21.0,Phone,2,21,Cash on Delivery,Male,1.6,4,Mobile Phone,3,Married,2,0,,3,1,2.0,198.79,103.97
14191,0,25.0,Computer,2,9,E wallet,Male,3.5,2,Others,4,Single,8,0,11.0,2,2,9.0,264.84,23.28
14192,0,37.0,Mobile Phone,3,19,Cash on Delivery,Female,2.2,3,Fashion,4,Married,9,0,26.0,2,3,6.0,196.54,86.16
14193,0,12.0,Mobile Phone,2,32,Debit Card,Male,4.8,6,Fashion,4,Married,1,1,23.1,1,3,1.0,175.54,38.28
14194,0,23.0,Computer,3,11,UPI,Female,3.4,4,Others,2,Married,2,0,16.8,2,2,10.0,148.79,117.77
14195,0,17.0,Mobile Phone,3,18,UPI,Male,3.0,6,Others,3,Married,5,0,15.7,1,3,1.0,163.2,120.0
14196,1,3.0,Mobile Phone,2,24,Credit Card,Male,2.7,3,Mobile Phone,4,Married,9,0,14.0,3,3,0.0,164.1,76.45
14197,1,1.0,Mobile Phone,2,32,Cash on Delivery,Male,3.4,5,Mobile Phone,3,Married,5,1,11.0,2,3,,180.97,67.98
14198,0,6.0,Phone,2,34,UPI,Male,4.0,3,Mobile Phone,4,Married,7,0,20.2,0,2,8.0,208.62,59.32
14199,0,10.0,Mobile Phone,3,22,Credit Card,Male,2.7,6,Mobile Phone,4,Married,6,0,13.8,4,1,2.0,133.92,109.51
14200,0,17.0,Mobile Phone,1,35,Debit Card,Male,5.4,1,Laptop & Accessory,4,Married,6,0,19.4,2,6,4.0,248.84,69.79
14201,0,34.0,Mobile Phone,2,33,UPI,Male,2.8,5,Fashion,3,Married,2,0,12.6,1,3,4.0,167.11,73.89
14202,0,3.0,Mobile Phone,2,29,Credit Card,Male,3.7,3,Mobile Phone,5,Single,8,1,17.2,1,1,0.0,180.86,58.06
14203,0,2.0,Mobile Phone,1,26,E wallet,Female,3.4,5,Mobile Phone,2,Married,6,0,12.1,1,3,0.0,257.16,66.33
14204,0,59.0,Computer,3,29,Debit Card,Female,0.2,4,Mobile Phone,5,Married,4,0,15.4,0,5,2.0,52.29,80.85
14205,1,2.0,Mobile Phone,2,28,Debit Card,Male,4.2,1,Fashion,2,Married,7,1,19.8,1,1,9.0,50.0,78.02
14206,0,11.0,Computer,2,35,E wallet,Male,,1,Grocery,1,Single,9,0,11.8,5,3,0.0,203.37,91.94
14207,0,15.0,Mobile Phone,2,21,Credit Card,Female,3.5,3,Others,5,Single,7,1,26.0,1,5,6.0,180.51,72.11
14208,0,14.0,Computer,2,22,E wallet,Male,3.5,4,Mobile Phone,2,Married,6,0,11.5,1,2,0.0,269.15,60.65
14209,1,1.0,Phone,1,6,Debit Card,Female,3.3,5,Grocery,4,Married,2,1,15.8,1,5,2.0,112.49,74.68
14210,1,1.0,Mobile Phone,2,33,Debit Card,Female,1.8,3,Fashion,5,Single,3,1,23.3,2,5,4.0,209.14,71.91
14211,0,2.0,Phone,2,22,UPI,Male,3.1,2,Others,5,Married,7,0,23.7,1,1,4.0,158.41,43.61
14212,0,15.0,Computer,3,18,Credit Card,Female,3.3,3,Grocery,5,Divorced,1,1,17.8,2,3,0.0,236.89,20.0
14213,1,14.0,Computer,3,8,Debit Card,Male,4.0,2,Fashion,3,Single,1,0,16.6,2,3,2.0,50.0,35.94
14214,0,4.0,Mobile Phone,1,11,UPI,Female,3.5,1,Mobile Phone,4,Married,3,0,15.4,2,2,3.0,164.12,27.55
14215,0,18.0,Mobile Phone,3,11,Debit Card,Male,3.7,3,Mobile Phone,2,Married,5,0,23.1,3,7,0.0,223.69,91.67
14216,0,30.0,Phone,2,5,Credit Card,Female,2.5,3,Grocery,3,Single,3,0,20.7,3,7,0.0,132.33,36.95
14217,0,1.0,Phone,1,12,UPI,Female,4.4,1,Fashion,5,Divorced,9,1,21.5,6,2,4.0,176.73,107.82
14218,0,12.0,Computer,2,24,E wallet,Male,4.7,5,Laptop & Accessory,3,Married,7,0,24.8,2,1,2.0,182.99,42.61
14219,0,21.0,Mobile Phone,2,28,Debit Card,Male,3.4,6,Mobile Phone,4,Single,2,1,17.7,2,3,0.0,200.18,83.14
14220,0,5.0,Mobile Phone,1,14,E wallet,Male,3.4,3,Laptop & Accessory,4,Single,3,0,12.6,2,2,3.0,114.64,120.0
14221,0,6.0,Mobile Phone,2,13,Debit Card,Female,2.2,4,Laptop & Accessory,4,Divorced,3,0,17.1,0,7,9.0,150.92,83.08
14222,0,17.0,Mobile Phone,2,11,Credit Card,Male,3.7,6,Others,5,Married,9,0,15.3,1,3,0.0,209.68,120.0
14223,0,41.0,Mobile Phone,1,7,E wallet,Male,3.0,1,Fashion,1,Single,7,0,13.9,4,3,4.0,224.65,36.65
14224,0,29.0,Phone,2,16,Cash on Delivery,Male,2.4,5,Grocery,4,Married,3,1,12.6,0,7,,190.35,100.86
14225,1,15.0,Mobile Phone,2,7,Debit Card,Male,2.6,6,Mobile Phone,5,Married,1,1,18.3,0,3,0.0,159.41,43.8
14226,0,23.0,Phone,1,9,Credit Card,Female,3.2,1,Fashion,3,Married,4,1,18.8,1,3,0.0,185.63,94.6
14227,0,8.0,Computer,3,11,UPI,Female,3.1,1,Others,1,Single,5,1,11.0,3,6,2.0,230.56,63.28
14228,0,18.0,Mobile Phone,2,34,Cash on Delivery,Male,4.7,5,Fashion,4,Married,9,0,16.9,1,4,6.0,192.09,72.23
14229,0,11.0,Computer,2,16,UPI,Female,2.3,6,Laptop & Accessory,3,Single,4,0,24.7,1,3,1.0,109.17,64.34
14230,1,3.0,Phone,1,27,Credit Card,Female,3.6,5,Grocery,2,Single,2,0,11.0,3,4,3.0,112.56,55.76
14231,0,21.0,Computer,2,29,Debit Card,Female,1.8,5,Others,5,Married,1,0,23.2,0,4,2.0,182.2,68.83
14232,1,14.0,Mobile Phone,3,35,UPI,Male,,6,Mobile Phone,4,Married,5,0,11.0,3,1,1.0,80.46,78.04
14233,0,7.0,Mobile Phone,2,21,UPI,Male,0.8,6,Laptop & Accessory,5,Single,3,0,,2,2,2.0,227.54,20.0
14234,0,43.0,Computer,1,18,UPI,Female,4.3,4,Laptop & Accessory,5,Single,9,0,11.0,1,3,6.0,124.33,56.62
14235,0,1.0,Phone,3,7,E wallet,Male,,2,Laptop & Accessory,4,Divorced,3,0,,0,2,7.0,110.63,84.64
14236,1,6.0,Mobile Phone,2,5,UPI,Male,0.0,6,Laptop & Accessory,1,Married,3,1,13.7,0,1,,281.28,69.73
14237,1,1.0,Computer,3,26,Cash on Delivery,Male,3.2,6,Fashion,3,Married,2,0,11.0,2,1,1.0,149.32,94.04
14238,0,26.0,Mobile Phone,2,32,UPI,Male,2.5,1,Mobile Phone,2,Divorced,3,0,12.2,0,1,6.0,197.0,20.76
14239,0,21.0,Computer,3,30,Debit Card,Male,3.4,3,Others,5,Married,9,0,25.6,0,3,0.0,215.92,74.33
14240,1,7.0,Computer,2,27,UPI,Male,3.1,2,Mobile Phone,2,Single,7,1,18.4,3,1,5.0,267.1,87.96
14241,0,20.0,Mobile Phone,1,22,Debit Card,Female,2.7,3,Others,3,Married,2,1,15.7,3,2,11.0,144.43,56.51
14242,1,9.0,Computer,2,18,Debit Card,Female,1.7,3,Laptop & Accessory,4,Single,3,0,18.2,1,1,0.0,190.63,53.45
14243,0,25.0,Mobile Phone,1,29,Debit Card,Female,2.2,3,Laptop & Accessory,3,Married,8,0,,1,2,2.0,172.84,105.45
14244,1,10.0,Mobile Phone,3,17,Debit Card,Male,2.2,4,Grocery,2,Married,8,1,24.1,3,1,4.0,323.9,20.0
14245,0,9.0,Computer,3,16,Debit Card,Female,2.5,4,Grocery,4,Divorced,1,0,13.3,3,7,4.0,58.66,50.18
14246,1,49.0,Mobile Phone,1,9,Cash on Delivery,Male,4.0,2,Fashion,1,Married,1,1,18.6,3,3,,170.37,48.04
14247,1,5.0,Mobile Phone,3,7,Credit Card,Female,5.1,5,Mobile Phone,1,Married,8,1,17.9,5,2,14.0,178.95,83.59
14248,1,2.0,Computer,1,18,Debit Card,Female,2.1,4,Laptop & Accessory,3,Single,8,0,15.6,3,4,3.0,173.34,95.46
14249,0,15.0,Mobile Phone,2,11,Debit Card,Female,3.8,1,Laptop & Accessory,4,Single,2,0,13.9,1,1,0.0,93.32,97.11
14250,0,61.0,Mobile Phone,1,11,Debit Card,Female,0.6,2,Grocery,4,Single,8,0,24.6,5,4,0.0,68.74,46.45
14251,0,8.0,Phone,1,21,Cash on Delivery,Male,1.0,1,Others,3,Single,1,0,16.6,2,5,6.0,87.55,72.77
14252,0,,Mobile Phone,3,10,UPI,Female,3.2,3,Others,4,Divorced,5,1,11.0,3,3,0.0,231.75,49.28
14253,1,7.0,Computer,3,19,UPI,Female,4.0,1,Mobile Phone,3,Married,5,1,11.0,2,2,0.0,178.98,96.22
14254,0,12.0,Mobile Phone,3,23,Debit Card,Female,3.6,4,Fashion,5,Married,8,1,20.7,3,1,3.0,74.45,73.27
14255,1,3.0,Mobile Phone,1,19,Cash on Delivery,Male,2.4,1,Mobile Phone,1,Single,8,0,12.4,5,1,3.0,265.91,63.04
14256,0,19.0,Mobile Phone,3,11,UPI,Female,4.6,3,Grocery,4,Married,4,0,14.1,3,4,4.0,297.8,70.78
14257,0,61.0,Mobile Phone,1,9,UPI,Male,2.3,3,Fashion,5,Married,2,0,,1,1,2.0,198.07,92.93
14258,0,10.0,Mobile Phone,2,19,UPI,Female,,4,Grocery,5,Married,6,0,26.0,4,4,5.0,205.62,74.71
14259,0,7.0,Mobile Phone,1,24,E wallet,Male,3.3,2,Grocery,2,Married,4,0,23.1,2,5,14.0,185.33,56.1
14260,0,9.0,Computer,3,17,Cash on Delivery,Male,3.6,5,Laptop & Accessory,3,Single,2,0,13.6,2,2,1.0,142.37,59.13
14261,1,2.0,Computer,2,30,UPI,Male,1.7,6,Laptop & Accessory,4,Single,9,0,19.4,3,1,4.0,70.18,86.95
14262,0,38.0,Mobile Phone,2,11,Debit Card,Female,1.7,2,Others,1,Single,9,1,11.4,3,1,10.0,115.04,34.28
14263,0,9.0,Mobile Phone,2,17,Credit Card,Female,4.0,5,Mobile Phone,5,Married,7,0,19.6,1,6,4.0,176.74,93.58
14264,0,8.0,Computer,2,17,Debit Card,Female,2.5,6,Laptop & Accessory,4,Married,2,1,11.0,4,1,4.0,214.53,20.0
14265,0,19.0,Mobile Phone,2,35,UPI,Male,3.9,4,Grocery,4,Single,3,0,16.1,0,1,1.0,166.08,67.18
14266,1,10.0,Computer,2,17,E wallet,Male,1.5,4,Laptop & Accessory,2,Single,9,0,16.3,0,2,3.0,174.31,45.04
14267,0,18.0,Computer,3,27,Cash on Delivery,Male,2.5,4,Fashion,4,Married,8,1,11.0,2,3,3.0,182.64,120.0
14268,0,1.0,Phone,1,12,UPI,Male,4.3,3,Mobile Phone,4,Single,2,0,11.5,2,7,4.0,186.36,20.0
14269,0,30.0,Mobile Phone,3,9,Credit Card,Female,,2,Laptop & Accessory,5,Single,5,0,11.0,2,3,23.0,144.79,55.27
14270,0,50.0,Phone,3,8,Debit Card,Female,2.4,5,Fashion,1,Single,2,0,12.7,1,4,0.0,204.78,44.34
14271,0,18.0,Phone,3,21,Credit Card,Female,,2,Others,1,Single,1,0,21.7,0,4,0.0,113.26,90.1
14272,0,55.0,Computer,3,24,Debit Card,Female,3.8,5,Others,3,Single,9,0,26.0,4,1,0.0,198.39,102.57
14273,1,2.0,Computer,3,18,Credit Card,Male,3.3,1,Fashion,2,Married,7,1,24.0,2,3,5.0,88.9,61.99
14274,0,11.0,Mobile Phone,1,15,E wallet,Female,3.4,2,Laptop & Accessory,4,Single,4,0,12.7,1,1,0.0,108.36,20.0
14275,0,16.0,Phone,3,14,Credit Card,Female,1.6,1,Mobile Phone,5,Single,3,0,15.0,1,4,3.0,136.95,120.0
14276,0,15.0,Computer,3,5,UPI,Male,2.9,4,Fashion,3,Single,3,1,14.6,5,4,1.0,191.67,94.93
14277,0,9.0,Mobile Phone,2,11,Credit Card,Female,3.1,3,Others,5,Divorced,7,0,13.7,2,5,2.0,194.15,119.36
14278,0,7.0,Mobile Phone,2,10,UPI,Female,4.9,3,Mobile Phone,1,Married,9,0,20.8,3,3,0.0,128.96,60.49
14279,1,2.0,Mobile Phone,3,11,UPI,Female,4.5,6,Mobile Phone,2,Divorced,7,0,11.7,5,6,8.0,94.88,75.09
14280,0,8.0,Computer,1,28,Debit Card,Female,4.3,2,Others,1,Single,2,0,23.7,4,3,3.0,252.36,49.04
14281,1,3.0,Phone,2,19,Debit Card,Male,3.3,1,Mobile Phone,3,Divorced,6,0,15.8,2,2,11.0,184.0,20.0
14282,0,23.0,Mobile Phone,3,10,E wallet,Female,2.0,1,Others,5,Divorced,8,0,11.0,1,1,3.0,171.77,52.67
14283,0,4.0,Computer,2,22,Debit Card,Female,2.7,5,Mobile Phone,1,Divorced,7,0,14.4,2,7,0.0,201.84,38.07
14284,0,1.0,Mobile Phone,1,6,Credit Card,Male,1.5,2,Grocery,4,Single,2,1,17.9,2,8,0.0,122.76,62.23
14285,1,14.0,Computer,3,13,Credit Card,Male,2.9,2,Grocery,3,Married,7,1,20.9,1,2,18.0,244.26,20.0
14286,0,16.0,Computer,3,10,Debit Card,Male,2.0,1,Others,5,Single,9,0,19.5,6,5,5.0,214.56,84.16
14287,0,36.0,Mobile Phone,3,26,Cash on Delivery,Female,3.0,6,Mobile Phone,2,Married,3,0,13.1,3,3,0.0,163.0,75.29
14288,0,15.0,Mobile Phone,3,21,UPI,Female,2.9,6,Others,2,Married,3,0,11.9,0,5,4.0,176.27,20.0
14289,1,7.0,Mobile Phone,2,28,Cash on Delivery,Male,1.9,1,Grocery,1,Married,5,0,25.4,3,2,2.0,165.62,20.0
14290,0,29.0,Phone,3,34,Debit Card,Male,3.7,6,Laptop & Accessory,3,Divorced,9,1,15.2,0,4,1.0,259.99,39.47
14291,1,13.0,Computer,1,15,Debit Card,Male,,3,Grocery,3,Divorced,1,0,11.0,1,1,0.0,205.88,89.52
14292,0,1.0,Mobile Phone,2,28,UPI,Female,6.0,2,Grocery,5,Married,7,0,11.5,5,3,7.0,212.54,120.0
14293,0,15.0,Mobile Phone,1,8,UPI,Female,4.5,3,Laptop & Accessory,4,Single,7,0,11.0,2,4,0.0,184.15,34.04
14294,0,42.0,Computer,2,11,Credit Card,Female,,4,Laptop & Accessory,4,Married,4,0,11.0,3,2,,179.99,48.21
14295,0,9.0,Mobile Phone,1,19,Cash on Delivery,Male,3.3,4,Laptop & Accessory,4,Single,6,0,11.8,2,2,1.0,292.75,26.84
14296,1,6.0,Computer,1,29,E wallet,Male,2.8,1,Mobile Phone,1,Divorced,1,1,11.0,3,4,0.0,158.24,58.55
14297,1,2.0,Computer,2,34,UPI,Male,2.8,5,Fashion,3,Married,4,1,,1,3,2.0,193.16,59.06
14298,1,2.0,Mobile Phone,2,31,E wallet,Female,2.4,1,Mobile Phone,5,Divorced,3,1,19.6,1,2,,303.68,94.32
14299,1,10.0,Mobile Phone,3,33,Debit Card,Male,4.1,2,Laptop & Accessory,5,Divorced,5,1,20.2,2,2,1.0,259.62,20.72
14300,1,16.0,Mobile Phone,2,21,Debit Card,Male,2.1,1,Mobile Phone,5,Single,8,1,11.0,5,4,10.0,202.76,94.76
14301,0,1.0,Mobile Phone,1,16,Credit Card,Female,4.3,3,Fashion,5,Single,5,0,26.0,4,6,1.0,89.41,87.88
14302,0,50.0,Mobile Phone,3,17,Credit Card,Female,4.9,1,Laptop & Accessory,2,Single,1,0,15.6,3,1,1.0,310.13,47.59
14303,0,25.0,Phone,1,25,UPI,Male,2.0,3,Fashion,2,Married,2,1,15.0,4,2,2.0,165.57,42.02
14304,1,,Phone,3,17,Debit Card,Male,4.0,4,Fashion,1,Married,2,0,,4,3,3.0,185.03,57.58
14305,0,31.0,Mobile Phone,3,12,Debit Card,Female,3.9,6,Fashion,3,Married,9,0,13.2,0,1,6.0,241.91,42.25
14306,0,1.0,Computer,3,11,UPI,Female,0.7,3,Mobile Phone,2,Married,7,0,26.0,2,4,0.0,167.64,54.46
14307,1,11.0,Mobile Phone,1,33,UPI,Male,5.0,6,Others,3,Divorced,4,0,11.0,1,3,8.0,192.76,20.0
14308,1,17.0,Phone,2,30,UPI,Male,2.4,2,Others,4,Single,9,0,16.6,2,4,5.0,183.87,55.28
14309,0,31.0,Mobile Phone,1,8,Debit Card,Female,3.2,1,Grocery,5,Single,9,0,11.7,1,4,5.0,158.18,52.78
14310,0,27.0,Computer,2,7,Debit Card,Male,4.7,2,Laptop & Accessory,4,Single,7,0,11.0,1,3,0.0,201.08,69.55
14311,0,5.0,Mobile Phone,1,21,Credit Card,Female,3.9,3,Laptop & Accessory,5,Divorced,9,1,11.0,0,1,0.0,141.96,102.94
14312,0,50.0,Mobile Phone,3,20,UPI,Female,2.8,3,Laptop & Accessory,1,Married,9,0,18.7,3,3,3.0,111.82,59.41
14313,1,2.0,Mobile Phone,1,23,Debit Card,Female,4.0,3,Laptop & Accessory,1,Single,7,1,11.0,0,5,7.0,212.45,35.57
14314,0,37.0,Phone,1,35,Credit Card,Female,4.4,3,Others,4,Single,5,0,11.0,3,2,3.0,255.1,20.0
14315,0,,Computer,1,6,E wallet,Male,3.1,3,Laptop & Accessory,3,Divorced,9,0,,3,2,0.0,135.45,81.89
14316,0,3.0,Phone,3,25,Debit Card,Female,2.2,1,Mobile Phone,3,Married,3,0,19.2,0,4,0.0,148.4,71.87
14317,0,23.0,Mobile Phone,2,18,Credit Card,Male,3.4,5,Mobile Phone,3,Married,4,0,15.4,3,6,,180.29,61.96
14318,1,1.0,Mobile Phone,1,20,E wallet,Male,2.0,2,Grocery,3,Single,6,0,11.0,1,1,5.0,180.36,69.83
14319,1,9.0,Mobile Phone,2,21,UPI,Male,4.3,4,Mobile Phone,4,Married,7,1,11.0,0,3,0.0,61.67,90.11
14320,0,13.0,Mobile Phone,3,8,E wallet,Female,1.9,4,Mobile Phone,3,Married,8,1,11.0,3,3,0.0,154.56,74.28
14321,0,15.0,Computer,2,12,Debit Card,Female,2.1,2,Laptop & Accessory,4,Divorced,4,1,14.2,5,4,2.0,287.71,74.33
14322,0,49.0,Mobile Phone,2,13,Debit Card,Female,4.2,1,Fashion,4,Married,9,0,,2,3,3.0,263.85,107.87
14323,0,20.0,Computer,2,35,Credit Card,Male,3.0,2,Laptop & Accessory,3,Married,3,0,12.5,3,4,4.0,282.26,66.59
14324,0,11.0,Mobile Phone,2,20,UPI,Female,3.5,3,Fashion,3,Married,3,0,20.3,2,1,6.0,217.06,44.56
14325,1,29.0,Phone,1,20,E wallet,Male,3.8,5,Grocery,2,Single,5,0,24.7,1,1,3.0,148.08,104.16
14326,0,54.0,Phone,1,21,Debit Card,Female,2.2,2,Others,3,Single,2,0,17.3,4,5,0.0,195.38,47.97
14327,0,1.0,Computer,3,7,E wallet,Male,2.4,6,Fashion,4,Single,1,0,11.0,4,3,4.0,215.9,28.43
14328,0,61.0,Computer,2,26,Cash on Delivery,Male,4.8,1,Grocery,4,Single,9,0,15.5,1,2,16.0,160.25,77.44
14329,0,1.0,Computer,1,25,Debit Card,Male,3.8,3,Laptop & Accessory,4,Divorced,8,0,23.1,5,1,9.0,76.53,84.4
14330,0,30.0,Phone,2,32,UPI,Female,2.6,2,Fashion,2,Divorced,3,0,11.2,0,3,8.0,234.33,41.15
14331,1,5.0,Phone,3,21,Debit Card,Male,3.3,2,Mobile Phone,4,Single,5,0,11.1,2,3,1.0,153.09,90.25
14332,0,2.0,Mobile Phone,1,22,E wallet,Female,2.8,3,Others,4,Married,8,0,,1,2,5.0,217.58,64.71
14333,1,10.0,Computer,1,22,UPI,Male,4.0,1,Mobile Phone,3,Married,2,0,11.0,1,3,7.0,85.14,50.94
14334,0,18.0,Computer,3,27,Debit Card,Female,3.2,5,Laptop & Accessory,4,Divorced,7,0,16.2,3,2,4.0,141.5,65.97
14335,0,8.0,Computer,3,10,Credit Card,Male,2.9,5,Grocery,3,Single,9,0,11.3,3,7,1.0,203.28,46.55
14336,1,1.0,Mobile Phone,3,33,Debit Card,Female,1.7,3,Mobile Phone,4,Married,4,0,,3,1,12.0,217.86,64.57
14337,0,16.0,Computer,2,35,UPI,Male,3.8,4,Laptop & Accessory,4,Married,2,0,25.2,2,1,2.0,224.91,115.15
14338,0,41.0,Mobile Phone,2,10,UPI,Male,2.6,1,Grocery,2,Married,9,1,12.1,1,5,0.0,175.87,55.02
14339,0,,Computer,2,5,Debit Card,Female,4.2,4,Mobile Phone,4,Married,1,1,15.7,1,5,0.0,191.57,53.9
14340,0,4.0,Computer,1,33,UPI,Male,0.9,6,Grocery,2,Single,6,0,21.2,3,2,4.0,203.38,39.23
14341,0,10.0,Mobile Phone,3,20,UPI,Male,2.4,4,Grocery,1,Married,8,0,11.0,0,1,2.0,199.18,51.6
14342,0,1.0,Mobile Phone,2,21,Cash on Delivery,Male,3.7,4,Fashion,5,Married,2,1,20.0,0,2,0.0,214.27,27.11
14343,0,30.0,Phone,3,8,Debit Card,Female,3.0,1,Fashion,5,Married,7,0,,2,5,5.0,110.93,51.16
14344,0,31.0,Mobile Phone,3,20,E wallet,Male,2.3,4,Grocery,1,Married,7,1,,0,3,,291.79,43.74
14345,0,15.0,Mobile Phone,1,30,Cash on Delivery,Female,4.4,3,Mobile Phone,3,Married,3,0,12.0,4,4,5.0,168.95,57.53
14346,0,7.0,Mobile Phone,2,35,Debit Card,Male,4.2,2,Others,2,Single,4,0,15.4,1,1,0.0,174.31,33.82
14347,0,28.0,Mobile Phone,1,26,Debit Card,Female,2.1,3,Laptop & Accessory,3,Married,8,1,16.4,0,4,4.0,162.54,120.0
14348,0,14.0,Mobile Phone,2,31,UPI,Female,2.8,2,Others,5,Married,6,0,11.0,4,4,0.0,193.91,40.73
14349,0,31.0,Mobile Phone,3,26,Debit Card,Female,1.8,5,Laptop & Accessory,5,Single,2,0,13.7,2,5,1.0,93.46,52.9
14350,1,17.0,Mobile Phone,3,25,Debit Card,Male,2.7,4,Fashion,4,Divorced,6,0,11.0,0,2,2.0,150.76,72.84
14351,0,27.0,Mobile Phone,3,24,Cash on Delivery,Male,2.8,5,Mobile Phone,3,Married,7,0,11.0,0,3,7.0,65.51,76.94
14352,0,16.0,Phone,1,6,UPI,Male,2.5,5,Laptop & Accessory,4,Married,8,1,11.0,0,2,1.0,151.92,87.07
14353,1,9.0,Mobile Phone,3,27,Debit Card,Female,3.8,1,Laptop & Accessory,3,Married,8,0,14.5,4,1,0.0,189.47,57.16
14354,0,57.0,Mobile Phone,1,16,UPI,Female,3.9,4,Grocery,5,Single,8,0,11.0,2,3,1.0,214.17,39.47
14355,0,14.0,Computer,2,20,E wallet,Male,4.4,5,Laptop & Accessory,5,Divorced,8,1,26.0,3,5,2.0,176.45,109.42
14356,0,16.0,Phone,1,10,E wallet,Male,3.5,2,Laptop & Accessory,4,Single,6,0,17.3,1,3,11.0,197.16,38.48
14357,0,4.0,Computer,3,20,Debit Card,Female,1.0,2,Grocery,3,Divorced,1,0,11.0,5,1,11.0,78.84,58.56
14358,0,17.0,Mobile Phone,2,11,Debit Card,Male,3.0,6,Others,3,Divorced,4,0,11.0,2,2,0.0,189.36,66.6
14359,1,,Computer,3,18,UPI,Male,3.9,1,Fashion,1,Single,2,1,19.2,2,6,0.0,255.42,83.61
14360,0,3.0,Mobile Phone,1,7,Debit Card,Male,3.2,5,Fashion,5,Married,7,0,16.5,2,5,0.0,207.83,78.05
14361,0,1.0,Phone,1,5,Debit Card,Female,4.0,5,Laptop & Accessory,3,Divorced,1,0,11.0,2,4,6.0,135.21,47.5
14362,0,16.0,Computer,3,21,Credit Card,Male,4.3,5,Others,3,Divorced,5,1,11.0,3,3,0.0,190.14,71.11
14363,0,25.0,Phone,3,24,Debit Card,Female,1.3,6,Laptop & Accessory,3,Married,8,1,18.9,1,1,0.0,261.89,20.0
14364,0,13.0,Phone,1,8,Debit Card,Male,3.8,6,Fashion,5,Married,4,1,,0,6,3.0,214.17,120.0
14365,0,4.0,Mobile Phone,2,11,UPI,Male,3.5,1,Others,2,Single,7,0,18.5,2,1,1.0,215.81,40.87
14366,0,19.0,Phone,1,33,Cash on Delivery,Male,5.0,4,Mobile Phone,5,Married,5,0,13.3,3,1,0.0,132.83,92.03
14367,0,1.0,Computer,1,11,Credit Card,Male,2.3,5,Laptop & Accessory,5,Single,1,0,11.0,2,3,1.0,158.26,35.76
14368,0,10.0,Mobile Phone,2,8,Cash on Delivery,Male,4.4,6,Laptop & Accessory,5,Single,2,1,11.0,3,3,1.0,175.88,84.22
14369,0,3.0,Computer,3,11,Debit Card,Female,2.9,5,Laptop & Accessory,3,Single,5,1,20.7,0,3,,288.41,34.5
14370,1,3.0,Mobile Phone,2,12,Debit Card,Female,3.2,3,Mobile Phone,2,Married,7,0,26.0,0,3,15.0,125.25,91.79
14371,0,,Mobile Phone,2,13,E wallet,Male,3.0,2,Fashion,3,Single,7,0,16.7,4,3,0.0,195.58,120.0
14372,1,8.0,Mobile Phone,1,26,E wallet,Male,5.1,6,Mobile Phone,3,Single,9,0,20.6,4,4,1.0,220.39,67.18
14373,1,1.0,Mobile Phone,1,19,Cash on Delivery,Male,1.9,4,Mobile Phone,2,Married,3,1,11.0,2,3,10.0,224.51,81.98
14374,1,9.0,Computer,1,8,Cash on Delivery,Male,3.3,4,Laptop & Accessory,4,Married,4,0,14.9,2,4,,165.09,94.23
14375,0,12.0,Computer,1,30,Debit Card,Male,4.4,4,Fashion,3,Single,3,0,14.6,2,1,2.0,160.43,47.65
14376,0,11.0,Mobile Phone,1,22,E wallet,Male,5.4,5,Others,5,Married,8,0,17.3,3,3,4.0,295.66,93.43
14377,1,8.0,Mobile Phone,3,29,Debit Card,Female,1.8,3,Mobile Phone,1,Married,9,0,15.5,2,3,0.0,163.91,51.38
14378,0,32.0,Computer,1,16,UPI,Female,4.2,4,Fashion,4,Married,8,0,26.0,1,2,4.0,154.9,120.0
14379,0,2.0,Mobile Phone,1,27,Credit Card,Female,2.7,1,Laptop & Accessory,4,Single,2,1,19.8,2,2,14.0,235.75,28.66
14380,0,12.0,Mobile Phone,2,10,Credit Card,Male,4.1,1,Laptop & Accessory,4,Divorced,1,1,22.8,2,3,3.0,187.7,69.84
14381,0,1.0,Computer,3,8,E wallet,Female,2.2,6,Laptop & Accessory,5,Single,5,0,16.6,0,2,2.0,101.95,34.28
14382,0,,Mobile Phone,2,8,Credit Card,Female,4.6,2,Laptop & Accessory,4,Married,2,0,11.0,5,1,0.0,238.77,100.76
14383,0,15.0,Phone,1,22,Debit Card,Male,2.6,3,Fashion,5,Married,3,1,17.7,3,1,4.0,156.14,120.0
14384,0,15.0,Computer,2,5,Credit Card,Male,4.2,4,Fashion,3,Divorced,9,0,21.6,1,2,3.0,155.49,73.51
14385,0,37.0,Mobile Phone,3,25,UPI,Female,2.9,3,Others,4,Divorced,3,0,23.4,3,4,,339.61,120.0
14386,1,14.0,Mobile Phone,1,10,Credit Card,Male,,1,Others,1,Single,1,1,14.6,3,5,0.0,165.92,89.91
14387,0,57.0,Mobile Phone,1,30,Debit Card,Male,,6,Mobile Phone,1,Single,9,1,11.0,5,2,3.0,184.04,115.25
14388,0,1.0,Mobile Phone,2,13,Debit Card,Male,1.7,4,Laptop & Accessory,2,Married,2,1,13.3,2,1,3.0,234.79,89.58
14389,1,1.0,Computer,2,21,Credit Card,Male,2.6,5,Mobile Phone,2,Divorced,6,0,11.0,3,1,0.0,124.08,117.78
14390,1,1.0,Mobile Phone,2,25,Cash on Delivery,Female,6.0,1,Others,3,Married,7,0,22.7,1,3,0.0,213.5,113.46
14391,0,3.0,Phone,2,15,Cash on Delivery,Male,3.4,2,Fashion,2,Divorced,9,0,17.7,0,5,1.0,235.44,50.41
14392,1,14.0,Mobile Phone,1,33,E wallet,Male,3.1,4,Fashion,1,Single,8,0,11.9,2,2,4.0,259.59,51.2
14393,0,18.0,Mobile Phone,2,25,UPI,Male,1.5,2,Fashion,5,Single,6,1,,3,4,3.0,219.57,58.95
14394,1,1.0,Computer,2,13,Credit Card,Male,0.7,6,Laptop & Accessory,1,Single,4,0,23.8,2,2,7.0,113.7,46.53
14395,0,52.0,Mobile Phone,3,15,Credit Card,Female,2.0,3,Mobile Phone,4,Single,4,1,19.7,0,3,1.0,206.18,81.71
14396,1,33.0,Computer,3,31,E wallet,Male,2.3,2,Laptop & Accessory,2,Married,4,0,,0,2,9.0,99.3,109.11
14397,0,6.0,Phone,3,8,Cash on Delivery,Female,1.9,2,Others,5,Divorced,2,0,11.0,1,5,5.0,253.8,80.76
14398,1,1.0,Mobile Phone,3,17,UPI,Female,2.2,5,Laptop & Accessory,5,Divorced,7,1,20.8,0,4,2.0,244.45,55.65
14399,1,3.0,Mobile Phone,1,33,Credit Card,Male,1.2,2,Laptop & Accessory,4,Married,1,0,11.0,3,4,0.0,193.48,72.28
14400,0,2.0,Mobile Phone,2,23,E wallet,Male,2.5,5,Others,4,Married,5,0,26.0,3,3,1.0,191.04,20.0
14401,0,2.0,Mobile Phone,3,7,E wallet,Female,0.8,2,Others,1,Single,4,0,19.4,0,3,12.0,179.55,31.08
14402,0,13.0,Mobile Phone,2,26,Cash on Delivery,Female,3.2,5,Fashion,5,Married,2,0,12.8,1,2,,178.41,55.96
14403,0,,Phone,3,35,Debit Card,Male,,1,Others,5,Single,9,0,11.0,3,1,1.0,238.07,80.52
14404,1,7.0,Mobile Phone,3,31,E wallet,Male,2.7,5,Laptop & Accessory,5,Married,1,0,11.8,2,5,0.0,161.31,57.64
14405,0,61.0,Phone,1,5,UPI,Male,3.5,1,Fashion,4,Single,4,0,,5,9,6.0,311.51,71.11
14406,0,20.0,Mobile Phone,3,21,UPI,Female,1.7,1,Laptop & Accessory,3,Married,6,1,16.3,2,6,1.0,190.38,58.0
14407,0,53.0,Phone,1,21,UPI,Male,1.5,6,Mobile Phone,5,Divorced,4,0,14.9,5,1,1.0,254.49,53.18
14408,1,2.0,Computer,3,11,Cash on Delivery,Female,,4,Mobile Phone,3,Divorced,4,0,11.2,1,3,2.0,80.7,30.74
14409,0,8.0,Phone,1,18,E wallet,Male,1.8,1,Grocery,4,Married,2,0,21.9,1,2,2.0,145.37,78.33
14410,0,14.0,Phone,3,9,Credit Card,Male,,4,Laptop & Accessory,1,Single,9,0,11.0,2,2,2.0,234.98,51.4
14411,0,1.0,Phone,3,34,Debit Card,Male,2.4,5,Mobile Phone,5,Single,9,0,18.4,7,7,2.0,199.36,69.12
14412,0,1.0,Mobile Phone,3,18,E wallet,Male,4.4,6,Grocery,2,Single,1,0,16.1,2,4,6.0,181.71,46.08
14413,0,19.0,Computer,2,15,Credit Card,Male,5.1,3,Grocery,2,Married,1,0,15.0,1,1,6.0,243.58,82.69
14414,0,18.0,Mobile Phone,1,35,Cash on Delivery,Male,1.8,4,Fashion,4,Married,8,1,18.8,1,5,6.0,307.22,68.32
14415,0,9.0,Mobile Phone,3,29,Cash on Delivery,Male,1.7,6,Grocery,4,Single,9,1,11.0,0,3,0.0,110.66,73.11
14416,0,12.0,Mobile Phone,2,32,UPI,Male,1.2,3,Laptop & Accessory,4,Divorced,3,1,11.0,4,3,6.0,240.05,42.13
14417,0,9.0,Phone,1,31,E wallet,Female,3.7,6,Laptop & Accessory,2,Married,3,0,13.3,2,4,0.0,153.46,40.44
14418,0,1.0,Mobile Phone,2,34,UPI,Male,3.7,5,Laptop & Accessory,1,Single,2,0,11.8,3,6,0.0,231.29,74.41
14419,0,7.0,Phone,1,35,E wallet,Female,4.4,4,Grocery,4,Divorced,9,1,13.6,1,4,11.0,152.76,22.34
14420,0,3.0,Phone,3,7,E wallet,Female,5.5,5,Mobile Phone,5,Married,2,0,19.3,3,5,,211.76,91.04
14421,1,1.0,Mobile Phone,3,10,Debit Card,Female,2.9,3,Mobile Phone,5,Married,7,1,15.7,2,1,3.0,217.22,61.69
14422,0,,Mobile Phone,3,11,Debit Card,Male,1.4,5,Laptop & Accessory,3,Married,2,0,15.2,4,3,8.0,138.21,35.74
14423,0,16.0,Mobile Phone,1,23,Debit Card,Male,4.1,3,Laptop & Accessory,5,Married,6,0,16.4,2,4,18.0,151.49,20.0
14424,0,23.0,Computer,2,13,UPI,Female,1.9,1,Fashion,3,Single,3,1,13.0,5,6,3.0,168.66,95.31
14425,1,6.0,Mobile Phone,1,6,Credit Card,Male,1.3,3,Fashion,4,Single,1,1,20.4,0,1,3.0,82.48,20.0
14426,1,,Mobile Phone,3,32,UPI,Male,4.8,3,Laptop & Accessory,3,Married,6,1,18.4,1,2,5.0,207.22,79.13
14427,1,,Mobile Phone,3,16,E wallet,Male,0.1,1,Laptop & Accessory,3,Married,2,1,15.0,2,3,1.0,268.37,69.17
14428,1,1.0,Mobile Phone,3,11,UPI,Male,4.3,4,Grocery,4,Single,7,0,11.0,0,2,0.0,104.45,84.09
14429,1,,Computer,3,14,Credit Card,Female,3.5,2,Mobile Phone,4,Single,9,0,22.9,2,2,5.0,219.49,32.45
14430,0,28.0,Mobile Phone,2,24,Credit Card,Male,2.4,4,Mobile Phone,3,Married,1,1,19.0,0,3,1.0,200.59,44.84
14431,0,20.0,Mobile Phone,2,19,UPI,Male,3.7,2,Mobile Phone,3,Married,4,0,18.4,1,4,0.0,138.65,74.75
14432,0,14.0,Computer,2,29,Credit Card,Male,3.6,1,Laptop & Accessory,1,Married,5,0,25.2,2,5,1.0,302.45,66.57
14433,0,,Mobile Phone,3,27,Debit Card,Female,2.1,4,Laptop & Accessory,4,Married,9,0,19.2,1,2,1.0,249.03,91.33
14434,0,46.0,Mobile Phone,2,28,Credit Card,Male,2.5,5,Mobile Phone,2,Divorced,3,0,14.7,2,4,13.0,254.31,63.66
14435,1,1.0,Mobile Phone,3,31,UPI,Female,6.0,6,Mobile Phone,2,Divorced,6,0,11.9,4,4,4.0,182.43,106.9
14436,0,5.0,Mobile Phone,2,30,Debit Card,Female,4.0,5,Mobile Phone,4,Married,5,0,11.7,4,4,3.0,89.25,69.16
14437,0,7.0,Mobile Phone,3,23,Debit Card,Female,5.6,4,Fashion,4,Married,5,1,16.7,3,3,13.0,190.27,113.72
14438,0,27.0,Phone,2,10,Cash on Delivery,Female,2.7,5,Grocery,4,Married,2,0,20.8,2,2,9.0,172.49,116.61
14439,0,61.0,Phone,1,24,Debit Card,Male,2.1,1,Others,4,Single,5,0,20.9,1,2,2.0,241.31,117.55
14440,0,4.0,Phone,3,17,Debit Card,Male,3.5,5,Laptop & Accessory,5,Married,3,0,11.0,2,2,9.0,144.52,42.9
14441,0,37.0,Mobile Phone,2,24,Debit Card,Female,2.3,6,Mobile Phone,5,Married,2,0,20.5,4,1,2.0,260.06,101.54
14442,0,31.0,Phone,3,16,E wallet,Male,3.2,6,Laptop & Accessory,5,Single,6,0,13.2,2,1,1.0,142.73,64.36
14443,0,4.0,Mobile Phone,2,22,Debit Card,Female,1.9,5,Fashion,4,Married,1,0,11.5,1,1,1.0,222.35,64.49
14444,0,9.0,Computer,2,20,Debit Card,Female,2.9,2,Mobile Phone,3,Single,6,0,17.2,1,7,4.0,135.19,89.62
14445,0,9.0,Computer,3,15,E wallet,Male,1.5,6,Mobile Phone,5,Divorced,8,0,19.7,3,1,2.0,177.71,54.39
14446,0,61.0,Mobile Phone,3,30,Credit Card,Male,2.8,2,Laptop & Accessory,3,Single,3,0,11.0,3,6,4.0,100.04,20.0
14447,0,3.0,Mobile Phone,1,29,Credit Card,Male,3.6,3,Grocery,2,Married,7,0,16.3,1,2,4.0,184.37,65.75
14448,0,28.0,Mobile Phone,3,15,Cash on Delivery,Female,3.3,1,Grocery,3,Married,3,0,11.0,4,3,0.0,119.54,120.0
14449,0,7.0,Mobile Phone,3,5,Credit Card,Male,3.6,5,Laptop & Accessory,1,Single,6,0,19.8,4,6,0.0,213.3,54.54
14450,0,23.0,Mobile Phone,1,5,Credit Card,Female,2.1,1,Laptop & Accessory,5,Married,7,0,11.0,2,3,3.0,221.79,62.71
14451,1,9.0,Mobile Phone,3,11,E wallet,Male,2.7,1,Laptop & Accessory,4,Single,3,0,16.1,2,1,0.0,179.32,76.84
14452,0,15.0,Mobile Phone,2,35,Credit Card,Male,1.6,2,Mobile Phone,4,Married,5,1,12.8,1,1,4.0,140.79,54.01
14453,0,,Computer,1,30,Cash on Delivery,Female,3.8,6,Grocery,4,Single,3,0,11.6,2,2,3.0,204.3,59.02
14454,0,29.0,Mobile Phone,3,11,Debit Card,Male,5.7,5,Fashion,3,Single,4,1,11.0,2,4,3.0,237.03,68.8
14455,0,36.0,Phone,1,8,Debit Card,Male,2.8,3,Fashion,1,Single,5,0,,1,1,1.0,169.81,52.59
14456,1,1.0,Computer,2,18,Credit Card,Female,2.4,4,Grocery,4,Married,7,1,14.5,0,1,4.0,154.23,104.3
14457,0,21.0,Mobile Phone,3,28,Cash on Delivery,Female,0.2,3,Fashion,4,Married,4,0,,1,4,7.0,104.39,120.0
14458,1,2.0,Mobile Phone,3,9,Cash on Delivery,Female,2.2,2,Fashion,3,Married,4,1,13.1,0,5,25.0,193.07,78.81
14459,0,9.0,Computer,1,26,Cash on Delivery,Male,,3,Grocery,4,Single,2,0,11.0,2,1,7.0,243.6,50.34
14460,1,14.0,Mobile Phone,2,16,Cash on Delivery,Female,3.4,2,Fashion,2,Married,5,1,13.3,4,2,3.0,265.8,80.27
14461,0,9.0,Mobile Phone,1,8,Debit Card,Male,4.1,2,Fashion,2,Single,3,0,11.0,0,4,0.0,194.24,30.77
14462,0,13.0,Phone,1,7,Cash on Delivery,Male,5.1,1,Fashion,2,Married,4,0,12.1,1,8,4.0,95.93,23.53
14463,1,61.0,Computer,3,22,Cash on Delivery,Male,,6,Others,3,Divorced,8,1,13.4,2,3,11.0,151.8,62.48
14464,0,2.0,Mobile Phone,3,28,UPI,Male,1.9,5,Mobile Phone,5,Married,4,0,15.2,5,3,0.0,250.23,102.83
14465,0,20.0,Computer,2,31,UPI,Male,3.9,4,Laptop & Accessory,5,Single,6,1,11.0,3,8,1.0,229.33,107.26
14466,0,9.0,Computer,3,9,Credit Card,Male,3.1,2,Grocery,3,Single,3,0,15.3,3,6,0.0,117.98,76.81
14467,0,2.0,Mobile Phone,1,30,E wallet,Female,1.7,2,Laptop & Accessory,4,Married,1,0,11.0,0,1,5.0,298.6,86.07
14468,0,3.0,Mobile Phone,3,10,Cash on Delivery,Male,1.5,1,Laptop & Accessory,4,Single,4,1,11.0,2,5,2.0,115.06,71.99
14469,0,53.0,Mobile Phone,2,18,Cash on Delivery,Female,4.0,4,Laptop & Accessory,2,Married,6,0,22.4,2,3,0.0,156.64,62.03
14470,0,38.0,Phone,3,10,Debit Card,Male,3.2,2,Laptop & Accessory,2,Married,9,0,19.4,2,2,8.0,210.18,28.92
14471,0,42.0,Mobile Phone,1,24,Credit Card,Male,1.5,5,Fashion,5,Divorced,5,1,18.3,0,6,3.0,175.23,100.75
14472,0,,Computer,1,29,Credit Card,Female,3.2,5,Grocery,4,Single,7,1,13.7,1,1,1.0,160.5,52.31
14473,0,4.0,Mobile Phone,1,27,Debit Card,Female,1.7,1,Laptop & Accessory,5,Divorced,1,1,11.5,2,6,1.0,180.81,89.76
14474,1,7.0,Mobile Phone,1,16,Debit Card,Female,3.8,2,Laptop & Accessory,3,Divorced,8,0,23.9,1,1,1.0,241.52,63.96
14475,0,19.0,Computer,1,32,Debit Card,Male,4.1,4,Laptop & Accessory,4,Married,4,0,15.8,4,3,2.0,295.38,36.33
14476,1,11.0,Computer,2,30,E wallet,Female,4.2,1,Mobile Phone,2,Married,8,0,11.0,3,2,1.0,198.21,40.19
14477,0,9.0,Mobile Phone,3,16,Cash on Delivery,Female,3.4,1,Grocery,3,Single,9,0,11.0,0,4,3.0,142.28,47.67
14478,0,7.0,Computer,1,33,UPI,Female,3.3,3,Fashion,4,Married,3,1,16.9,5,5,,186.31,68.33
14479,0,16.0,Mobile Phone,1,12,Cash on Delivery,Female,2.8,1,Laptop & Accessory,3,Married,4,0,12.9,1,2,4.0,298.47,100.45
14480,0,15.0,Mobile Phone,3,27,Credit Card,Male,2.0,3,Mobile Phone,2,Married,6,0,21.2,1,1,1.0,228.73,86.27
14481,0,3.0,Mobile Phone,1,24,E wallet,Male,4.4,3,Fashion,3,Single,3,0,15.4,2,5,3.0,260.37,41.19
14482,1,11.0,Mobile Phone,2,29,UPI,Female,3.8,6,Laptop & Accessory,1,Married,9,0,11.0,2,2,7.0,229.84,25.58
14483,0,14.0,Mobile Phone,1,6,Debit Card,Female,2.0,2,Fashion,4,Single,3,1,26.0,2,9,0.0,236.44,85.18
14484,0,15.0,Phone,2,34,Debit Card,Female,1.1,5,Grocery,3,Single,7,0,11.0,3,6,0.0,182.81,120.0
14485,0,4.0,Mobile Phone,1,9,UPI,Male,2.4,4,Grocery,1,Single,7,0,11.0,2,4,3.0,266.45,93.77
14486,0,24.0,Computer,3,34,UPI,Male,4.6,6,Laptop & Accessory,2,Married,5,1,14.5,2,1,4.0,50.0,120.0
14487,0,1.0,Mobile Phone,1,22,E wallet,Female,3.6,1,Grocery,2,Married,6,0,17.8,3,1,0.0,214.14,50.03
14488,0,7.0,Mobile Phone,2,28,E wallet,Male,,6,Fashion,4,Married,1,0,11.0,2,2,5.0,208.72,64.93
14489,0,27.0,Mobile Phone,2,29,UPI,Female,4.6,2,Fashion,1,Married,3,0,19.2,2,3,4.0,127.91,104.88
14490,0,14.0,Mobile Phone,3,7,Debit Card,Female,0.5,4,Fashion,4,Married,3,0,12.0,2,1,10.0,200.68,20.0
14491,1,5.0,Mobile Phone,2,20,Debit Card,Male,2.9,1,Mobile Phone,1,Single,2,0,26.0,0,4,0.0,215.68,76.46
14492,0,21.0,Mobile Phone,1,9,Debit Card,Female,4.5,5,Fashion,2,Married,1,1,17.0,2,5,5.0,76.1,74.47
14493,0,15.0,Mobile Phone,2,13,UPI,Male,1.8,5,Mobile Phone,5,Married,9,0,11.0,1,4,0.0,201.88,106.93
14494,0,28.0,Computer,3,10,Cash on Delivery,Female,1.9,3,Grocery,4,Single,4,0,11.0,0,1,3.0,257.99,35.94
14495,0,23.0,Mobile Phone,1,23,Cash on Delivery,Female,2.7,3,Others,1,Divorced,8,1,18.0,0,3,3.0,280.97,58.26
14496,0,16.0,Mobile Phone,2,26,E wallet,Male,2.4,4,Laptop & Accessory,5,Single,7,1,11.0,2,3,1.0,217.71,44.57
14497,0,12.0,Mobile Phone,1,29,Credit Card,Female,2.5,1,Mobile Phone,3,Married,6,0,14.5,1,6,7.0,175.11,61.76
14498,0,2.0,Mobile Phone,2,31,E wallet,Male,3.2,3,Laptop & Accessory,5,Married,1,0,26.0,2,7,0.0,238.64,28.18
14499,1,5.0,Phone,1,31,Credit Card,Male,2.3,2,Mobile Phone,4,Single,3,0,18.8,3,3,2.0,129.8,80.88
14500,0,,Computer,1,20,UPI,Female,2.6,6,Mobile Phone,4,Married,5,0,18.6,3,5,0.0,227.78,70.05
14501,0,16.0,Computer,2,30,Debit Card,Male,2.0,6,Grocery,5,Divorced,1,0,26.0,2,2,5.0,177.94,56.76
14502,0,12.0,Mobile Phone,3,11,E wallet,Male,2.8,6,Mobile Phone,2,Divorced,1,0,11.0,2,2,0.0,251.52,73.45
14503,0,6.0,Mobile Phone,1,8,E wallet,Male,,3,Others,4,Single,9,0,14.9,0,1,7.0,152.19,78.2
14504,1,1.0,Mobile Phone,3,20,Cash on Delivery,Male,3.1,4,Mobile Phone,3,Single,1,0,13.2,3,7,7.0,283.81,109.58
14505,0,12.0,Mobile Phone,1,24,E wallet,Female,2.3,2,Fashion,1,Single,4,0,11.2,2,5,7.0,253.54,62.1
14506,0,6.0,Computer,1,21,Cash on Delivery,Male,2.1,5,Laptop & Accessory,1,Married,8,0,13.5,3,1,0.0,202.77,104.95
14507,0,23.0,Phone,3,23,Debit Card,Female,2.5,2,Laptop & Accessory,2,Married,9,0,12.3,0,4,,197.85,40.62
14508,0,1.0,Mobile Phone,2,32,Cash on Delivery,Male,2.5,6,Fashion,4,Married,6,0,11.1,3,6,0.0,283.02,46.37
14509,0,15.0,Mobile Phone,2,29,UPI,Male,1.7,4,Mobile Phone,4,Married,8,0,13.2,2,1,7.0,310.07,113.03
14510,0,51.0,Computer,3,21,E wallet,Male,1.8,5,Fashion,4,Married,6,0,11.1,1,4,5.0,160.36,101.56
14511,1,3.0,Computer,3,17,Cash on Delivery,Male,3.6,1,Fashion,1,Single,8,0,,2,2,3.0,162.83,20.0
14512,0,11.0,Mobile Phone,1,6,Cash on Delivery,Female,0.2,4,Mobile Phone,3,Married,7,0,11.0,1,1,5.0,259.33,20.0
14513,0,1.0,Mobile Phone,2,6,Debit Card,Male,3.7,3,Mobile Phone,5,Married,9,0,21.1,0,2,0.0,50.0,110.24
14514,1,,Computer,3,28,UPI,Male,3.4,4,Laptop & Accessory,3,Single,9,1,19.4,3,1,3.0,50.0,61.11
14515,0,14.0,Mobile Phone,1,26,UPI,Female,4.1,4,Laptop & Accessory,4,Single,2,1,17.7,0,2,1.0,136.64,46.13
14516,0,9.0,Computer,1,27,UPI,Male,2.9,4,Fashion,4,Single,5,0,12.2,5,4,14.0,200.87,72.77
14517,1,13.0,Phone,1,31,Cash on Delivery,Male,4.4,5,Mobile Phone,4,Married,2,1,15.3,2,4,7.0,116.13,47.47
14518,0,40.0,Mobile Phone,1,8,Debit Card,Female,,4,Fashion,4,Married,6,0,14.2,1,4,5.0,107.58,65.16
14519,1,3.0,Mobile Phone,3,20,Debit Card,Male,5.9,1,Grocery,5,Married,4,0,15.2,5,3,10.0,153.95,56.25
14520,0,1.0,Mobile Phone,2,31,Cash on Delivery,Female,5.8,4,Fashion,3,Married,8,1,11.0,3,4,1.0,264.75,53.79
14521,0,35.0,Mobile Phone,3,8,Cash on Delivery,Female,,3,Mobile Phone,5,Married,4,0,15.6,2,2,9.0,159.43,20.0
14522,0,15.0,Computer,2,24,Credit Card,Male,6.0,6,Others,2,Married,6,0,17.0,2,2,,249.49,34.08
14523,0,39.0,Mobile Phone,3,16,Debit Card,Male,4.8,2,Mobile Phone,3,Single,1,0,23.7,7,1,5.0,189.33,98.23
14524,1,16.0,Phone,2,26,Cash on Delivery,Male,2.7,5,Laptop & Accessory,1,Divorced,4,0,11.0,2,2,5.0,276.07,88.06
14525,0,29.0,Mobile Phone,2,32,Debit Card,Male,1.5,3,Others,4,Married,4,0,11.0,0,3,,168.78,71.33
14526,0,10.0,Mobile Phone,1,32,UPI,Female,2.4,1,Laptop & Accessory,3,Single,6,0,20.9,2,4,1.0,208.34,89.04
14527,0,24.0,Mobile Phone,1,33,Cash on Delivery,Male,2.5,4,Fashion,2,Married,8,0,11.0,1,2,0.0,196.67,67.24
14528,1,43.0,Phone,3,33,Debit Card,Male,3.7,5,Others,2,Single,4,0,23.7,4,2,23.0,175.13,20.0
14529,0,15.0,Computer,3,24,Credit Card,Male,1.9,6,Grocery,5,Single,4,0,22.1,3,2,0.0,231.51,31.63
14530,1,3.0,Mobile Phone,3,18,Credit Card,Female,3.0,5,Grocery,5,Married,3,1,18.5,4,1,3.0,224.89,79.7
14531,1,5.0,Phone,3,5,UPI,Female,3.8,5,Mobile Phone,4,Married,8,1,11.0,5,2,6.0,197.51,20.0
14532,0,3.0,Mobile Phone,1,21,Debit Card,Female,1.8,6,Mobile Phone,4,Single,6,0,14.0,1,3,0.0,68.53,40.89
14533,0,5.0,Computer,2,28,Debit Card,Male,2.8,6,Laptop & Accessory,3,Married,4,0,14.7,1,2,2.0,113.15,43.6
14534,1,6.0,Phone,3,22,Cash on Delivery,Female,2.0,3,Fashion,3,Married,5,1,16.7,4,2,3.0,128.09,72.64
14535,0,14.0,Computer,2,16,Debit Card,Female,5.1,6,Grocery,5,Single,2,0,18.3,2,1,0.0,197.83,58.91
14536,0,15.0,Mobile Phone,3,29,E wallet,Female,2.2,2,Fashion,2,Single,9,0,11.0,4,1,6.0,181.29,70.59
14537,0,10.0,Phone,2,14,Debit Card,Male,3.4,2,Grocery,3,Single,8,0,21.4,3,2,1.0,138.77,79.31
14538,1,17.0,Mobile Phone,2,28,Cash on Delivery,Male,1.7,6,Laptop & Accessory,3,Divorced,2,1,18.1,1,4,0.0,134.31,75.73
14539,1,1.0,Phone,3,19,Credit Card,Male,2.0,1,Laptop & Accessory,3,Married,8,0,18.1,2,1,3.0,225.2,90.85
14540,0,,Phone,2,21,UPI,Female,2.5,6,Laptop & Accessory,3,Divorced,6,0,13.7,3,2,2.0,140.2,69.99
14541,1,3.0,Mobile Phone,3,30,E wallet,Female,1.5,3,Grocery,4,Married,1,0,17.3,0,2,,50.0,35.26
14542,0,13.0,Mobile Phone,1,15,Debit Card,Female,3.2,3,Laptop & Accessory,2,Married,4,0,11.0,3,4,8.0,193.15,27.55
14543,0,4.0,Computer,2,28,Cash on Delivery,Female,1.2,3,Laptop & Accessory,4,Married,5,0,17.4,2,1,2.0,151.07,77.05
14544,1,5.0,Mobile Phone,1,29,Cash on Delivery,Male,3.1,6,Grocery,2,Single,2,0,24.9,2,1,1.0,229.11,61.76
14545,0,9.0,Computer,2,24,Cash on Delivery,Male,3.1,4,Fashion,2,Single,5,0,19.7,1,3,1.0,138.33,64.52
14546,0,30.0,Mobile Phone,1,11,E wallet,Male,3.2,3,Laptop & Accessory,1,Single,1,0,19.0,1,1,1.0,169.47,45.15
14547,0,1.0,Mobile Phone,1,24,UPI,Male,4.0,3,Grocery,4,Divorced,2,0,19.6,1,4,,200.2,62.89
14548,0,18.0,Computer,2,33,Credit Card,Female,4.2,5,Mobile Phone,3,Married,1,1,22.3,0,6,6.0,51.68,20.0
14549,0,19.0,Mobile Phone,3,23,Credit Card,Female,2.0,6,Laptop & Accessory,4,Divorced,2,1,13.8,1,2,1.0,147.14,22.8
14550,0,28.0,Mobile Phone,3,15,Credit Card,Male,3.5,6,Laptop & Accessory,4,Married,2,0,20.9,0,4,0.0,136.79,120.0
14551,0,48.0,Mobile Phone,1,5,Debit Card,Male,3.0,5,Laptop & Accessory,4,Single,7,0,17.7,1,2,2.0,154.34,20.0
14552,0,1.0,Mobile Phone,3,22,E wallet,Male,4.2,5,Grocery,3,Divorced,7,0,15.4,2,3,0.0,151.9,33.66
14553,0,3.0,Mobile Phone,1,27,Debit Card,Female,2.4,3,Mobile Phone,3,Married,7,0,23.1,2,8,4.0,182.72,29.7
14554,0,39.0,Computer,3,26,UPI,Female,0.9,3,Mobile Phone,3,Divorced,2,0,11.0,2,1,2.0,193.92,29.69
14555,0,11.0,Computer,2,19,Cash on Delivery,Male,2.8,6,Grocery,4,Single,3,0,11.1,0,2,2.0,220.39,50.95
14556,0,14.0,Mobile Phone,3,35,Debit Card,Male,2.9,5,Fashion,3,Single,2,0,11.0,2,2,1.0,213.22,25.49
14557,0,19.0,Mobile Phone,1,17,Debit Card,Female,4.4,1,Others,5,Single,5,0,11.0,1,2,9.0,254.07,85.9
14558,0,,Computer,2,28,E wallet,Male,4.0,1,Laptop & Accessory,5,Single,3,1,12.4,1,2,0.0,240.86,67.32
14559,0,48.0,Mobile Phone,1,31,Credit Card,Female,1.5,2,Laptop & Accessory,2,Married,6,0,14.7,1,3,8.0,266.1,78.45
14560,0,61.0,Mobile Phone,1,20,Debit Card,Female,4.4,4,Grocery,2,Divorced,6,0,17.7,0,2,1.0,256.25,72.37
14561,0,22.0,Mobile Phone,3,23,Cash on Delivery,Male,1.9,4,Others,4,Divorced,5,0,20.3,1,7,8.0,151.7,43.81
14562,0,,Computer,1,10,Debit Card,Male,2.0,2,Mobile Phone,3,Married,2,1,11.0,5,4,5.0,164.33,41.29
14563,1,38.0,Mobile Phone,2,32,Credit Card,Male,3.2,5,Laptop & Accessory,1,Single,8,1,15.7,5,2,0.0,168.86,104.45
14564,0,1.0,Mobile Phone,2,26,Cash on Delivery,Female,3.2,5,Laptop & Accessory,5,Single,6,0,11.0,0,1,7.0,253.34,68.4
14565,1,4.0,Computer,2,32,Credit Card,Female,2.8,3,Laptop & Accessory,2,Single,2,0,11.0,0,2,4.0,169.13,68.62
14566,0,40.0,Computer,1,20,Debit Card,Male,,4,Fashion,5,Married,1,0,16.9,4,1,0.0,230.1,67.95
14567,0,5.0,Mobile Phone,2,22,Credit Card,Male,1.4,3,Laptop & Accessory,4,Married,6,0,,2,3,0.0,70.28,67.62
14568,0,4.0,Mobile Phone,2,5,Credit Card,Female,2.9,3,Mobile Phone,4,Divorced,2,0,18.0,2,4,4.0,58.08,21.46
14569,0,2.0,Computer,3,22,Credit Card,Female,4.5,4,Mobile Phone,2,Single,4,0,18.5,7,2,4.0,261.86,76.21
14570,0,35.0,Mobile Phone,1,13,UPI,Male,2.9,5,Laptop & Accessory,2,Married,4,0,12.1,1,3,5.0,214.6,120.0
14571,1,,Phone,2,17,Credit Card,Male,5.1,1,Laptop & Accessory,4,Married,9,1,21.6,0,1,5.0,256.15,67.09
14572,0,20.0,Phone,2,20,Debit Card,Male,3.0,5,Fashion,2,Married,7,0,11.0,2,1,4.0,93.01,116.95
14573,1,4.0,Mobile Phone,3,26,Credit Card,Male,2.0,5,Laptop & Accessory,3,Divorced,9,0,11.0,1,1,5.0,195.36,69.33
14574,1,25.0,Mobile Phone,2,23,UPI,Female,1.9,3,Mobile Phone,3,Divorced,6,0,17.4,1,4,3.0,95.88,74.08
14575,1,25.0,Phone,1,35,Debit Card,Male,4.3,3,Mobile Phone,2,Single,1,1,16.3,2,2,1.0,238.93,74.69
14576,0,6.0,Mobile Phone,2,30,Debit Card,Female,3.3,3,Mobile Phone,2,Divorced,8,0,11.0,4,4,9.0,187.06,20.0
14577,0,9.0,Mobile Phone,2,27,Cash on Delivery,Female,1.3,4,Laptop & Accessory,4,Single,4,1,11.0,2,7,0.0,178.13,20.0
14578,0,4.0,Computer,2,5,Debit Card,Male,3.2,4,Fashion,2,Single,8,0,17.3,5,5,1.0,237.9,59.65
14579,0,61.0,Mobile Phone,2,34,UPI,Male,3.6,2,Fashion,1,Divorced,3,1,16.5,2,1,5.0,179.91,116.92
14580,0,18.0,Computer,1,33,Credit Card,Male,1.4,3,Grocery,4,Divorced,6,1,11.0,3,2,2.0,177.93,51.13
14581,0,49.0,Computer,2,12,UPI,Male,2.7,4,Fashion,5,Single,4,0,11.1,5,4,0.0,98.6,80.6
14582,0,6.0,Computer,1,14,Credit Card,Female,2.0,2,Fashion,3,Single,4,1,11.0,2,4,0.0,266.43,36.96
14583,0,27.0,Mobile Phone,2,11,E wallet,Male,2.5,6,Laptop & Accessory,2,Married,2,0,11.0,2,2,4.0,192.26,93.44
14584,0,26.0,Mobile Phone,2,7,Debit Card,Male,1.8,3,Mobile Phone,4,Married,4,0,23.2,2,2,13.0,217.19,20.85
14585,0,21.0,Mobile Phone,3,17,E wallet,Male,0.7,3,Fashion,5,Single,1,0,16.4,0,2,3.0,103.77,97.43
14586,0,60.0,Mobile Phone,1,24,Credit Card,Male,1.3,1,Laptop & Accessory,4,Divorced,1,0,22.0,2,3,2.0,268.9,63.8
14587,0,,Computer,1,15,Cash on Delivery,Female,4.2,4,Fashion,4,Married,5,1,13.2,2,3,1.0,195.07,59.39
14588,0,2.0,Mobile Phone,3,27,Credit Card,Male,2.3,2,Others,3,Married,1,1,11.0,1,1,1.0,288.19,85.73
14589,0,20.0,Mobile Phone,1,24,UPI,Female,5.2,3,Others,4,Married,3,0,11.0,2,3,0.0,244.95,105.49
14590,0,23.0,Computer,2,9,Credit Card,Male,1.7,4,Grocery,1,Single,3,0,11.0,3,4,1.0,50.0,20.0
14591,0,15.0,Mobile Phone,1,17,UPI,Female,3.3,2,Grocery,4,Married,4,0,11.9,3,1,2.0,231.27,85.61
14592,0,4.0,Mobile Phone,2,16,Credit Card,Male,3.3,1,Laptop & Accessory,4,Married,1,0,11.0,4,1,0.0,239.47,20.0
14593,0,12.0,Mobile Phone,2,20,Credit Card,Male,3.0,2,Mobile Phone,5,Married,7,0,12.7,3,3,0.0,222.17,44.91
14594,0,6.0,Computer,2,21,Credit Card,Male,,3,Grocery,3,Married,4,1,11.6,2,4,5.0,196.51,20.0
14595,1,10.0,Mobile Phone,2,18,Cash on Delivery,Male,1.5,5,Laptop & Accessory,1,Single,7,0,20.2,0,3,9.0,172.18,56.93
14596,0,18.0,Mobile Phone,1,25,Credit Card,Female,4.3,5,Laptop & Accessory,4,Divorced,5,0,18.2,7,3,11.0,181.77,71.03
14597,1,24.0,Mobile Phone,2,30,Cash on Delivery,Male,2.6,1,Fashion,4,Married,1,1,12.7,4,3,3.0,267.64,93.78
14598,0,4.0,Phone,3,34,Credit Card,Female,3.5,6,Mobile Phone,4,Married,4,0,17.9,3,3,0.0,271.92,74.54
14599,0,9.0,Mobile Phone,2,14,Debit Card,Male,2.8,3,Fashion,2,Single,5,0,11.0,2,2,,172.67,66.6
14600,0,5.0,Computer,1,17,E wallet,Male,4.8,3,Laptop & Accessory,3,Single,4,0,11.0,3,4,0.0,136.35,92.87
14601,0,3.0,Phone,2,34,Debit Card,Male,1.9,4,Laptop & Accessory,4,Single,7,0,14.4,2,1,4.0,259.37,105.39
14602,0,27.0,Mobile Phone,2,16,Credit Card,Female,1.2,5,Grocery,3,Single,1,1,15.6,3,2,6.0,238.64,96.48
14603,0,43.0,Mobile Phone,1,8,Credit Card,Male,3.8,4,Grocery,5,Single,9,0,14.2,4,5,5.0,195.59,120.0
14604,0,8.0,Phone,2,23,UPI,Male,3.2,3,Mobile Phone,3,Single,6,0,23.1,1,2,12.0,125.03,48.99
14605,0,25.0,Mobile Phone,1,16,UPI,Male,3.4,1,Others,4,Single,8,0,19.1,2,4,5.0,82.07,103.37
14606,0,40.0,Mobile Phone,1,29,Cash on Delivery,Male,4.5,6,Laptop & Accessory,4,Single,8,0,21.2,2,4,4.0,228.14,20.99
14607,0,33.0,Computer,2,5,Cash on Delivery,Female,3.3,5,Mobile Phone,4,Divorced,9,1,11.7,0,3,,149.39,27.62
14608,1,3.0,Mobile Phone,3,14,UPI,Male,,4,Laptop & Accessory,3,Single,5,1,17.0,3,1,10.0,147.82,64.59
14609,0,56.0,Phone,3,25,Debit Card,Female,3.0,1,Laptop & Accessory,5,Single,8,1,,3,3,,208.29,50.64
14610,1,8.0,Mobile Phone,1,30,Debit Card,Male,5.4,3,Fashion,3,Married,8,0,11.0,2,2,9.0,150.22,86.16
14611,0,7.0,Phone,2,33,Cash on Delivery,Female,3.4,2,Fashion,4,Single,6,0,17.0,2,3,1.0,152.73,78.72
14612,1,1.0,Phone,1,6,Credit Card,Female,3.9,2,Mobile Phone,2,Married,8,0,11.0,1,3,0.0,139.3,112.29
14613,0,11.0,Mobile Phone,3,9,UPI,Female,2.0,5,Grocery,3,Married,5,0,11.0,2,5,7.0,222.55,81.29
14614,1,2.0,Mobile Phone,2,25,E wallet,Male,,6,Mobile Phone,3,Single,8,0,17.6,1,1,0.0,123.58,79.1
14615,1,5.0,Phone,1,30,Credit Card,Female,2.5,6,Mobile Phone,3,Single,3,0,11.0,3,1,7.0,91.64,30.91
14616,1,6.0,Phone,3,31,Credit Card,Male,0.9,1,Fashion,5,Married,4,1,20.8,1,2,1.0,122.98,57.39
14617,0,29.0,Mobile Phone,1,21,Credit Card,Female,3.3,4,Laptop & Accessory,2,Single,3,0,13.7,1,5,8.0,266.41,92.81
14618,0,37.0,Mobile Phone,1,8,Credit Card,Male,3.2,1,Laptop & Accessory,4,Married,5,0,14.0,1,3,4.0,145.17,120.0
14619,0,6.0,Computer,1,11,E wallet,Male,3.4,5,Grocery,5,Single,5,0,,2,3,4.0,209.52,39.74
14620,1,35.0,Mobile Phone,2,19,Cash on Delivery,Male,2.7,3,Laptop & Accessory,1,Divorced,5,0,14.2,6,1,1.0,161.47,100.32
14621,0,35.0,Mobile Phone,1,5,UPI,Female,4.3,6,Grocery,4,Single,2,0,16.7,3,3,0.0,168.17,65.49
14622,0,26.0,Mobile Phone,2,32,Debit Card,Male,3.4,1,Fashion,3,Divorced,9,0,11.0,4,3,7.0,262.45,68.57
14623,0,,Mobile Phone,3,33,Cash on Delivery,Female,2.6,5,Grocery,1,Single,7,0,11.0,1,5,0.0,187.59,40.42
14624,0,21.0,Mobile Phone,3,18,Cash on Delivery,Male,4.3,5,Laptop & Accessory,3,Single,8,0,11.0,2,3,1.0,280.03,50.66
14625,0,,Mobile Phone,3,30,Credit Card,Male,3.4,4,Fashion,5,Married,2,1,12.3,1,2,3.0,296.34,62.27
14626,1,20.0,Computer,3,19,E wallet,Female,3.2,3,Grocery,1,Single,7,0,17.9,2,2,2.0,275.05,91.52
14627,0,7.0,Computer,2,6,Credit Card,Female,2.4,1,Laptop & Accessory,4,Single,3,0,26.0,1,7,0.0,148.81,110.26
14628,0,12.0,Mobile Phone,1,24,Debit Card,Female,5.4,5,Grocery,4,Divorced,5,0,11.4,1,1,0.0,190.56,50.52
14629,0,18.0,Computer,1,30,UPI,Male,1.8,3,Mobile Phone,5,Married,7,0,11.1,3,1,0.0,268.97,48.44
14630,1,12.0,Computer,1,6,UPI,Male,2.6,4,Laptop & Accessory,1,Single,9,1,17.0,1,3,7.0,227.78,87.58
14631,0,2.0,Computer,3,20,Debit Card,Female,2.6,5,Fashion,4,Married,1,0,16.3,1,5,0.0,249.84,57.58
14632,0,6.0,Computer,2,6,Credit Card,Female,2.8,4,Laptop & Accessory,4,Married,6,0,16.5,0,2,15.0,255.0,97.11
14633,0,29.0,Mobile Phone,3,20,Cash on Delivery,Male,3.7,3,Others,4,Single,6,1,13.5,2,5,,258.21,84.1
14634,0,35.0,Phone,1,21,Debit Card,Female,3.5,4,Others,5,Divorced,2,0,11.0,0,2,0.0,121.14,47.26
14635,0,2.0,Computer,1,22,Cash on Delivery,Male,3.7,1,Laptop & Accessory,5,Married,9,0,16.2,4,2,3.0,176.92,92.71
14636,0,54.0,Computer,3,23,Debit Card,Male,2.9,4,Laptop & Accessory,1,Married,5,0,,2,3,0.0,141.52,79.95
14637,0,7.0,Mobile Phone,3,20,UPI,Male,4.4,2,Fashion,3,Married,9,0,11.0,4,6,3.0,173.29,58.23
14638,0,19.0,Computer,2,8,Cash on Delivery,Male,2.1,2,Fashion,3,Married,4,1,,2,1,7.0,192.99,78.94
14639,0,25.0,Mobile Phone,1,21,UPI,Female,2.0,2,Fashion,3,Married,5,0,19.4,3,2,0.0,186.47,35.29
14640,0,,Mobile Phone,1,5,Debit Card,Female,1.5,2,Grocery,3,Married,5,0,18.3,3,4,6.0,144.87,52.85
14641,0,52.0,Computer,1,27,Cash on Delivery,Male,2.5,1,Laptop & Accessory,3,Single,5,0,12.6,2,7,2.0,104.25,88.62
14642,0,6.0,Computer,3,25,Debit Card,Female,3.1,5,Mobile Phone,3,Single,9,0,16.3,2,2,0.0,88.78,56.9
14643,0,35.0,Mobile Phone,1,17,Cash on Delivery,Male,2.3,2,Fashion,5,Married,1,0,11.0,3,3,0.0,289.91,78.53
14644,1,2.0,Computer,2,11,Debit Card,Female,,6,Laptop & Accessory,1,Divorced,8,0,11.0,1,5,10.0,254.54,21.35
14645,0,21.0,Computer,3,30,Debit Card,Male,4.3,2,Grocery,5,Divorced,7,0,14.4,2,3,0.0,200.64,63.16
14646,0,24.0,Computer,2,13,E wallet,Male,2.2,5,Grocery,3,Married,1,0,11.0,2,2,8.0,50.0,72.31
14647,0,20.0,Phone,2,18,UPI,Female,2.6,2,Fashion,4,Married,2,1,14.2,0,6,3.0,130.84,46.35
14648,0,5.0,Phone,3,35,Credit Card,Male,3.5,6,Mobile Phone,5,Single,1,0,14.7,5,6,0.0,210.11,68.36
14649,0,37.0,Computer,2,5,UPI,Female,1.0,5,Fashion,3,Single,4,0,,3,4,2.0,230.86,71.71
14650,0,3.0,Mobile Phone,2,12,Credit Card,Male,1.6,2,Laptop & Accessory,3,Single,9,0,26.0,1,5,6.0,161.41,34.22
14651,0,1.0,Mobile Phone,1,14,Cash on Delivery,Male,3.9,6,Fashion,3,Married,1,1,11.4,1,2,5.0,213.39,20.0
14652,1,22.0,Phone,2,35,E wallet,Male,0.8,5,Laptop & Accessory,3,Single,3,1,16.3,0,2,2.0,174.4,37.75
14653,0,11.0,Mobile Phone,1,8,Credit Card,Female,1.2,5,Laptop & Accessory,5,Single,7,1,13.9,2,2,7.0,248.17,20.0
14654,0,34.0,Computer,2,29,UPI,Female,1.0,3,Mobile Phone,5,Single,4,0,20.6,1,5,,177.8,86.78
14655,1,8.0,Mobile Phone,1,17,UPI,Male,,4,Fashion,2,Married,6,1,13.0,2,3,9.0,175.76,98.97
14656,1,3.0,Mobile Phone,2,22,Debit Card,Female,1.5,5,Laptop & Accessory,2,Single,7,0,11.0,0,1,7.0,150.07,29.81
14657,0,32.0,Mobile Phone,1,13,Credit Card,Female,2.0,2,Laptop & Accessory,3,Married,6,0,17.5,1,2,4.0,225.35,33.11
14658,0,14.0,Computer,1,12,Cash on Delivery,Male,4.4,1,Mobile Phone,1,Married,8,0,11.0,3,1,6.0,204.98,53.77
14659,0,3.0,Mobile Phone,2,34,Debit Card,Male,2.8,5,Grocery,4,Divorced,2,1,11.0,2,1,,110.6,44.97
14660,1,22.0,Phone,3,10,Debit Card,Male,3.3,2,Mobile Phone,2,Divorced,1,1,11.9,3,1,4.0,203.29,42.45
14661,1,12.0,Computer,2,25,Debit Card,Female,3.4,5,Grocery,4,Single,7,1,12.2,0,4,3.0,191.21,20.0
14662,0,16.0,Computer,1,23,Credit Card,Male,4.3,3,Others,1,Married,3,1,12.9,2,6,1.0,237.81,63.37
14663,0,11.0,Computer,2,20,Debit Card,Male,2.4,1,Fashion,3,Married,4,0,12.4,0,3,3.0,174.61,37.38
14664,0,31.0,Computer,1,5,Credit Card,Female,2.9,1,Grocery,4,Single,7,0,15.8,0,3,1.0,121.56,20.0
14665,0,31.0,Phone,1,19,UPI,Female,2.7,2,Fashion,3,Single,2,0,11.0,4,2,2.0,152.9,50.31
14666,0,22.0,Mobile Phone,3,10,Cash on Delivery,Female,1.8,4,Fashion,5,Married,7,1,17.6,0,3,1.0,290.06,68.98
14667,1,2.0,Computer,2,14,Credit Card,Female,2.8,3,Laptop & Accessory,5,Single,4,0,11.0,3,3,0.0,167.24,58.25
14668,0,32.0,Mobile Phone,1,9,UPI,Female,3.4,4,Fashion,3,Married,9,1,11.0,2,4,1.0,242.0,80.08
14669,1,20.0,Phone,3,12,Debit Card,Male,4.0,1,Fashion,1,Single,1,0,11.0,3,2,7.0,97.78,120.0
14670,0,21.0,Mobile Phone,1,5,E wallet,Male,1.9,6,Fashion,5,Single,3,0,12.5,1,4,1.0,203.76,63.49
14671,1,8.0,Mobile Phone,1,17,E wallet,Female,4.3,1,Laptop & Accessory,5,Married,8,0,20.8,5,3,5.0,88.0,107.07
14672,0,,Mobile Phone,2,30,Cash on Delivery,Female,2.5,6,Mobile Phone,5,Single,7,0,14.8,1,3,0.0,184.21,22.42
14673,1,23.0,Phone,2,20,UPI,Female,4.5,4,Others,2,Single,2,1,12.2,3,2,2.0,135.57,20.0
14674,0,2.0,Mobile Phone,3,21,Cash on Delivery,Female,3.0,6,Grocery,5,Single,5,0,14.8,2,2,0.0,124.53,39.52
14675,0,,Mobile Phone,2,11,Cash on Delivery,Male,3.3,6,Mobile Phone,3,Single,7,0,11.0,4,6,0.0,117.42,52.73
14676,0,39.0,Computer,1,19,Debit Card,Male,,5,Mobile Phone,4,Single,5,0,11.0,2,4,3.0,167.17,28.93
14677,1,1.0,Computer,2,28,Debit Card,Female,4.9,4,Grocery,5,Single,1,0,11.0,4,1,3.0,65.97,83.49
14678,0,,Mobile Phone,3,18,Debit Card,Male,1.9,6,Mobile Phone,2,Married,5,0,11.0,2,4,0.0,93.65,46.36
14679,0,20.0,Computer,2,30,Cash on Delivery,Female,4.2,4,Fashion,5,Divorced,3,0,26.0,1,2,2.0,185.62,59.72
14680,1,17.0,Mobile Phone,1,32,Debit Card,Female,1.7,6,Grocery,3,Married,1,1,26.0,2,3,,75.17,63.84
14681,0,5.0,Computer,2,21,Cash on Delivery,Male,2.2,5,Laptop & Accessory,5,Married,4,0,26.0,2,1,0.0,88.7,101.44
14682,0,5.0,Mobile Phone,2,29,UPI,Female,5.0,5,Grocery,3,Single,7,0,11.0,1,5,0.0,287.2,46.52
14683,0,51.0,Mobile Phone,2,27,Cash on Delivery,Female,3.8,6,Others,5,Married,7,0,25.5,0,1,4.0,274.27,50.16
14684,0,6.0,Mobile Phone,1,11,E wallet,Male,3.3,5,Laptop & Accessory,1,Divorced,2,0,11.0,4,2,0.0,130.05,101.83
14685,0,26.0,Mobile Phone,2,28,Cash on Delivery,Female,3.2,3,Laptop & Accessory,4,Married,2,0,24.9,2,1,15.0,199.74,109.08
14686,0,8.0,Mobile Phone,2,18,Credit Card,Male,4.3,1,Fashion,4,Married,1,0,17.6,2,3,3.0,130.56,108.95
14687,0,2.0,Phone,3,12,Debit Card,Male,3.4,6,Mobile Phone,3,Single,2,0,11.0,6,3,2.0,133.1,107.45
14688,1,1.0,Phone,1,17,Debit Card,Female,3.0,1,Laptop & Accessory,2,Single,9,0,24.9,4,2,2.0,50.0,20.0
14689,0,14.0,Mobile Phone,1,5,Cash on Delivery,Female,3.6,5,Fashion,4,Single,9,0,24.7,3,4,3.0,271.72,35.51
14690,0,61.0,Phone,3,8,Debit Card,Male,2.8,6,Others,2,Single,7,1,11.0,1,1,0.0,213.27,120.0
14691,0,8.0,Phone,1,33,E wallet,Female,2.5,6,Fashion,4,Single,3,1,17.0,5,4,10.0,224.54,81.99
14692,0,,Mobile Phone,1,33,E wallet,Female,2.1,5,Others,3,Divorced,8,0,11.0,4,3,3.0,211.94,117.87
14693,0,7.0,Computer,1,15,UPI,Male,1.7,3,Fashion,5,Single,4,0,12.6,2,2,0.0,168.05,91.99
14694,0,13.0,Mobile Phone,3,13,Debit Card,Male,3.6,3,Laptop & Accessory,1,Married,5,0,12.7,3,1,3.0,150.86,80.65
14695,1,10.0,Computer,1,23,Cash on Delivery,Male,2.8,2,Grocery,2,Married,5,0,12.5,2,2,0.0,177.92,81.69
14696,0,38.0,Mobile Phone,1,26,Debit Card,Female,1.0,4,Mobile Phone,2,Married,2,1,24.7,4,3,0.0,267.94,60.42
14697,0,12.0,Phone,2,8,Cash on Delivery,Female,2.5,1,Fashion,3,Married,9,1,11.0,0,4,3.0,181.38,66.18
14698,0,12.0,Computer,1,5,UPI,Female,3.3,6,Mobile Phone,2,Divorced,6,0,13.7,0,1,4.0,296.47,31.22
14699,1,2.0,Mobile Phone,2,23,UPI,Female,2.2,1,Mobile Phone,3,Married,6,0,19.5,1,3,3.0,133.38,48.47
14700,0,61.0,Mobile Phone,3,23,Credit Card,Male,3.3,3,Laptop & Accessory,5,Married,1,0,11.0,1,2,0.0,90.6,51.91
14701,0,5.0,Mobile Phone,1,35,Debit Card,Male,0.3,4,Fashion,4,Single,2,0,11.0,2,6,3.0,124.68,76.21
14702,0,1.0,Mobile Phone,1,33,E wallet,Female,4.9,3,Mobile Phone,4,Married,4,1,,1,3,0.0,170.4,86.8
14703,0,19.0,Mobile Phone,2,23,Debit Card,Female,3.3,6,Mobile Phone,1,Married,8,0,23.1,1,8,3.0,263.33,93.31
14704,0,16.0,Mobile Phone,2,15,E wallet,Male,0.7,2,Laptop & Accessory,4,Single,8,0,12.4,2,4,3.0,150.92,120.0
14705,1,9.0,Phone,3,10,UPI,Female,0.0,6,Mobile Phone,2,Married,9,0,20.1,3,1,4.0,92.52,93.37
14706,0,9.0,Phone,1,29,Credit Card,Female,3.3,2,Grocery,4,Divorced,1,0,24.3,1,2,9.0,180.78,88.73
14707,0,27.0,Mobile Phone,2,11,E wallet,Female,1.9,2,Others,3,Married,8,0,12.6,4,2,7.0,253.31,25.15
14708,0,3.0,Mobile Phone,1,27,Debit Card,Female,3.4,6,Mobile Phone,3,Divorced,4,0,19.7,1,8,15.0,179.73,20.0
14709,0,30.0,Mobile Phone,2,5,UPI,Male,4.0,6,Grocery,3,Single,5,0,12.5,0,1,14.0,192.1,75.88
14710,0,18.0,Computer,2,33,Debit Card,Male,2.1,3,Others,5,Married,5,0,11.0,3,3,5.0,178.38,55.9
14711,1,9.0,Mobile Phone,3,19,Debit Card,Female,3.9,4,Laptop & Accessory,2,Married,7,1,15.0,4,6,12.0,167.37,69.4
14712,1,11.0,Computer,1,29,Debit Card,Male,4.1,6,Laptop & Accessory,4,Single,3,0,13.5,1,3,8.0,324.01,32.16
14713,1,5.0,Mobile Phone,1,8,Cash on Delivery,Male,,5,Laptop & Accessory,2,Married,5,1,11.0,1,1,5.0,258.82,65.27
14714,0,25.0,Mobile Phone,2,17,Credit Card,Male,4.6,1,Others,4,Married,7,0,13.0,1,2,0.0,292.43,50.14
14715,1,12.0,Mobile Phone,2,28,UPI,Male,1.9,5,Mobile Phone,5,Single,6,0,13.6,3,3,0.0,353.08,78.86
14716,0,6.0,Computer,1,16,Debit Card,Female,1.4,4,Fashion,3,Single,2,1,16.7,1,4,7.0,257.19,83.05
14717,0,16.0,Computer,1,5,Debit Card,Male,1.0,6,Others,3,Single,8,0,21.2,2,1,2.0,151.76,74.62
14718,0,61.0,Mobile Phone,3,12,Credit Card,Female,,3,Mobile Phone,5,Single,9,1,21.2,2,6,6.0,232.98,31.24
14719,0,10.0,Phone,2,29,Debit Card,Male,3.5,3,Mobile Phone,4,Married,9,0,14.5,1,3,,294.67,60.86
14720,0,45.0,Mobile Phone,2,25,Credit Card,Female,3.8,6,Others,3,Married,9,0,11.7,0,4,2.0,212.02,115.75
14721,0,7.0,Mobile Phone,1,27,Debit Card,Male,2.9,3,Laptop & Accessory,4,Single,2,0,23.0,2,2,4.0,159.29,49.78
14722,0,1.0,Mobile Phone,3,15,Credit Card,Male,3.4,2,Fashion,4,Married,3,1,,1,5,9.0,262.42,44.79
14723,1,4.0,Computer,3,14,Cash on Delivery,Male,3.4,2,Mobile Phone,2,Divorced,4,1,11.4,2,5,0.0,103.58,88.2
14724,0,9.0,Mobile Phone,3,6,Cash on Delivery,Male,3.5,2,Grocery,5,Single,2,0,16.0,3,8,7.0,188.49,48.21
14725,0,4.0,Computer,1,21,UPI,Female,3.6,5,Mobile Phone,3,Single,6,0,11.0,2,4,6.0,225.53,38.03
14726,1,1.0,Phone,3,32,Credit Card,Male,4.1,6,Grocery,1,Married,7,0,,0,2,1.0,173.54,44.35
14727,0,44.0,Mobile Phone,2,17,Credit Card,Male,1.5,6,Mobile Phone,4,Divorced,9,1,11.8,3,3,1.0,217.53,94.1
14728,0,33.0,Phone,2,31,Credit Card,Female,2.1,1,Laptop & Accessory,3,Married,1,0,11.0,2,2,0.0,219.15,59.26
14729,0,24.0,Phone,3,26,UPI,Male,3.6,3,Mobile Phone,2,Married,7,1,17.3,4,1,0.0,213.6,89.31
14730,0,3.0,Computer,3,13,Cash on Delivery,Female,1.0,3,Laptop & Accessory,4,Married,5,0,21.5,4,3,2.0,168.69,100.47
14731,0,2.0,Computer,2,20,UPI,Female,2.8,5,Laptop & Accessory,5,Single,3,0,25.2,4,3,0.0,155.82,51.99
14732,0,1.0,Computer,2,32,Credit Card,Male,4.2,6,Laptop & Accessory,5,Single,5,0,12.0,4,1,0.0,173.08,60.22
14733,1,23.0,Phone,3,21,UPI,Male,4.8,1,Mobile Phone,5,Married,6,1,13.3,0,1,7.0,97.7,57.96
14734,0,47.0,Computer,2,34,UPI,Female,3.8,1,Laptop & Accessory,5,Single,4,0,11.0,2,1,3.0,262.57,41.09
14735,0,10.0,Computer,3,14,UPI,Female,3.5,5,Fashion,1,Single,9,1,18.2,1,2,4.0,212.47,95.09
14736,0,2.0,Computer,3,21,UPI,Male,4.1,3,Fashion,3,Single,1,0,11.0,3,2,0.0,190.12,52.32
14737,0,12.0,Mobile Phone,1,24,UPI,Female,3.5,4,Grocery,5,Married,6,0,12.7,2,1,7.0,139.36,33.87
14738,1,7.0,Mobile Phone,1,14,Cash on Delivery,Male,3.8,4,Laptop & Accessory,3,Single,2,0,16.7,1,1,8.0,187.73,116.25
14739,0,8.0,Phone,1,26,Credit Card,Female,5.3,1,Mobile Phone,4,Married,7,1,11.3,4,2,2.0,186.53,58.17
14740,1,17.0,Mobile Phone,1,18,Credit Card,Male,3.1,1,Fashion,4,Married,9,1,12.4,2,2,9.0,153.87,63.14
14741,0,22.0,Computer,2,19,Debit Card,Male,2.7,3,Mobile Phone,3,Single,6,0,20.9,1,3,7.0,243.01,47.73
14742,0,2.0,Computer,1,13,UPI,Male,4.6,1,Mobile Phone,5,Single,9,0,14.7,0,7,5.0,112.17,30.51
14743,0,1.0,Mobile Phone,1,6,UPI,Male,2.9,5,Mobile Phone,4,Married,8,0,22.2,1,3,5.0,125.37,20.21
14744,0,61.0,Mobile Phone,1,18,Cash on Delivery,Male,3.6,4,Mobile Phone,3,Married,5,0,24.8,3,2,0.0,246.69,90.95
14745,0,4.0,Computer,2,25,UPI,Male,3.9,4,Mobile Phone,5,Married,8,1,18.2,1,1,,270.25,48.03
14746,0,1.0,Computer,1,11,Credit Card,Male,1.6,1,Fashion,3,Single,5,0,13.3,1,1,0.0,196.74,20.0
14747,0,3.0,Computer,2,32,UPI,Female,3.0,5,Others,2,Divorced,8,0,,1,1,0.0,120.77,40.47
14748,0,1.0,Mobile Phone,2,8,E wallet,Female,2.4,6,Mobile Phone,4,Single,7,0,11.0,3,4,0.0,259.34,56.44
14749,0,8.0,Computer,2,17,Cash on Delivery,Male,2.5,1,Grocery,5,Single,5,0,11.0,1,3,8.0,192.69,42.73
14750,0,29.0,Mobile Phone,3,26,Debit Card,Female,4.0,1,Fashion,4,Single,8,0,19.6,1,2,1.0,187.39,79.91
14751,1,7.0,Phone,3,26,Cash on Delivery,Male,1.6,6,Fashion,4,Married,6,0,26.0,2,3,14.0,272.69,52.35
14752,0,10.0,Mobile Phone,1,8,UPI,Male,2.7,5,Grocery,4,Married,7,0,,2,2,3.0,230.09,90.74
14753,1,20.0,Computer,1,8,UPI,Male,3.3,5,Fashion,3,Married,5,0,16.1,1,2,1.0,157.9,90.94
14754,0,12.0,Computer,1,13,Debit Card,Male,2.9,2,Laptop & Accessory,5,Single,8,1,12.2,1,5,2.0,85.77,34.89
14755,0,35.0,Mobile Phone,2,15,E wallet,Male,3.4,4,Grocery,5,Single,8,0,18.3,4,6,0.0,161.05,43.11
14756,0,36.0,Computer,3,5,Cash on Delivery,Female,,1,Others,2,Married,1,0,21.9,1,6,16.0,208.43,96.67
14757,1,1.0,Mobile Phone,3,17,E wallet,Male,3.8,3,Grocery,2,Single,8,1,19.5,2,5,7.0,218.25,73.53
14758,1,27.0,Mobile Phone,2,25,Cash on Delivery,Female,4.3,1,Mobile Phone,5,Married,8,1,15.4,2,4,0.0,106.44,85.88
14759,0,11.0,Mobile Phone,3,31,Debit Card,Female,5.8,1,Others,5,Married,7,1,21.2,1,3,11.0,141.04,85.98
14760,0,61.0,Mobile Phone,3,29,Debit Card,Male,4.1,3,Laptop & Accessory,5,Married,6,1,16.8,7,2,5.0,50.0,44.58
14761,0,11.0,Computer,1,13,E wallet,Female,2.9,6,Mobile Phone,5,Married,3,0,18.1,3,4,0.0,200.78,120.0
14762,0,61.0,Phone,3,29,Credit Card,Female,3.5,4,Laptop & Accessory,4,Single,7,0,,2,1,4.0,77.15,94.55
14763,0,25.0,Computer,3,22,Debit Card,Female,2.6,2,Mobile Phone,4,Married,4,0,11.0,3,2,4.0,152.5,52.28
14764,0,5.0,Computer,1,11,Debit Card,Male,4.3,5,Laptop & Accessory,4,Married,8,0,14.9,2,4,0.0,126.14,96.04
14765,0,13.0,Mobile Phone,3,18,Debit Card,Female,3.3,2,Grocery,1,Divorced,5,1,15.7,1,3,5.0,220.37,61.58
14766,0,61.0,Mobile Phone,1,30,Debit Card,Female,4.9,1,Laptop & Accessory,4,Single,3,0,11.0,3,3,0.0,203.03,68.63
14767,0,35.0,Computer,1,28,Credit Card,Male,2.6,1,Fashion,4,Divorced,6,0,11.0,5,2,2.0,135.98,46.4
14768,0,1.0,Mobile Phone,3,21,Debit Card,Female,2.7,3,Fashion,4,Divorced,6,1,11.2,2,2,0.0,189.25,38.39
14769,0,22.0,Computer,3,22,UPI,Female,2.8,6,Mobile Phone,4,Married,6,0,21.2,0,2,,220.53,88.22
14770,0,7.0,Computer,2,5,Credit Card,Female,2.4,3,Laptop & Accessory,3,Married,8,1,13.8,2,3,5.0,198.22,44.08
14771,0,1.0,Mobile Phone,1,33,Cash on Delivery,Male,3.7,1,Fashion,2,Married,1,0,15.8,0,4,0.0,50.0,41.72
14772,0,9.0,Computer,2,13,UPI,Male,3.3,2,Laptop & Accessory,3,Single,1,0,16.9,2,3,1.0,318.51,55.42
14773,1,4.0,Phone,1,14,Debit Card,Male,3.4,2,Laptop & Accessory,2,Married,7,1,18.8,0,4,0.0,212.26,32.68
14774,0,30.0,Computer,2,20,Credit Card,Male,0.6,4,Grocery,2,Single,3,0,18.0,0,2,5.0,247.4,66.53
14775,0,7.0,Mobile Phone,1,15,Credit Card,Male,1.8,6,Mobile Phone,5,Married,8,1,15.4,1,4,0.0,136.65,49.47
14776,0,31.0,Computer,2,25,UPI,Male,2.9,1,Mobile Phone,2,Married,3,0,14.2,3,3,7.0,123.97,94.97
14777,0,1.0,Computer,1,8,Debit Card,Male,3.1,6,Others,3,Married,6,0,21.6,2,2,11.0,148.19,95.84
14778,1,6.0,Computer,1,28,Credit Card,Male,4.9,5,Laptop & Accessory,4,Single,1,1,12.0,5,4,4.0,300.01,64.54
14779,0,4.0,Computer,3,23,Cash on Delivery,Female,1.9,5,Laptop & Accessory,4,Married,2,0,23.2,1,2,0.0,160.93,39.93
14780,0,4.0,Mobile Phone,2,12,Debit Card,Male,1.6,2,Mobile Phone,2,Married,7,0,11.6,1,4,1.0,176.18,58.88
14781,0,1.0,Mobile Phone,1,7,Credit Card,Male,1.7,3,Fashion,4,Married,6,0,13.3,3,8,2.0,291.38,53.92
14782,1,3.0,Mobile Phone,2,26,Credit Card,Female,3.1,3,Mobile Phone,4,Married,1,1,19.2,2,3,3.0,158.34,112.45
14783,1,14.0,Mobile Phone,1,8,Credit Card,Female,3.9,2,Laptop & Accessory,2,Married,7,0,26.0,2,3,4.0,180.94,54.98
14784,0,6.0,Computer,2,33,Cash on Delivery,Male,2.3,4,Mobile Phone,3,Married,4,1,11.0,1,1,3.0,100.46,71.83
14785,1,9.0,Mobile Phone,2,34,UPI,Female,3.2,1,Mobile Phone,5,Single,1,0,20.2,2,4,1.0,296.7,84.37
14786,1,8.0,Computer,1,35,Cash on Delivery,Male,1.6,5,Others,5,Married,9,0,17.8,2,2,8.0,134.44,108.56
14787,0,37.0,Mobile Phone,2,35,UPI,Male,1.5,2,Laptop & Accessory,4,Single,3,1,12.3,2,3,0.0,169.66,54.42
14788,0,,Computer,3,12,Debit Card,Male,2.5,6,Fashion,1,Married,9,0,17.2,1,4,2.0,50.0,20.96
14789,1,12.0,Mobile Phone,3,27,Cash on Delivery,Female,4.0,3,Mobile Phone,3,Married,7,0,11.0,1,6,5.0,169.76,68.69
14790,0,7.0,Mobile Phone,1,16,Debit Card,Male,2.2,1,Grocery,4,Single,8,1,11.0,2,6,0.0,175.37,99.03
14791,1,2.0,Mobile Phone,3,9,E wallet,Female,2.8,5,Fashion,2,Single,7,1,17.6,3,1,,155.01,76.5
14792,0,55.0,Mobile Phone,1,33,Debit Card,Female,1.9,4,Mobile Phone,3,Married,9,0,11.0,1,2,6.0,75.68,48.52
14793,0,1.0,Mobile Phone,2,34,Cash on Delivery,Female,1.7,2,Fashion,4,Single,3,0,15.9,1,4,4.0,212.72,54.88
14794,1,6.0,Phone,1,35,Debit Card,Male,3.5,1,Mobile Phone,3,Single,8,1,11.0,3,1,0.0,65.99,39.26
14795,1,6.0,Mobile Phone,2,33,UPI,Male,2.3,6,Fashion,4,Married,2,1,12.3,1,2,0.0,80.59,58.16
14796,0,6.0,Phone,2,7,Credit Card,Female,1.3,5,Grocery,5,Single,4,1,,0,2,1.0,164.39,38.91
14797,0,3.0,Computer,2,9,Debit Card,Female,1.3,4,Fashion,3,Single,4,0,11.0,1,4,1.0,252.69,76.71
14798,0,27.0,Mobile Phone,2,34,Debit Card,Male,4.2,3,Mobile Phone,5,Single,6,1,,0,3,13.0,177.13,80.0
14799,0,2.0,Phone,3,8,E wallet,Male,1.0,1,Laptop & Accessory,2,Divorced,3,0,17.9,0,4,4.0,197.87,67.56
14800,0,18.0,Computer,3,28,Cash on Delivery,Female,4.3,6,Laptop & Accessory,5,Single,1,0,16.5,1,4,1.0,139.72,91.3
14801,1,,Phone,3,15,Debit Card,Male,3.8,2,Mobile Phone,2,Divorced,8,0,11.5,1,2,10.0,139.59,101.82
14802,1,1.0,Phone,2,25,Credit Card,Female,2.5,5,Fashion,1,Married,9,0,17.2,1,4,5.0,232.87,108.24
14803,0,43.0,Mobile Phone,1,30,Cash on Delivery,Female,3.9,3,Laptop & Accessory,4,Single,7,0,11.0,3,6,1.0,253.94,68.84
14804,0,3.0,Computer,2,30,Debit Card,Male,2.8,6,Mobile Phone,3,Married,9,0,12.1,0,4,1.0,246.64,48.7
14805,0,30.0,Computer,2,20,Cash on Delivery,Female,3.5,6,Mobile Phone,5,Single,6,0,24.5,4,4,0.0,216.99,20.0
14806,0,14.0,Phone,2,25,Cash on Delivery,Male,0.8,3,Laptop & Accessory,3,Married,3,0,18.8,1,3,14.0,199.67,51.34
14807,0,1.0,Mobile Phone,2,22,UPI,Male,3.2,5,Mobile Phone,3,Married,9,0,15.0,1,3,2.0,93.91,26.74
14808,0,55.0,Mobile Phone,3,29,E wallet,Female,2.6,5,Fashion,4,Married,1,0,17.7,3,3,9.0,145.92,65.83
14809,1,5.0,Computer,3,35,UPI,Male,2.4,5,Grocery,3,Single,1,0,,0,3,1.0,137.17,89.36
14810,0,35.0,Mobile Phone,2,10,E wallet,Male,,1,Grocery,3,Single,2,0,16.7,0,2,7.0,184.29,87.27
14811,0,3.0,Mobile Phone,2,31,E wallet,Male,5.5,2,Fashion,4,Married,4,0,12.3,3,2,0.0,226.7,89.78
14812,0,34.0,Computer,2,20,Cash on Delivery,Female,4.6,3,Laptop & Accessory,4,Single,3,0,11.5,0,4,16.0,159.76,20.31
14813,0,1.0,Mobile Phone,2,5,Debit Card,Male,4.4,4,Fashion,5,Married,1,1,,4,3,9.0,50.0,20.8
14814,0,12.0,Mobile Phone,1,23,Credit Card,Male,2.0,5,Laptop & Accessory,5,Married,7,1,11.4,2,1,1.0,255.73,103.57
14815,1,26.0,Mobile Phone,2,24,Debit Card,Male,3.8,2,Mobile Phone,3,Single,4,1,15.8,3,4,5.0,126.16,20.0
14816,0,49.0,Computer,1,20,Debit Card,Female,2.5,4,Fashion,4,Married,1,0,17.5,4,3,5.0,129.46,85.93
14817,0,43.0,Mobile Phone,3,14,Debit Card,Female,2.4,1,Laptop & Accessory,3,Single,6,0,13.4,0,2,9.0,218.69,59.3
14818,0,30.0,Mobile Phone,2,30,Credit Card,Male,5.6,3,Fashion,4,Single,6,0,11.0,2,3,1.0,149.05,54.95
14819,0,39.0,Mobile Phone,1,18,UPI,Male,0.6,2,Fashion,3,Married,1,1,11.0,0,2,2.0,181.43,70.89
14820,0,3.0,Computer,1,22,UPI,Male,3.6,2,Others,5,Divorced,7,0,11.0,1,1,8.0,199.97,119.29
14821,0,6.0,Mobile Phone,2,17,Credit Card,Male,3.5,3,Laptop & Accessory,4,Single,8,0,17.2,2,3,6.0,188.99,41.17
14822,0,6.0,Mobile Phone,2,31,Debit Card,Male,4.0,3,Grocery,5,Single,5,0,11.0,2,1,1.0,164.96,52.96
14823,0,8.0,Mobile Phone,3,17,UPI,Male,4.0,6,Mobile Phone,5,Divorced,7,0,12.0,2,1,7.0,187.45,98.7
14824,0,8.0,Mobile Phone,3,30,Debit Card,Female,3.6,5,Mobile Phone,5,Married,8,1,20.0,3,3,0.0,319.49,38.65
14825,0,14.0,Computer,1,19,UPI,Female,3.5,3,Others,5,Single,7,1,11.0,2,1,6.0,257.73,90.44
14826,1,3.0,Mobile Phone,1,8,Cash on Delivery,Male,2.1,2,Fashion,3,Single,3,1,16.2,2,5,0.0,237.63,63.65
14827,0,21.0,Phone,1,22,Credit Card,Female,3.1,5,Grocery,3,Married,2,0,11.3,1,3,1.0,208.83,20.0
14828,0,,Mobile Phone,1,35,Cash on Delivery,Female,4.0,3,Fashion,3,Married,9,1,12.2,0,1,2.0,281.49,68.45
14829,0,6.0,Phone,1,19,UPI,Male,2.2,4,Mobile Phone,1,Divorced,5,0,11.0,2,2,2.0,238.03,67.68
14830,0,12.0,Mobile Phone,2,10,Debit Card,Male,3.5,4,Laptop & Accessory,4,Married,9,1,11.9,0,1,2.0,263.62,71.46
14831,0,28.0,Phone,2,33,Credit Card,Female,4.0,3,Mobile Phone,4,Divorced,4,0,18.0,3,2,,265.74,85.77
14832,0,24.0,Computer,3,14,UPI,Male,2.6,6,Mobile Phone,4,Married,1,0,11.0,5,2,1.0,226.2,82.82
14833,0,18.0,Mobile Phone,1,19,UPI,Female,4.9,2,Fashion,5,Single,8,0,11.0,1,2,0.0,217.35,65.14
14834,0,3.0,Computer,2,29,Debit Card,Male,3.7,5,Grocery,5,Single,5,0,26.0,3,3,5.0,166.0,99.32
14835,1,14.0,Mobile Phone,3,5,Cash on Delivery,Male,1.1,6,Fashion,2,Single,4,1,16.5,1,1,,301.6,53.82
14836,0,1.0,Mobile Phone,1,9,UPI,Female,3.1,5,Fashion,3,Single,9,1,17.0,4,4,2.0,181.78,73.71
14837,0,8.0,Computer,3,13,Debit Card,Male,2.1,5,Fashion,3,Married,9,0,11.2,1,4,4.0,118.03,38.78
14838,0,9.0,Mobile Phone,1,31,Credit Card,Male,1.8,1,Grocery,3,Married,2,0,21.3,3,2,9.0,206.84,20.0
14839,0,1.0,Mobile Phone,3,27,Credit Card,Male,1.9,3,Fashion,4,Married,1,0,,5,2,4.0,172.94,41.53
14840,1,5.0,Computer,2,18,Debit Card,Male,5.3,6,Others,4,Single,8,1,11.4,2,3,0.0,123.66,67.99
14841,0,56.0,Mobile Phone,2,15,UPI,Male,2.0,1,Mobile Phone,4,Single,9,0,21.4,1,1,7.0,127.16,20.0
14842,0,55.0,Phone,1,10,UPI,Female,2.8,6,Grocery,5,Married,4,0,23.0,2,4,18.0,186.25,38.26
14843,0,7.0,Computer,3,20,Credit Card,Female,3.4,1,Fashion,5,Divorced,1,0,11.0,3,1,,189.92,116.73
14844,1,1.0,Mobile Phone,2,27,Debit Card,Male,,4,Fashion,2,Married,7,0,20.2,3,1,13.0,98.36,56.43
14845,1,3.0,Mobile Phone,1,34,Credit Card,Female,2.0,5,Laptop & Accessory,4,Single,5,1,,4,3,3.0,159.38,78.61
14846,0,8.0,Phone,3,33,Debit Card,Female,2.3,1,Grocery,3,Single,5,0,23.0,0,4,2.0,240.15,39.0
14847,0,53.0,Computer,3,13,UPI,Male,2.3,2,Fashion,3,Divorced,5,0,11.0,3,4,1.0,50.0,23.74
14848,1,2.0,Mobile Phone,3,7,Credit Card,Female,3.6,3,Laptop & Accessory,1,Married,9,1,18.6,1,5,4.0,165.43,34.52
14849,0,25.0,Mobile Phone,2,12,Cash on Delivery,Male,2.0,2,Laptop & Accessory,3,Single,7,0,11.0,0,1,1.0,181.89,96.87
14850,0,2.0,Mobile Phone,2,21,UPI,Male,4.8,5,Mobile Phone,3,Single,2,0,21.7,0,6,0.0,219.68,56.25
14851,0,61.0,Computer,2,30,Cash on Delivery,Male,2.7,4,Mobile Phone,3,Married,9,0,15.4,3,8,0.0,167.48,68.67
14852,1,8.0,Mobile Phone,1,26,Cash on Delivery,Male,4.9,2,Mobile Phone,4,Married,4,0,22.7,3,5,1.0,156.76,43.68
14853,0,26.0,Mobile Phone,2,13,UPI,Female,2.9,2,Laptop & Accessory,4,Single,5,0,11.0,4,6,2.0,216.66,87.31
14854,1,7.0,Phone,2,21,Cash on Delivery,Male,1.2,6,Laptop & Accessory,2,Married,2,1,16.3,1,3,3.0,176.93,107.18
14855,1,17.0,Mobile Phone,3,9,E wallet,Male,2.2,1,Others,1,Married,3,1,24.1,6,1,1.0,286.06,120.0
14856,1,3.0,Mobile Phone,3,28,Debit Card,Male,3.6,2,Fashion,5,Single,5,1,14.8,0,3,16.0,217.3,84.53
14857,1,2.0,Mobile Phone,1,35,Cash on Delivery,Male,1.7,4,Fashion,1,Married,1,1,17.6,0,2,1.0,228.85,35.97
14858,0,50.0,Mobile Phone,1,30,UPI,Male,3.0,2,Fashion,5,Single,1,0,19.2,2,3,2.0,184.53,20.0
14859,0,44.0,Computer,1,35,Credit Card,Male,3.4,2,Grocery,4,Married,1,0,11.0,2,4,0.0,292.81,104.61
14860,0,39.0,Mobile Phone,2,15,Credit Card,Male,3.5,5,Fashion,3,Single,7,0,11.9,2,1,1.0,146.4,20.0
14861,1,17.0,Mobile Phone,1,10,Cash on Delivery,Male,3.7,6,Laptop & Accessory,2,Single,4,1,21.8,1,3,0.0,111.05,62.84
14862,0,29.0,Mobile Phone,2,26,Debit Card,Male,3.3,4,Fashion,1,Married,4,0,11.0,0,3,,174.38,95.5
14863,1,1.0,Mobile Phone,3,18,E wallet,Male,1.8,2,Fashion,2,Married,3,0,21.7,2,5,5.0,164.24,115.47
14864,0,7.0,Mobile Phone,3,7,UPI,Male,2.7,5,Mobile Phone,2,Married,2,0,11.5,3,6,0.0,171.7,38.04
14865,0,6.0,Mobile Phone,3,28,Debit Card,Male,3.0,3,Fashion,4,Married,4,0,26.0,2,2,1.0,298.66,69.76
14866,0,,Mobile Phone,1,34,Cash on Delivery,Male,,2,Laptop & Accessory,2,Single,2,0,17.6,2,4,0.0,132.54,61.34
14867,0,7.0,Mobile Phone,1,21,E wallet,Female,2.1,2,Laptop & Accessory,4,Single,7,1,11.0,1,3,7.0,176.33,43.19
14868,1,2.0,Phone,1,32,E wallet,Male,3.0,5,Grocery,4,Married,6,0,20.9,1,3,6.0,82.02,102.31
14869,0,16.0,Mobile Phone,2,8,UPI,Male,5.3,6,Grocery,3,Single,6,1,23.6,1,2,0.0,293.58,82.1
14870,0,30.0,Mobile Phone,2,12,Debit Card,Female,4.1,5,Fashion,1,Married,2,0,18.6,1,3,1.0,50.0,29.26
14871,1,8.0,Mobile Phone,1,10,UPI,Female,4.1,5,Grocery,1,Married,5,1,12.3,1,1,12.0,188.67,59.03
14872,1,2.0,Mobile Phone,1,15,E wallet,Male,2.9,2,Grocery,1,Single,8,1,23.6,2,3,1.0,99.53,53.65
14873,0,3.0,Computer,1,29,Cash on Delivery,Male,3.2,1,Mobile Phone,4,Single,2,1,11.0,3,2,2.0,96.48,78.04
14874,1,4.0,Phone,1,5,UPI,Male,3.0,1,Mobile Phone,3,Single,8,0,21.4,6,1,1.0,126.99,120.0
14875,0,6.0,Mobile Phone,2,19,Debit Card,Male,3.6,5,Mobile Phone,4,Married,9,0,11.0,3,4,3.0,113.84,75.07
14876,0,18.0,Phone,1,35,Credit Card,Male,1.5,1,Laptop & Accessory,3,Single,3,0,15.7,2,2,15.0,196.16,56.6
14877,0,16.0,Mobile Phone,3,20,Credit Card,Male,2.0,3,Laptop & Accessory,3,Single,4,0,,2,5,23.0,103.49,62.09
14878,0,21.0,Phone,2,6,Credit Card,Male,1.3,1,Grocery,4,Married,8,0,11.0,3,4,5.0,242.42,77.08
14879,0,8.0,Computer,2,17,Debit Card,Female,3.9,1,Others,4,Married,2,1,22.8,1,3,2.0,259.97,20.0
14880,0,31.0,Mobile Phone,2,16,Cash on Delivery,Male,3.9,2,Grocery,3,Single,2,0,11.0,4,5,2.0,279.25,98.37
14881,1,4.0,Mobile Phone,2,18,Debit Card,Male,2.2,6,Laptop & Accessory,2,Married,1,0,23.3,1,2,1.0,88.18,70.04
14882,1,11.0,Phone,2,5,E wallet,Female,2.2,1,Fashion,4,Single,2,0,11.0,0,6,16.0,133.07,61.29
14883,0,29.0,Mobile Phone,1,15,E wallet,Male,3.9,5,Fashion,3,Married,9,1,21.3,1,2,4.0,151.11,52.73
14884,1,3.0,Mobile Phone,2,8,E wallet,Female,3.9,2,Laptop & Accessory,3,Single,5,1,11.0,1,2,,146.1,62.96
14885,0,2.0,Mobile Phone,3,17,Credit Card,Male,4.9,1,Mobile Phone,4,Married,4,0,11.0,1,3,0.0,228.11,36.37
14886,0,38.0,Mobile Phone,2,29,Credit Card,Male,2.0,3,Laptop & Accessory,3,Married,2,0,12.3,1,3,2.0,199.08,20.0
14887,1,7.0,Mobile Phone,1,24,UPI,Male,2.9,2,Mobile Phone,4,Divorced,2,1,18.4,5,3,16.0,124.33,80.95
14888,0,20.0,Computer,2,29,Debit Card,Male,3.1,6,Laptop & Accessory,4,Married,6,0,11.0,1,3,2.0,163.06,42.61
14889,0,1.0,Phone,2,10,Cash on Delivery,Female,3.7,2,Laptop & Accessory,4,Divorced,7,0,,0,6,0.0,178.01,71.75
14890,1,21.0,Mobile Phone,2,9,UPI,Female,4.2,2,Others,4,Married,4,1,19.1,3,5,0.0,169.7,59.06
14891,1,6.0,Computer,3,30,UPI,Male,2.9,1,Fashion,4,Divorced,7,1,24.0,1,4,1.0,135.83,103.78
14892,1,1.0,Computer,1,8,Cash on Delivery,Female,3.3,6,Others,4,Married,1,0,15.4,1,3,10.0,113.42,79.24
14893,0,16.0,Mobile Phone,2,17,Debit Card,Female,2.6,5,Laptop & Accessory,5,Single,8,0,22.0,2,2,22.0,225.09,98.08
14894,1,4.0,Mobile Phone,1,30,UPI,Male,1.3,4,Laptop & Accessory,3,Single,3,0,20.1,2,2,11.0,109.04,87.81
14895,0,8.0,Computer,2,22,Credit Card,Male,2.0,6,Others,3,Married,7,0,14.4,2,1,5.0,222.47,117.86
14896,0,1.0,Mobile Phone,1,17,Debit Card,Female,2.4,4,Mobile Phone,4,Married,7,0,21.9,2,2,3.0,194.27,20.0
14897,0,2.0,Mobile Phone,3,12,Cash on Delivery,Male,3.7,4,Grocery,4,Married,3,0,20.4,2,3,3.0,128.64,109.0
14898,0,6.0,Mobile Phone,1,23,Debit Card,Male,0.5,1,Grocery,1,Married,5,0,14.0,2,3,3.0,210.62,41.3
14899,0,1.0,Mobile Phone,2,19,Cash on Delivery,Male,3.7,3,Laptop & Accessory,5,Married,2,0,19.3,3,4,4.0,137.03,32.3
14900,0,43.0,Mobile Phone,2,33,Cash on Delivery,Male,3.7,2,Laptop & Accessory,1,Married,9,0,16.6,2,1,2.0,213.92,27.5
14901,0,1.0,Mobile Phone,2,5,Debit Card,Male,2.5,2,Fashion,4,Single,5,0,18.3,2,1,4.0,132.77,52.58
14902,0,11.0,Mobile Phone,1,15,Credit Card,Female,5.3,6,Others,4,Divorced,4,0,26.0,1,3,0.0,186.54,77.72
14903,1,2.0,Mobile Phone,1,20,Cash on Delivery,Male,3.3,5,Fashion,5,Married,3,0,,1,3,1.0,177.07,106.51
14904,0,6.0,Mobile Phone,2,14,Debit Card,Male,3.3,6,Fashion,1,Married,1,0,16.5,0,6,7.0,142.87,20.0
14905,0,46.0,Phone,2,11,Credit Card,Male,2.8,2,Fashion,4,Married,7,0,15.2,1,2,9.0,161.1,74.09
14906,1,3.0,Phone,1,35,Debit Card,Male,0.8,5,Laptop & Accessory,3,Divorced,3,1,19.7,0,3,3.0,141.39,35.46
14907,0,60.0,Mobile Phone,2,12,Credit Card,Male,2.2,6,Grocery,3,Single,1,0,12.3,0,2,0.0,250.25,27.36
14908,1,4.0,Phone,2,27,E wallet,Female,2.1,1,Grocery,1,Married,8,1,11.6,2,5,10.0,137.98,48.38
14909,0,24.0,Mobile Phone,2,24,UPI,Female,3.8,4,Mobile Phone,4,Divorced,8,0,,1,3,4.0,175.73,67.83
14910,0,14.0,Computer,1,20,UPI,Female,2.4,6,Mobile Phone,3,Married,3,0,17.9,1,2,2.0,54.55,45.2
14911,0,38.0,Mobile Phone,2,28,E wallet,Female,3.4,5,Mobile Phone,2,Married,3,0,12.3,2,1,3.0,138.77,27.96
14912,0,14.0,Mobile Phone,3,14,UPI,Female,,5,Grocery,4,Married,2,0,,4,2,2.0,218.09,52.61
14913,0,13.0,Mobile Phone,1,8,UPI,Male,4.6,2,Others,4,Single,8,1,11.0,3,10,2.0,208.5,82.39
14914,1,3.0,Mobile Phone,2,35,E wallet,Male,3.9,1,Grocery,4,Single,9,1,23.5,1,4,8.0,206.19,76.98
14915,0,3.0,Mobile Phone,1,16,Credit Card,Male,,4,Mobile Phone,5,Married,4,1,24.3,2,5,0.0,178.27,49.63
14916,0,44.0,Mobile Phone,1,25,Credit Card,Female,2.4,1,Mobile Phone,3,Married,4,0,12.0,1,3,0.0,195.1,59.56
14917,0,7.0,Computer,2,20,Credit Card,Female,4.0,4,Laptop & Accessory,5,Divorced,5,0,25.8,1,3,0.0,266.61,41.84
14918,0,8.0,Computer,3,28,Cash on Delivery,Male,2.4,3,Fashion,5,Married,3,0,13.0,4,2,1.0,124.54,71.76
14919,0,25.0,Mobile Phone,1,33,Debit Card,Male,2.4,1,Mobile Phone,3,Married,5,0,11.0,0,3,0.0,253.58,90.97
14920,1,7.0,Mobile Phone,1,22,Debit Card,Female,,3,Laptop & Accessory,2,Married,4,0,13.2,4,2,0.0,127.1,41.28
14921,0,54.0,Mobile Phone,3,20,Debit Card,Male,4.8,4,Laptop & Accessory,3,Single,8,1,19.4,3,1,,198.16,49.84
14922,1,24.0,Phone,3,17,UPI,Female,2.2,5,Fashion,3,Single,5,1,11.6,0,2,1.0,128.61,81.95
14923,0,16.0,Phone,2,20,Cash on Delivery,Female,3.8,3,Grocery,4,Divorced,7,0,18.6,2,3,1.0,230.86,120.0
14924,0,38.0,Computer,1,30,UPI,Male,2.1,4,Mobile Phone,4,Married,4,0,16.6,2,2,0.0,102.71,85.52
14925,0,1.0,Mobile Phone,3,19,Credit Card,Male,0.5,4,Laptop & Accessory,4,Married,2,0,13.3,0,3,3.0,119.71,59.58
14926,0,5.0,Phone,2,12,UPI,Male,3.5,3,Fashion,4,Single,8,0,19.7,2,6,3.0,173.26,33.74
14927,1,11.0,Computer,1,19,E wallet,Male,2.0,6,Grocery,2,Married,4,0,22.4,1,1,0.0,132.73,96.86
14928,0,4.0,Mobile Phone,1,25,Debit Card,Male,2.6,1,Laptop & Accessory,5,Single,9,1,16.1,1,3,3.0,137.38,40.47
14929,0,24.0,Computer,2,25,Credit Card,Male,4.0,6,Grocery,3,Married,6,0,18.5,2,1,26.0,172.92,58.79
14930,0,45.0,Computer,3,11,Credit Card,Male,1.9,5,Others,5,Married,8,0,11.0,1,5,11.0,104.93,53.35
14931,0,9.0,Computer,2,24,Cash on Delivery,Male,2.5,4,Mobile Phone,2,Married,9,0,23.3,5,4,,187.68,62.34
14932,0,7.0,Mobile Phone,2,23,Debit Card,Male,3.8,1,Grocery,5,Married,9,0,11.8,3,2,6.0,202.09,36.47
14933,0,58.0,Mobile Phone,2,33,Debit Card,Male,2.5,4,Mobile Phone,1,Single,9,1,11.0,4,3,1.0,85.53,93.6
14934,0,10.0,Mobile Phone,3,26,UPI,Male,3.1,4,Laptop & Accessory,2,Married,7,0,20.3,2,2,0.0,194.65,78.13
14935,1,12.0,Phone,2,18,Credit Card,Female,2.8,4,Fashion,1,Single,3,1,12.7,1,2,1.0,192.19,55.86
14936,0,7.0,Computer,1,10,Debit Card,Male,2.8,1,Laptop & Accessory,4,Married,8,0,11.0,0,5,1.0,206.21,57.78
14937,0,43.0,Computer,3,17,Cash on Delivery,Male,2.8,2,Laptop & Accessory,5,Married,7,0,13.2,2,1,2.0,186.94,54.81
14938,0,15.0,Computer,2,30,Debit Card,Female,3.5,5,Grocery,3,Single,9,0,11.0,5,2,4.0,201.1,68.58
14939,0,25.0,Mobile Phone,1,16,Credit Card,Male,0.7,5,Laptop & Accessory,5,Married,5,0,11.0,2,5,,200.9,41.58
14940,0,30.0,Mobile Phone,1,26,UPI,Male,2.7,2,Mobile Phone,4,Single,4,1,21.1,4,3,1.0,194.72,33.58
14941,1,7.0,Mobile Phone,3,11,UPI,Male,2.1,4,Mobile Phone,4,Single,2,1,22.0,3,5,1.0,202.34,58.16
14942,0,10.0,Phone,2,24,Debit Card,Female,3.8,2,Others,5,Married,7,1,15.4,3,1,1.0,272.47,84.26
14943,0,33.0,Computer,2,7,Cash on Delivery,Female,,6,Fashion,3,Divorced,6,0,11.0,4,3,1.0,258.58,111.08
14944,0,,Mobile Phone,1,7,Debit Card,Female,3.0,3,Laptop & Accessory,3,Single,6,1,17.5,2,5,30.0,173.18,70.49
14945,0,28.0,Computer,1,7,UPI,Male,2.8,3,Mobile Phone,5,Married,8,1,11.0,1,4,6.0,142.57,89.38
14946,0,50.0,Phone,2,19,UPI,Female,3.6,1,Laptop & Accessory,5,Single,1,0,22.0,3,2,14.0,256.23,89.43
14947,0,17.0,Computer,2,20,Debit Card,Female,3.2,1,Grocery,5,Single,1,1,14.6,1,2,4.0,317.3,74.66
14948,0,24.0,Mobile Phone,3,17,Credit Card,Female,2.8,3,Laptop & Accessory,5,Divorced,4,0,11.0,1,3,2.0,178.3,78.76
14949,0,29.0,Mobile Phone,1,20,Cash on Delivery,Female,3.3,6,Laptop & Accessory,2,Divorced,8,0,23.9,4,3,1.0,209.98,53.2
14950,0,33.0,Mobile Phone,1,6,UPI,Female,2.6,6,Laptop & Accessory,5,Single,5,0,15.3,1,5,2.0,160.46,43.06
14951,0,9.0,Mobile Phone,2,10,Debit Card,Female,3.9,2,Fashion,3,Divorced,9,1,12.4,2,3,2.0,211.86,36.31
14952,0,1.0,Phone,3,21,Cash on Delivery,Female,5.1,6,Fashion,5,Single,3,0,,3,2,7.0,61.06,59.32
14953,0,9.0,Mobile Phone,3,10,Credit Card,Female,2.8,1,Laptop & Accessory,3,Single,6,0,11.8,5,6,2.0,148.54,72.96
14954,0,20.0,Mobile Phone,1,28,E wallet,Male,3.5,2,Grocery,4,Single,6,0,19.5,3,5,1.0,223.42,54.54
14955,0,10.0,Mobile Phone,2,26,Cash on Delivery,Male,0.6,1,Fashion,4,Married,4,0,19.2,3,4,5.0,127.5,63.58
14956,0,24.0,Computer,1,22,Cash on Delivery,Male,0.9,5,Laptop & Accessory,3,Single,2,0,11.0,4,3,7.0,213.27,20.4
14957,1,7.0,Computer,2,27,Debit Card,Female,3.3,2,Laptop & Accessory,1,Married,6,0,14.2,5,5,2.0,211.21,120.0
14958,0,18.0,Mobile Phone,1,16,Credit Card,Male,2.6,3,Laptop & Accessory,5,Single,3,0,13.5,3,6,4.0,214.75,113.06
14959,1,3.0,Mobile Phone,3,23,Cash on Delivery,Male,2.1,3,Mobile Phone,5,Single,8,1,11.0,1,1,0.0,149.56,59.88
14960,1,,Computer,3,29,Cash on Delivery,Male,3.5,6,Laptop & Accessory,2,Married,2,1,11.0,1,6,3.0,225.91,73.67
14961,0,14.0,Mobile Phone,1,16,Credit Card,Male,2.7,1,Laptop & Accessory,4,Divorced,3,1,11.0,1,2,0.0,290.91,114.86
14962,0,4.0,Phone,2,31,E wallet,Male,3.5,2,Laptop & Accessory,4,Married,9,0,,2,3,0.0,150.55,88.75
14963,0,6.0,Mobile Phone,3,28,E wallet,Male,3.1,4,Laptop & Accessory,3,Single,2,0,11.0,1,5,3.0,139.81,47.88
14964,0,24.0,Mobile Phone,2,26,UPI,Male,3.9,3,Mobile Phone,3,Divorced,1,0,11.0,2,3,1.0,169.78,80.35
14965,0,11.0,Computer,2,21,Debit Card,Male,2.8,3,Fashion,5,Single,3,0,12.5,0,3,5.0,196.51,23.68
14966,1,4.0,Phone,1,6,UPI,Male,3.0,2,Mobile Phone,4,Married,6,1,15.0,2,4,9.0,118.19,73.2
14967,0,61.0,Mobile Phone,2,18,UPI,Male,2.7,2,Laptop & Accessory,4,Married,8,0,13.1,0,2,0.0,152.74,73.79
14968,0,22.0,Computer,2,32,Credit Card,Male,2.4,1,Laptop & Accessory,4,Married,5,1,11.0,1,4,5.0,267.34,20.0
14969,0,56.0,Mobile Phone,1,17,Cash on Delivery,Female,3.5,6,Laptop & Accessory,1,Married,2,0,26.0,1,1,2.0,248.16,95.77
14970,0,10.0,Mobile Phone,1,28,Debit Card,Male,1.9,6,Fashion,3,Single,8,1,13.8,2,5,0.0,120.55,78.23
14971,0,11.0,Computer,3,10,UPI,Male,4.3,4,Fashion,2,Divorced,2,0,,0,2,4.0,291.95,55.21
14972,0,41.0,Phone,3,21,E wallet,Female,1.8,3,Others,2,Single,4,0,11.0,3,2,3.0,154.2,56.97
14973,0,13.0,Mobile Phone,2,13,Credit Card,Male,2.6,2,Others,4,Divorced,9,0,23.0,2,6,2.0,200.13,90.31
14974,1,22.0,Mobile Phone,3,34,Credit Card,Female,2.5,3,Grocery,5,Single,7,0,,4,3,10.0,182.5,47.31
14975,0,5.0,Computer,3,12,Debit Card,Male,3.7,4,Laptop & Accessory,3,Single,3,0,26.0,2,2,2.0,235.12,46.17
14976,1,10.0,Computer,2,18,UPI,Male,4.5,6,Laptop & Accessory,2,Married,1,0,,2,2,18.0,111.4,42.68
14977,0,2.0,Phone,1,6,E wallet,Male,3.4,6,Grocery,4,Divorced,6,0,,2,3,2.0,148.37,88.64
14978,1,4.0,Mobile Phone,3,14,Cash on Delivery,Female,4.9,5,Grocery,5,Married,9,1,13.9,1,4,0.0,125.0,84.1
14979,1,1.0,Mobile Phone,3,32,Cash on Delivery,Female,2.2,5,Fashion,4,Single,4,0,12.9,3,2,2.0,116.62,30.77
14980,1,1.0,Computer,3,25,E wallet,Male,2.7,4,Mobile Phone,5,Single,7,1,11.0,3,5,0.0,135.42,69.57
14981,0,61.0,Computer,1,7,Debit Card,Male,1.3,2,Laptop & Accessory,4,Married,3,0,23.8,3,1,3.0,129.85,73.72
14982,0,,Phone,2,34,E wallet,Female,1.7,5,Fashion,4,Divorced,1,0,23.2,0,3,4.0,218.48,100.54
14983,0,19.0,Mobile Phone,3,21,UPI,Female,4.1,2,Mobile Phone,2,Married,5,0,13.0,2,2,2.0,156.76,52.78
14984,0,32.0,Mobile Phone,1,11,Cash on Delivery,Male,2.8,1,Mobile Phone,3,Single,1,0,21.1,1,3,0.0,164.77,49.24
14985,1,14.0,Computer,3,29,UPI,Female,2.4,3,Mobile Phone,3,Single,2,0,23.5,2,2,2.0,69.89,80.7
14986,0,2.0,Computer,2,16,Credit Card,Male,1.9,1,Grocery,4,Divorced,7,0,14.9,2,6,0.0,239.29,49.08
14987,0,23.0,Mobile Phone,1,31,Debit Card,Male,3.8,5,Fashion,5,Single,1,0,11.0,4,2,4.0,77.25,84.94
14988,0,16.0,Computer,1,11,E wallet,Female,2.5,5,Fashion,5,Married,6,0,22.7,1,3,6.0,185.73,71.97
14989,0,23.0,Mobile Phone,3,7,Debit Card,Male,1.6,2,Mobile Phone,2,Married,7,0,21.8,2,4,13.0,259.72,20.0
14990,0,26.0,Mobile Phone,1,10,Credit Card,Male,3.0,5,Mobile Phone,2,Divorced,4,0,11.0,0,3,0.0,272.24,57.4
14991,0,61.0,Mobile Phone,3,7,Debit Card,Male,3.6,2,Others,3,Single,4,0,23.5,7,5,3.0,96.99,71.34
14992,0,15.0,Computer,2,8,Credit Card,Male,2.8,4,Mobile Phone,3,Married,2,0,11.0,2,3,3.0,169.25,86.23
14993,0,7.0,Computer,3,20,UPI,Female,2.4,5,Laptop & Accessory,4,Divorced,5,0,17.3,5,5,10.0,226.2,49.94
14994,0,18.0,Mobile Phone,3,19,Debit Card,Male,3.1,4,Grocery,5,Married,7,0,11.0,3,3,3.0,155.7,40.36
14995,0,1.0,Mobile Phone,3,5,Cash on Delivery,Female,1.4,4,Grocery,5,Married,4,0,16.0,1,2,0.0,244.85,39.38
14996,0,40.0,Phone,2,6,UPI,Female,3.8,6,Mobile Phone,4,Married,8,1,15.7,2,1,2.0,57.74,70.73
14997,0,2.0,Mobile Phone,2,5,UPI,Female,3.4,3,Grocery,5,Married,8,1,26.0,4,1,4.0,189.13,65.89
14998,0,7.0,Mobile Phone,2,30,UPI,Female,4.2,6,Grocery,4,Married,7,0,11.0,2,1,4.0,206.93,44.14
14999,0,30.0,Mobile Phone,2,22,UPI,Female,2.0,2,Grocery,2,Married,3,0,11.0,1,3,7.0,111.25,78.4
15000,0,16.0,Mobile Phone,2,8,UPI,Female,1.1,4,Laptop & Accessory,4,Married,9,0,12.2,3,2,0.0,228.05,71.17
15001,1,9.0,Computer,2,10,Debit Card,Female,1.2,3,Grocery,4,Married,8,0,17.0,3,2,12.0,118.53,47.55
15002,0,11.0,Computer,2,15,E wallet,Female,1.8,5,Mobile Phone,4,Married,1,1,13.1,1,1,0.0,277.41,47.63
15003,1,34.0,Mobile Phone,2,34,UPI,Female,1.6,5,Laptop & Accessory,2,Married,9,1,11.0,4,4,16.0,160.63,117.03
15004,0,7.0,Mobile Phone,2,16,UPI,Female,3.6,4,Others,3,Divorced,7,0,19.4,4,4,7.0,170.43,20.0
15005,0,36.0,Mobile Phone,3,12,Cash on Delivery,Male,2.4,6,Mobile Phone,3,Single,4,0,23.0,5,6,4.0,117.98,20.0
15006,1,1.0,Mobile Phone,3,34,Debit Card,Female,2.7,5,Grocery,5,Divorced,5,1,17.6,4,1,5.0,158.99,58.74
15007,1,26.0,Phone,1,18,Debit Card,Male,2.3,2,Fashion,3,Single,7,1,,2,3,0.0,137.58,94.52
15008,0,33.0,Mobile Phone,2,14,Debit Card,Male,2.8,5,Mobile Phone,4,Married,8,0,16.2,4,1,0.0,198.12,38.94
15009,1,3.0,Mobile Phone,1,29,UPI,Female,3.8,1,Fashion,4,Divorced,4,0,11.0,4,1,0.0,195.52,82.37
15010,0,10.0,Mobile Phone,3,35,Credit Card,Female,4.9,5,Others,3,Single,7,0,21.4,1,8,0.0,174.71,20.0
15011,0,3.0,Computer,1,30,Cash on Delivery,Female,4.1,4,Fashion,4,Divorced,6,0,18.0,3,3,3.0,190.19,57.29
15012,0,,Phone,2,27,E wallet,Female,3.0,3,Grocery,5,Divorced,9,1,,3,2,0.0,114.37,74.02
15013,0,13.0,Mobile Phone,1,8,Debit Card,Male,2.6,2,Grocery,3,Divorced,4,1,15.5,1,2,7.0,118.02,90.82
15014,0,18.0,Mobile Phone,2,19,Credit Card,Male,4.5,2,Mobile Phone,5,Married,4,0,21.2,2,2,2.0,252.33,83.01
15015,1,3.0,Mobile Phone,2,34,Cash on Delivery,Male,1.9,3,Laptop & Accessory,2,Single,3,1,22.0,3,3,4.0,135.26,20.0
15016,1,4.0,Computer,2,20,Credit Card,Male,3.0,2,Others,1,Single,8,0,14.6,2,4,4.0,197.83,65.31
15017,0,1.0,Mobile Phone,2,18,Cash on Delivery,Female,1.6,6,Others,5,Single,8,0,26.0,1,1,1.0,50.0,43.45
15018,0,6.0,Mobile Phone,1,19,Credit Card,Female,4.4,4,Fashion,5,Married,4,0,23.2,1,5,1.0,205.54,61.8
15019,0,14.0,Computer,3,27,Cash on Delivery,Male,4.7,4,Others,5,Married,3,0,18.2,3,5,1.0,249.74,55.55
15020,0,35.0,Mobile Phone,1,21,Debit Card,Female,1.4,3,Fashion,4,Single,6,0,12.6,1,4,6.0,187.25,85.77
15021,0,19.0,Computer,2,31,Credit Card,Male,1.4,4,Fashion,5,Married,9,0,12.8,1,1,3.0,190.2,64.11
15022,0,10.0,Mobile Phone,3,16,E wallet,Male,2.4,1,Fashion,5,Married,8,1,16.2,4,6,1.0,274.09,72.3
15023,0,55.0,Computer,1,34,UPI,Male,3.7,4,Grocery,5,Divorced,7,1,14.3,2,1,6.0,197.04,66.84
15024,0,22.0,Mobile Phone,2,35,Debit Card,Male,2.0,2,Mobile Phone,4,Single,7,0,25.2,3,5,0.0,138.94,20.0
15025,0,47.0,Computer,1,34,UPI,Male,,3,Mobile Phone,3,Married,5,0,11.0,1,3,4.0,153.67,66.13
15026,0,13.0,Mobile Phone,3,17,Cash on Delivery,Male,3.7,6,Laptop & Accessory,5,Married,2,0,18.0,3,3,2.0,143.53,63.83
15027,1,5.0,Computer,2,18,Debit Card,Male,3.3,1,Grocery,3,Married,9,1,11.0,0,6,5.0,238.49,79.62
15028,1,,Computer,1,30,Credit Card,Female,2.9,4,Laptop & Accessory,4,Single,3,0,17.3,3,1,10.0,257.34,78.92
15029,0,23.0,Computer,2,15,Cash on Delivery,Female,3.1,1,Laptop & Accessory,3,Single,9,0,,2,1,5.0,244.04,20.0
15030,0,2.0,Mobile Phone,2,15,Cash on Delivery,Female,3.3,5,Mobile Phone,4,Married,2,0,23.6,1,4,2.0,136.29,32.37
15031,0,6.0,Mobile Phone,3,10,Credit Card,Female,4.0,5,Grocery,3,Married,1,0,11.5,1,5,0.0,184.33,67.4
15032,0,13.0,Mobile Phone,3,5,Credit Card,Male,4.0,1,Fashion,1,Married,7,0,11.0,1,10,6.0,222.05,81.27
15033,1,14.0,Mobile Phone,3,28,Debit Card,Female,2.4,5,Grocery,5,Divorced,1,1,21.1,2,3,2.0,109.95,55.56
15034,0,16.0,Phone,1,24,E wallet,Female,2.9,5,Laptop & Accessory,3,Single,8,1,22.2,2,4,0.0,234.54,80.28
15035,1,3.0,Computer,1,12,Debit Card,Female,2.3,5,Laptop & Accessory,4,Single,3,0,13.6,3,6,5.0,231.08,120.0
15036,0,8.0,Computer,3,12,UPI,Male,3.5,6,Fashion,2,Married,3,0,11.0,2,2,1.0,216.01,80.03
15037,1,17.0,Mobile Phone,3,34,UPI,Female,,6,Mobile Phone,1,Single,9,0,11.0,3,3,0.0,229.29,106.74
15038,0,61.0,Mobile Phone,2,34,Cash on Delivery,Male,1.6,3,Others,2,Divorced,1,1,,2,7,9.0,175.05,56.8
15039,0,23.0,Computer,2,22,UPI,Male,2.4,3,Grocery,4,Single,7,0,11.0,2,3,2.0,129.86,83.62
15040,0,,Phone,2,26,Cash on Delivery,Male,0.5,5,Fashion,1,Divorced,2,0,19.4,2,5,1.0,250.22,95.68
15041,0,25.0,Phone,3,17,UPI,Male,0.0,2,Laptop & Accessory,5,Married,3,0,11.0,2,4,5.0,182.75,96.29
15042,0,16.0,Mobile Phone,3,30,Debit Card,Female,3.4,5,Fashion,2,Single,8,0,14.6,4,5,8.0,148.69,20.0
15043,1,3.0,Computer,1,18,Debit Card,Female,3.5,5,Fashion,2,Married,3,0,21.6,1,3,0.0,187.71,47.69
15044,0,19.0,Computer,2,34,Debit Card,Male,1.8,5,Laptop & Accessory,2,Married,2,0,17.2,2,3,4.0,187.28,90.79
15045,0,17.0,Phone,1,19,UPI,Male,2.8,2,Fashion,1,Single,7,0,26.0,2,6,5.0,152.21,21.29
15046,0,16.0,Computer,1,8,Debit Card,Male,4.7,2,Laptop & Accessory,4,Married,3,0,23.4,1,1,0.0,212.65,40.39
15047,0,,Mobile Phone,1,23,Credit Card,Male,,6,Mobile Phone,5,Single,8,0,11.0,0,3,2.0,294.97,82.35
15048,0,13.0,Computer,1,17,Debit Card,Male,4.5,5,Laptop & Accessory,4,Single,4,0,18.6,1,1,0.0,105.41,42.84
15049,0,7.0,Mobile Phone,1,13,Credit Card,Male,2.1,4,Laptop & Accessory,2,Married,6,0,,7,2,5.0,106.84,30.44
15050,0,13.0,Phone,2,20,UPI,Female,3.1,6,Mobile Phone,3,Married,8,0,22.1,1,4,7.0,254.11,106.13
15051,1,3.0,Mobile Phone,1,32,UPI,Male,3.5,1,Mobile Phone,3,Single,4,0,18.1,0,2,0.0,227.3,50.09
15052,0,29.0,Mobile Phone,3,30,Debit Card,Female,2.3,3,Fashion,5,Divorced,5,1,12.0,3,3,6.0,280.25,31.59
15053,1,3.0,Computer,3,32,Cash on Delivery,Female,2.6,1,Others,2,Married,3,0,17.9,3,2,5.0,293.42,31.97
15054,0,1.0,Mobile Phone,3,13,UPI,Male,2.7,3,Laptop & Accessory,4,Single,4,0,12.8,0,2,1.0,226.46,102.59
15055,0,10.0,Computer,2,6,E wallet,Male,2.0,6,Laptop & Accessory,3,Married,8,0,11.1,2,4,4.0,111.22,74.82
15056,0,19.0,Mobile Phone,2,25,E wallet,Male,3.2,1,Mobile Phone,3,Married,7,0,14.3,0,1,0.0,201.34,104.57
15057,1,10.0,Phone,1,35,Credit Card,Female,4.4,6,Mobile Phone,3,Married,6,0,16.5,4,2,,159.14,57.4
15058,1,5.0,Computer,1,30,UPI,Female,4.3,2,Fashion,1,Married,5,1,22.8,2,2,3.0,210.11,67.73
15059,0,14.0,Computer,3,14,UPI,Male,,5,Grocery,4,Single,9,0,12.0,0,2,3.0,136.19,37.94
15060,0,7.0,Computer,2,11,UPI,Male,2.4,3,Mobile Phone,2,Single,4,0,11.0,3,1,,213.11,92.61
15061,0,48.0,Mobile Phone,1,13,Credit Card,Male,2.3,5,Mobile Phone,4,Divorced,3,1,13.8,2,2,3.0,224.1,34.03
15062,0,46.0,Mobile Phone,1,12,Credit Card,Male,3.7,5,Laptop & Accessory,1,Single,6,1,16.5,1,5,7.0,197.94,120.0
15063,1,12.0,Mobile Phone,3,30,UPI,Female,4.6,6,Grocery,5,Married,2,1,16.1,3,4,3.0,206.28,31.5
15064,1,7.0,Computer,1,24,Credit Card,Female,4.2,2,Laptop & Accessory,2,Single,9,1,13.5,2,4,9.0,225.02,24.76
15065,0,24.0,Computer,2,23,Debit Card,Female,3.7,3,Mobile Phone,5,Married,6,1,,2,3,3.0,135.84,75.39
15066,0,1.0,Phone,2,5,Credit Card,Male,2.0,4,Mobile Phone,5,Single,3,0,16.9,0,3,,199.52,42.2
15067,0,11.0,Computer,3,5,Credit Card,Male,2.1,2,Fashion,5,Single,2,0,18.6,3,1,9.0,176.38,49.79
15068,1,7.0,Mobile Phone,1,29,Credit Card,Female,3.6,5,Fashion,3,Married,9,0,11.0,2,2,4.0,248.37,96.5
15069,0,,Phone,2,24,Debit Card,Male,3.5,6,Mobile Phone,4,Married,3,0,14.0,5,1,4.0,228.5,109.86
15070,1,1.0,Computer,3,12,Cash on Delivery,Male,,3,Laptop & Accessory,3,Married,6,1,14.2,0,1,16.0,146.9,67.5
15071,0,,Mobile Phone,1,8,UPI,Male,3.5,2,Laptop & Accessory,2,Single,9,0,25.1,1,5,0.0,223.41,55.98
15072,0,24.0,Phone,1,32,Debit Card,Male,3.1,2,Fashion,3,Single,3,0,14.4,1,3,2.0,264.13,54.95
15073,1,11.0,Phone,1,26,Credit Card,Male,3.9,4,Mobile Phone,2,Married,9,1,11.0,1,1,1.0,205.45,77.89
15074,1,1.0,Computer,2,8,Debit Card,Female,2.3,1,Grocery,5,Single,2,1,11.0,0,4,3.0,161.64,20.0
15075,0,61.0,Phone,1,19,Debit Card,Male,1.3,3,Others,1,Single,4,0,20.9,1,5,6.0,116.1,62.12
15076,0,13.0,Mobile Phone,3,6,Cash on Delivery,Male,1.5,3,Fashion,4,Single,3,1,11.5,3,2,13.0,62.03,32.86
15077,0,17.0,Computer,2,21,UPI,Female,2.1,3,Others,4,Divorced,7,0,11.0,1,1,2.0,247.12,72.95
15078,0,4.0,Phone,2,12,Debit Card,Male,2.3,3,Laptop & Accessory,4,Divorced,4,0,20.5,0,4,6.0,99.0,58.63
15079,0,11.0,Computer,2,20,Credit Card,Female,3.0,1,Fashion,4,Married,4,0,17.4,2,5,9.0,119.1,67.9
15080,0,10.0,Computer,3,10,E wallet,Male,2.0,2,Laptop & Accessory,2,Married,1,0,13.6,1,5,4.0,186.25,70.35
15081,0,1.0,Mobile Phone,2,5,Debit Card,Female,1.7,2,Laptop & Accessory,4,Married,3,0,11.0,1,2,1.0,198.81,77.38
15082,1,2.0,Mobile Phone,1,9,UPI,Male,1.2,6,Mobile Phone,3,Married,5,1,,2,5,3.0,268.29,41.05
15083,0,32.0,Phone,1,23,Cash on Delivery,Female,3.2,1,Grocery,5,Single,5,1,20.0,0,4,14.0,202.13,100.36
15084,1,4.0,Mobile Phone,3,22,Debit Card,Male,3.0,2,Fashion,4,Married,4,1,11.0,3,4,17.0,163.91,68.99
15085,0,3.0,Mobile Phone,2,7,Debit Card,Male,3.2,1,Grocery,5,Married,7,0,17.2,2,3,4.0,163.98,70.84
15086,1,12.0,Computer,2,6,UPI,Male,2.4,1,Mobile Phone,1,Single,4,0,,0,1,8.0,89.03,63.56
15087,0,26.0,Mobile Phone,3,30,Cash on Delivery,Male,5.1,2,Laptop & Accessory,3,Married,7,0,11.0,2,5,0.0,266.47,47.8
15088,0,1.0,Computer,2,6,UPI,Female,1.6,6,Mobile Phone,2,Married,6,0,12.3,2,2,1.0,233.21,82.39
15089,0,,Phone,1,5,Cash on Delivery,Male,3.1,2,Laptop & Accessory,1,Married,6,0,14.7,5,5,12.0,196.6,71.83
15090,0,2.0,Mobile Phone,3,7,Debit Card,Male,0.3,1,Others,2,Divorced,5,0,11.0,0,5,0.0,265.97,120.0
15091,0,1.0,Mobile Phone,2,23,UPI,Male,3.5,4,Grocery,4,Married,8,0,18.4,1,2,0.0,244.51,42.75
15092,1,1.0,Computer,1,8,UPI,Male,2.1,5,Laptop & Accessory,2,Married,9,1,11.0,0,5,2.0,212.37,107.11
15093,0,32.0,Computer,2,7,UPI,Female,1.4,3,Others,4,Single,9,0,11.0,0,5,3.0,178.0,64.5
15094,0,2.0,Phone,2,12,E wallet,Male,3.5,1,Laptop & Accessory,5,Married,6,1,18.0,1,2,3.0,182.27,62.82
15095,0,1.0,Mobile Phone,2,16,UPI,Male,1.5,2,Fashion,4,Single,5,0,12.3,4,6,,91.3,38.77
15096,1,10.0,Mobile Phone,3,33,Cash on Delivery,Male,2.0,6,Mobile Phone,3,Single,1,1,13.7,1,2,10.0,244.39,76.34
15097,0,33.0,Phone,1,8,Cash on Delivery,Male,4.2,1,Fashion,3,Married,3,0,14.4,3,3,9.0,168.21,59.61
15098,1,5.0,Computer,1,18,Cash on Delivery,Male,3.2,2,Fashion,3,Single,8,0,11.0,2,3,1.0,243.96,79.47
15099,0,9.0,Computer,3,14,Debit Card,Female,2.5,1,Mobile Phone,2,Married,1,0,11.9,0,6,2.0,224.0,37.32
15100,0,1.0,Phone,1,21,UPI,Male,3.2,2,Laptop & Accessory,4,Married,1,1,14.9,0,6,,186.1,71.4
15101,1,10.0,Mobile Phone,3,34,Credit Card,Female,2.5,4,Fashion,3,Married,8,0,14.9,4,2,4.0,230.47,65.66
15102,0,15.0,Mobile Phone,1,22,Debit Card,Male,3.8,6,Laptop & Accessory,5,Married,7,0,18.2,2,1,1.0,133.22,51.62
15103,0,15.0,Phone,3,11,UPI,Male,2.8,5,Laptop & Accessory,4,Married,2,1,18.4,0,4,2.0,91.55,68.25
15104,0,7.0,Mobile Phone,3,17,Debit Card,Male,1.9,2,Laptop & Accessory,4,Divorced,6,0,22.3,6,3,1.0,170.91,64.82
15105,0,6.0,Computer,1,26,Debit Card,Female,1.2,6,Grocery,3,Single,9,0,11.0,1,2,1.0,206.29,81.45
15106,1,2.0,Mobile Phone,1,29,Cash on Delivery,Female,4.3,4,Others,2,Single,8,0,20.5,2,4,,231.57,91.3
15107,1,8.0,Computer,3,17,Debit Card,Female,1.3,5,Mobile Phone,4,Divorced,6,0,13.0,7,1,4.0,185.57,80.03
15108,0,1.0,Mobile Phone,3,26,UPI,Female,3.9,2,Mobile Phone,3,Divorced,2,0,18.9,2,3,5.0,125.92,69.75
15109,0,26.0,Mobile Phone,1,6,E wallet,Female,1.9,3,Laptop & Accessory,2,Married,3,0,17.0,3,2,6.0,258.26,33.8
15110,0,61.0,Mobile Phone,1,12,Cash on Delivery,Male,2.2,1,Laptop & Accessory,2,Single,3,0,11.5,3,2,1.0,158.53,44.75
15111,0,61.0,Mobile Phone,2,29,Debit Card,Male,4.5,1,Laptop & Accessory,2,Married,9,0,24.1,2,5,5.0,203.24,91.6
15112,0,,Mobile Phone,3,25,UPI,Female,2.2,1,Grocery,4,Married,9,1,19.6,2,2,0.0,210.25,77.76
15113,0,16.0,Mobile Phone,1,26,Cash on Delivery,Male,2.7,2,Fashion,2,Married,5,0,17.5,3,1,2.0,184.16,53.35
15114,0,21.0,Mobile Phone,3,24,Credit Card,Male,4.4,3,Laptop & Accessory,4,Divorced,5,0,26.0,2,3,6.0,63.44,91.49
15115,1,,Mobile Phone,1,15,Cash on Delivery,Female,3.7,3,Fashion,3,Single,8,0,11.0,3,1,3.0,139.69,45.51
15116,0,17.0,Mobile Phone,2,6,Debit Card,Female,3.8,3,Laptop & Accessory,4,Single,3,0,15.2,2,3,2.0,208.0,39.39
15117,0,10.0,Computer,3,16,UPI,Female,2.0,6,Mobile Phone,5,Married,9,0,18.4,1,3,4.0,274.41,95.08
15118,1,11.0,Mobile Phone,1,9,Cash on Delivery,Male,1.9,5,Others,5,Single,5,0,,0,1,9.0,220.7,105.4
15119,0,25.0,Phone,1,25,UPI,Male,,6,Fashion,3,Divorced,9,0,11.0,1,1,3.0,209.18,50.07
15120,1,5.0,Mobile Phone,3,34,Credit Card,Female,3.0,2,Fashion,1,Married,9,1,21.0,1,3,6.0,60.68,86.81
15121,0,6.0,Computer,1,20,Debit Card,Male,2.9,4,Fashion,3,Single,4,0,12.0,3,6,15.0,243.41,91.12
15122,0,46.0,Mobile Phone,2,34,Credit Card,Male,1.5,5,Laptop & Accessory,4,Single,2,0,20.2,3,3,4.0,235.43,69.16
15123,0,1.0,Mobile Phone,2,5,Debit Card,Male,2.2,2,Laptop & Accessory,4,Single,7,0,11.2,4,4,3.0,214.18,59.14
15124,0,11.0,Computer,2,16,Cash on Delivery,Male,0.9,3,Mobile Phone,4,Divorced,1,0,26.0,2,4,0.0,196.19,46.91
15125,0,43.0,Computer,1,9,Credit Card,Male,3.1,6,Laptop & Accessory,2,Single,7,1,11.0,1,2,1.0,210.33,69.59
15126,0,16.0,Computer,2,5,UPI,Male,3.5,2,Laptop & Accessory,4,Single,1,0,21.1,1,2,3.0,253.68,57.32
15127,0,14.0,Mobile Phone,2,7,Debit Card,Male,4.1,3,Mobile Phone,2,Married,5,0,16.5,3,2,6.0,176.83,96.81
15128,0,5.0,Mobile Phone,3,31,Credit Card,Female,1.3,4,Mobile Phone,4,Married,1,0,11.0,0,1,2.0,202.61,97.72
15129,0,7.0,Mobile Phone,3,29,Debit Card,Male,3.8,3,Laptop & Accessory,3,Single,8,0,13.7,2,3,12.0,161.6,63.54
15130,0,34.0,Mobile Phone,2,8,Debit Card,Female,2.9,5,Others,4,Married,1,0,11.0,2,2,1.0,180.94,80.86
15131,0,14.0,Mobile Phone,1,13,Debit Card,Male,,2,Grocery,1,Divorced,6,0,17.1,2,3,5.0,186.87,77.35
15132,0,13.0,Computer,1,26,Debit Card,Male,0.8,1,Grocery,3,Married,1,0,11.4,1,1,2.0,216.78,111.94
15133,0,1.0,Phone,3,21,Credit Card,Female,4.9,3,Others,4,Single,2,0,11.0,2,3,2.0,150.16,65.06
15134,0,1.0,Mobile Phone,2,16,UPI,Male,2.7,3,Fashion,2,Married,4,0,16.0,2,5,6.0,172.84,76.98
15135,0,59.0,Phone,2,23,UPI,Male,3.2,1,Mobile Phone,4,Divorced,8,0,15.9,2,2,,199.89,61.01
15136,1,8.0,Computer,3,33,UPI,Female,2.0,5,Mobile Phone,4,Single,3,0,26.0,3,1,0.0,172.26,83.94
15137,1,16.0,Mobile Phone,3,7,UPI,Female,1.8,4,Laptop & Accessory,4,Married,8,0,,2,1,2.0,189.38,51.09
15138,1,,Computer,2,34,Credit Card,Female,3.6,6,Mobile Phone,3,Single,7,1,11.0,0,6,3.0,108.57,29.68
15139,0,20.0,Mobile Phone,2,24,Debit Card,Male,2.6,4,Grocery,3,Married,6,0,11.8,1,7,6.0,213.03,120.0
15140,0,48.0,Computer,1,35,UPI,Male,,5,Fashion,4,Single,1,1,21.6,4,1,13.0,143.47,44.8
15141,0,15.0,Mobile Phone,3,14,Debit Card,Male,2.6,2,Laptop & Accessory,3,Married,6,0,11.0,2,1,,97.22,29.38
15142,1,2.0,Phone,2,24,Cash on Delivery,Female,4.0,4,Grocery,4,Single,6,1,11.0,5,1,3.0,197.35,78.29
15143,0,15.0,Computer,3,12,E wallet,Female,2.7,6,Fashion,3,Single,8,0,15.0,2,1,4.0,200.26,66.63
15144,0,26.0,Computer,3,7,Cash on Delivery,Male,0.0,6,Fashion,2,Married,6,0,11.8,4,3,17.0,206.12,32.73
15145,1,,Phone,2,15,Debit Card,Male,2.5,6,Others,2,Single,2,1,24.5,0,4,11.0,207.01,69.66
15146,0,38.0,Computer,2,19,UPI,Male,3.9,5,Others,1,Divorced,3,1,16.1,3,3,4.0,205.37,47.4
15147,1,18.0,Mobile Phone,1,24,Debit Card,Female,3.2,6,Laptop & Accessory,3,Single,2,0,15.2,4,3,2.0,268.1,27.66
15148,0,41.0,Computer,2,32,Debit Card,Male,2.4,3,Grocery,4,Married,3,0,11.0,1,2,0.0,230.13,79.13
15149,0,,Phone,1,16,Debit Card,Female,3.3,6,Others,4,Divorced,1,0,11.0,1,5,1.0,236.31,68.17
15150,1,2.0,Phone,2,7,UPI,Female,4.5,1,Grocery,2,Single,7,1,15.6,3,3,3.0,214.38,84.02
15151,0,6.0,Mobile Phone,1,11,UPI,Female,4.3,2,Others,5,Divorced,5,0,14.5,3,5,5.0,231.95,40.8
15152,0,4.0,Mobile Phone,2,26,Debit Card,Female,,2,Grocery,4,Single,9,0,11.0,2,2,4.0,154.22,90.57
15153,0,,Computer,2,5,Cash on Delivery,Female,3.0,6,Others,5,Married,7,0,16.4,3,2,5.0,218.92,35.98
15154,0,25.0,Phone,2,14,Cash on Delivery,Male,3.2,3,Laptop & Accessory,4,Single,1,1,15.3,3,1,2.0,249.75,66.36
15155,0,20.0,Mobile Phone,3,21,Cash on Delivery,Male,1.7,4,Laptop & Accessory,4,Single,1,0,13.2,2,4,5.0,167.39,51.53
15156,0,6.0,Computer,3,10,Credit Card,Female,2.0,2,Laptop & Accessory,1,Single,2,0,22.2,3,4,0.0,262.5,39.05
15157,1,3.0,Mobile Phone,3,23,Debit Card,Female,1.8,1,Grocery,2,Single,7,1,14.9,4,2,0.0,159.84,82.97
15158,0,25.0,Computer,2,29,E wallet,Female,,3,Mobile Phone,1,Divorced,7,0,13.6,1,2,0.0,208.44,80.46
15159,0,11.0,Computer,3,16,E wallet,Male,1.2,2,Laptop & Accessory,4,Married,9,1,21.8,2,5,8.0,119.25,58.15
15160,0,4.0,Mobile Phone,2,33,Credit Card,Male,2.8,6,Fashion,3,Single,3,0,14.1,1,3,0.0,228.13,59.06
15161,0,17.0,Phone,1,32,E wallet,Male,3.8,3,Laptop & Accessory,4,Married,3,0,12.6,2,2,6.0,253.51,66.23
15162,0,1.0,Mobile Phone,1,6,Debit Card,Male,2.2,4,Laptop & Accessory,3,Married,8,0,11.0,2,4,1.0,178.48,67.49
15163,0,7.0,Mobile Phone,2,16,Credit Card,Male,5.0,6,Mobile Phone,5,Divorced,6,0,15.4,1,4,2.0,100.14,38.42
15164,1,11.0,Computer,1,33,Credit Card,Female,4.5,5,Laptop & Accessory,2,Single,3,0,20.6,4,1,9.0,182.2,57.17
15165,0,2.0,Mobile Phone,2,23,Credit Card,Male,2.6,3,Mobile Phone,2,Married,8,0,12.5,3,7,3.0,126.91,39.0
15166,0,61.0,Computer,1,13,Cash on Delivery,Male,2.7,4,Laptop & Accessory,3,Single,3,0,11.0,2,5,0.0,185.52,82.21
15167,0,4.0,Computer,2,32,Credit Card,Female,4.5,2,Laptop & Accessory,3,Married,6,0,21.1,2,2,1.0,230.14,20.0
15168,0,2.0,Computer,3,10,Debit Card,Female,2.1,2,Mobile Phone,3,Married,1,0,21.3,0,2,10.0,208.34,61.44
15169,0,4.0,Mobile Phone,1,21,Cash on Delivery,Female,3.3,4,Laptop & Accessory,4,Married,4,0,18.5,1,3,2.0,86.87,84.98
15170,0,26.0,Mobile Phone,3,6,Cash on Delivery,Male,4.1,2,Grocery,1,Married,6,0,15.6,3,5,3.0,160.48,70.71
15171,0,9.0,Computer,1,11,Credit Card,Male,,2,Laptop & Accessory,3,Single,5,0,17.5,4,2,2.0,192.37,44.22
15172,0,15.0,Mobile Phone,3,10,UPI,Female,2.9,2,Grocery,5,Single,4,0,11.0,4,2,1.0,263.13,20.0
15173,1,1.0,Mobile Phone,1,18,Credit Card,Female,,4,Laptop & Accessory,1,Single,1,1,11.5,7,2,1.0,171.14,75.27
15174,0,1.0,Mobile Phone,1,21,Credit Card,Male,1.6,6,Others,5,Married,4,0,19.1,1,4,4.0,209.87,93.31
15175,0,10.0,Mobile Phone,2,30,Debit Card,Male,4.8,4,Mobile Phone,5,Divorced,1,0,17.0,0,7,5.0,190.56,61.04
15176,1,30.0,Phone,1,22,Cash on Delivery,Male,3.5,3,Mobile Phone,1,Married,4,0,20.4,2,3,1.0,144.78,90.32
15177,0,38.0,Mobile Phone,1,10,Cash on Delivery,Female,3.8,1,Mobile Phone,3,Single,3,0,24.2,1,4,6.0,152.77,71.5
15178,0,1.0,Computer,2,16,Debit Card,Male,3.5,5,Laptop & Accessory,3,Single,7,0,,1,6,7.0,168.52,64.44
15179,0,13.0,Mobile Phone,1,10,UPI,Female,3.1,6,Laptop & Accessory,4,Married,6,0,17.9,5,2,10.0,256.32,78.98
15180,0,44.0,Computer,3,26,UPI,Male,2.4,6,Grocery,4,Married,6,0,13.4,2,4,0.0,133.35,65.44
15181,0,8.0,Phone,3,18,Debit Card,Male,5.1,2,Mobile Phone,4,Married,3,0,12.3,0,1,1.0,169.21,102.71
15182,0,31.0,Mobile Phone,2,17,Debit Card,Male,1.5,1,Laptop & Accessory,4,Single,6,0,26.0,2,2,7.0,144.03,84.22
15183,0,2.0,Mobile Phone,2,13,Cash on Delivery,Male,1.6,6,Grocery,2,Married,3,0,11.0,4,3,0.0,258.31,66.64
15184,0,49.0,Mobile Phone,3,22,Debit Card,Male,2.2,1,Grocery,5,Married,7,0,13.9,1,3,0.0,203.02,119.25
15185,0,25.0,Phone,2,14,Credit Card,Female,3.5,4,Others,4,Single,2,0,13.6,1,6,8.0,262.24,49.12
15186,0,51.0,Mobile Phone,2,14,UPI,Male,,4,Laptop & Accessory,4,Married,9,1,15.3,1,3,1.0,50.0,79.78
15187,0,20.0,Mobile Phone,3,31,Credit Card,Female,2.0,1,Mobile Phone,5,Divorced,2,1,11.0,1,5,2.0,235.67,81.12
15188,0,8.0,Mobile Phone,3,18,Credit Card,Male,2.6,4,Fashion,4,Married,1,1,11.0,0,3,2.0,126.01,95.96
15189,0,50.0,Computer,3,13,Credit Card,Male,2.5,3,Grocery,2,Divorced,4,1,15.3,2,3,7.0,144.61,75.8
15190,0,5.0,Computer,3,13,Cash on Delivery,Female,3.3,3,Fashion,3,Divorced,8,0,11.0,1,2,1.0,168.63,58.53
15191,1,7.0,Computer,2,30,Debit Card,Female,,5,Mobile Phone,3,Single,7,1,20.7,1,2,8.0,178.88,63.76
15192,0,21.0,Mobile Phone,2,29,UPI,Male,5.0,5,Grocery,1,Divorced,6,0,18.5,2,2,3.0,178.99,79.51
15193,0,26.0,Phone,2,13,Debit Card,Female,2.6,6,Mobile Phone,5,Married,7,0,11.0,3,2,2.0,137.36,120.0
15194,0,47.0,Mobile Phone,3,7,Credit Card,Female,2.7,6,Mobile Phone,2,Divorced,4,1,13.6,1,6,1.0,173.71,20.2
15195,1,4.0,Mobile Phone,3,30,UPI,Male,3.8,5,Fashion,4,Single,8,0,17.3,1,3,1.0,174.29,94.74
15196,0,28.0,Mobile Phone,1,13,Cash on Delivery,Female,3.6,6,Fashion,4,Single,4,1,11.0,3,1,3.0,80.84,96.9
15197,1,24.0,Computer,3,17,Cash on Delivery,Male,4.4,2,Mobile Phone,1,Married,8,0,11.0,2,3,2.0,200.66,90.03
15198,1,1.0,Mobile Phone,3,14,Debit Card,Male,4.1,3,Laptop & Accessory,5,Single,5,1,11.0,4,5,9.0,180.81,66.92
15199,0,8.0,Mobile Phone,1,29,Debit Card,Male,2.7,2,Grocery,5,Married,9,0,26.0,0,4,,191.53,52.28
15200,0,5.0,Mobile Phone,2,7,Credit Card,Male,4.4,3,Laptop & Accessory,4,Divorced,7,0,21.6,2,3,2.0,150.16,50.76
15201,1,6.0,Mobile Phone,3,34,Cash on Delivery,Male,2.5,6,Laptop & Accessory,2,Married,6,0,11.3,5,1,2.0,181.52,93.72
15202,0,61.0,Computer,3,33,UPI,Male,,1,Laptop & Accessory,2,Single,2,1,11.0,0,3,6.0,50.0,91.35
15203,0,18.0,Mobile Phone,1,24,Debit Card,Male,3.0,2,Laptop & Accessory,3,Single,6,0,11.0,1,4,2.0,147.67,20.0
15204,0,22.0,Mobile Phone,3,8,Debit Card,Female,3.5,5,Others,3,Divorced,1,0,24.1,2,4,1.0,153.07,40.1
15205,0,61.0,Mobile Phone,1,18,Debit Card,Female,3.3,3,Grocery,4,Single,2,0,26.0,1,4,7.0,177.0,61.26
15206,0,8.0,Mobile Phone,1,17,Debit Card,Female,3.5,6,Mobile Phone,5,Married,5,0,11.0,0,5,3.0,178.2,50.0
15207,0,29.0,Mobile Phone,1,24,UPI,Female,2.1,5,Laptop & Accessory,4,Divorced,7,0,16.9,4,3,,237.23,85.19
15208,0,10.0,Mobile Phone,2,11,UPI,Male,3.7,4,Mobile Phone,5,Married,1,0,13.4,1,4,3.0,113.28,49.76
15209,0,36.0,Phone,3,25,Credit Card,Male,4.7,3,Fashion,4,Divorced,2,1,22.6,0,2,5.0,223.24,120.0
15210,1,3.0,Mobile Phone,1,11,Cash on Delivery,Female,2.1,6,Mobile Phone,3,Divorced,4,0,11.0,2,3,,300.21,51.4
15211,0,53.0,Mobile Phone,2,10,Cash on Delivery,Male,4.1,6,Others,5,Married,9,0,20.9,4,1,,150.72,39.01
15212,0,4.0,Mobile Phone,1,27,Credit Card,Female,3.5,3,Laptop & Accessory,3,Married,8,0,11.0,4,3,6.0,223.98,96.28
15213,0,7.0,Mobile Phone,1,12,Cash on Delivery,Male,3.8,5,Others,5,Married,9,0,,2,1,0.0,265.98,57.67
15214,0,25.0,Phone,3,10,E wallet,Male,2.1,5,Fashion,3,Married,4,0,11.0,3,3,5.0,264.37,91.98
15215,0,9.0,Computer,2,29,Debit Card,Female,3.2,5,Others,2,Single,7,1,13.1,5,3,0.0,162.52,104.69
15216,0,16.0,Computer,2,8,Credit Card,Male,3.0,3,Fashion,5,Married,3,0,11.1,1,1,1.0,244.94,97.14
15217,0,10.0,Computer,1,32,Debit Card,Male,3.0,1,Laptop & Accessory,4,Married,8,0,26.0,2,1,0.0,231.59,52.05
15218,0,24.0,Mobile Phone,1,9,E wallet,Male,3.3,4,Fashion,5,Single,7,0,21.0,2,6,,252.35,20.0
15219,0,4.0,Mobile Phone,3,29,Cash on Delivery,Male,3.6,6,Others,5,Married,8,0,12.5,3,5,4.0,221.41,114.46
15220,0,1.0,Computer,3,29,UPI,Female,4.7,5,Mobile Phone,1,Single,9,0,11.0,3,2,0.0,250.19,25.36
15221,0,6.0,Mobile Phone,1,22,Credit Card,Male,4.2,6,Grocery,4,Married,6,0,22.9,5,2,1.0,166.41,120.0
15222,1,11.0,Mobile Phone,2,6,Credit Card,Female,4.1,1,Others,3,Single,4,1,11.0,4,2,10.0,152.47,61.1
15223,1,3.0,Phone,2,29,Cash on Delivery,Male,4.6,6,Mobile Phone,4,Married,3,0,17.9,1,3,2.0,50.0,57.03
15224,0,7.0,Computer,3,26,UPI,Male,3.2,5,Mobile Phone,4,Single,3,0,11.0,1,4,6.0,154.64,49.58
15225,1,9.0,Computer,1,28,Debit Card,Male,1.9,3,Laptop & Accessory,3,Divorced,6,0,26.0,4,1,10.0,161.39,67.29
15226,1,1.0,Mobile Phone,2,18,UPI,Female,3.2,1,Others,4,Married,8,0,26.0,1,4,14.0,71.79,45.79
15227,0,15.0,Mobile Phone,1,28,Debit Card,Female,3.5,6,Fashion,4,Single,8,1,15.2,2,5,9.0,182.68,78.42
15228,0,38.0,Computer,3,28,Cash on Delivery,Male,4.0,3,Grocery,2,Married,8,0,12.8,3,2,1.0,244.35,62.72
15229,0,2.0,Mobile Phone,1,18,Debit Card,Female,3.7,2,Laptop & Accessory,5,Married,9,1,15.4,0,3,,125.24,32.44
15230,0,16.0,Mobile Phone,1,9,UPI,Female,2.8,5,Mobile Phone,4,Married,1,0,11.3,2,2,6.0,292.35,36.49
15231,0,19.0,Phone,2,15,Debit Card,Male,4.4,4,Fashion,5,Married,7,0,11.0,3,1,7.0,202.26,56.13
15232,1,9.0,Mobile Phone,1,31,UPI,Female,3.4,1,Grocery,3,Married,9,0,16.4,2,2,0.0,230.66,20.0
15233,1,21.0,Mobile Phone,3,30,E wallet,Male,2.7,2,Fashion,2,Married,2,0,18.7,1,3,12.0,177.07,20.0
15234,0,9.0,Mobile Phone,1,24,E wallet,Male,0.9,5,Fashion,4,Married,4,0,15.8,3,3,6.0,126.62,102.63
15235,0,12.0,Mobile Phone,3,7,Credit Card,Male,3.6,2,Fashion,1,Married,6,0,16.7,3,4,5.0,212.55,101.41
15236,0,1.0,Computer,3,20,Credit Card,Male,1.6,1,Laptop & Accessory,5,Single,4,0,11.2,5,4,0.0,225.59,93.12
15237,0,21.0,Mobile Phone,3,24,UPI,Female,1.8,4,Fashion,1,Single,9,0,11.0,2,6,1.0,169.7,85.31
15238,0,19.0,Mobile Phone,3,12,Debit Card,Male,3.5,1,Others,4,Single,1,0,11.0,0,1,,195.32,79.21
15239,0,1.0,Mobile Phone,3,24,Debit Card,Male,3.6,4,Laptop & Accessory,4,Married,9,0,19.6,3,5,2.0,179.62,78.96
15240,0,8.0,Mobile Phone,2,19,Debit Card,Male,1.7,6,Laptop & Accessory,3,Single,1,1,15.5,1,5,2.0,140.99,45.37
15241,0,61.0,Phone,3,18,UPI,Male,2.5,3,Mobile Phone,1,Single,1,0,16.2,1,3,7.0,199.69,96.32
15242,0,9.0,Computer,1,18,Debit Card,Male,2.9,5,Laptop & Accessory,4,Divorced,5,0,17.0,5,6,0.0,137.67,36.75
15243,1,12.0,Mobile Phone,2,12,UPI,Female,4.0,2,Mobile Phone,4,Married,1,0,14.7,1,7,2.0,225.83,120.0
15244,0,43.0,Mobile Phone,1,28,Cash on Delivery,Female,2.3,3,Mobile Phone,3,Single,9,0,15.7,4,4,1.0,319.12,49.8
15245,1,,Computer,3,34,UPI,Female,3.9,5,Grocery,5,Married,6,0,22.8,0,3,1.0,245.96,36.75
15246,0,15.0,Mobile Phone,3,5,UPI,Male,2.0,2,Others,3,Married,9,0,19.7,2,5,1.0,168.9,120.0
15247,0,28.0,Mobile Phone,1,20,Credit Card,Male,1.5,3,Laptop & Accessory,3,Single,5,0,14.0,1,3,0.0,200.97,33.04
15248,0,35.0,Mobile Phone,2,31,UPI,Female,4.3,5,Laptop & Accessory,4,Married,6,0,12.2,2,6,0.0,248.0,89.0
15249,0,10.0,Phone,2,31,Debit Card,Male,4.7,5,Others,2,Divorced,2,0,21.2,3,1,4.0,174.21,75.46
15250,0,11.0,Mobile Phone,2,32,Cash on Delivery,Male,4.4,3,Others,5,Single,9,0,,2,1,10.0,213.5,84.66
15251,0,8.0,Phone,1,16,Debit Card,Female,3.8,1,Others,3,Married,3,1,13.2,4,2,2.0,223.08,99.76
15252,0,61.0,Mobile Phone,1,18,Debit Card,Female,3.1,4,Grocery,1,Married,5,0,11.0,1,3,1.0,195.73,89.08
15253,0,21.0,Mobile Phone,2,13,Debit Card,Male,3.7,6,Fashion,3,Single,8,0,25.2,1,4,0.0,191.41,20.0
15254,1,1.0,Computer,2,18,Credit Card,Male,3.6,4,Fashion,4,Married,5,0,11.0,2,3,7.0,243.07,75.29
15255,0,35.0,Mobile Phone,1,17,Debit Card,Female,5.1,6,Mobile Phone,4,Married,4,1,16.7,1,4,14.0,283.97,74.35
15256,0,11.0,Mobile Phone,2,23,Credit Card,Female,2.1,6,Laptop & Accessory,4,Married,4,0,26.0,1,2,1.0,174.66,88.24
15257,0,1.0,Mobile Phone,3,26,UPI,Male,,6,Mobile Phone,1,Married,5,0,13.0,1,1,1.0,254.42,64.83
15258,1,14.0,Mobile Phone,3,34,Credit Card,Male,1.9,1,Grocery,3,Married,3,1,14.7,3,2,3.0,90.76,40.13
15259,0,9.0,Phone,2,20,E wallet,Female,4.6,5,Laptop & Accessory,5,Single,4,0,20.1,2,3,5.0,209.05,38.24
15260,1,37.0,Mobile Phone,2,23,Debit Card,Female,3.0,2,Laptop & Accessory,1,Single,5,0,11.0,2,2,2.0,50.0,61.55
15261,0,4.0,Mobile Phone,3,29,Credit Card,Female,2.1,1,Laptop & Accessory,5,Divorced,4,0,11.0,0,3,3.0,133.58,28.78
15262,1,31.0,Computer,1,21,E wallet,Female,0.7,5,Laptop & Accessory,1,Married,3,1,12.9,0,3,5.0,117.85,48.35
15263,0,14.0,Mobile Phone,1,27,Debit Card,Female,2.0,3,Laptop & Accessory,5,Married,1,1,15.5,2,4,12.0,278.24,50.67
15264,1,1.0,Phone,2,9,Debit Card,Female,3.3,3,Mobile Phone,3,Married,2,0,15.4,2,1,0.0,163.04,57.23
15265,0,61.0,Mobile Phone,2,32,UPI,Female,0.9,6,Grocery,4,Married,9,0,23.5,3,3,23.0,177.09,120.0
15266,0,12.0,Mobile Phone,1,7,E wallet,Male,1.9,5,Laptop & Accessory,2,Single,2,0,11.0,4,4,1.0,166.78,36.31
15267,1,6.0,Mobile Phone,2,32,Credit Card,Male,3.0,6,Mobile Phone,1,Single,2,0,14.1,0,3,5.0,93.23,20.0
15268,0,11.0,Mobile Phone,3,31,E wallet,Female,2.7,3,Grocery,2,Divorced,5,0,24.0,4,4,3.0,197.21,75.25
15269,0,35.0,Mobile Phone,1,27,Debit Card,Male,1.6,4,Others,2,Single,9,0,13.3,2,4,2.0,184.57,40.25
15270,1,6.0,Mobile Phone,1,5,Cash on Delivery,Female,2.0,1,Laptop & Accessory,3,Married,3,1,26.0,1,1,4.0,131.27,99.31
15271,1,3.0,Mobile Phone,1,26,Debit Card,Male,2.7,4,Fashion,4,Single,9,1,13.6,0,2,2.0,262.79,60.11
15272,0,2.0,Computer,1,11,Credit Card,Male,3.4,5,Fashion,4,Married,4,0,11.0,2,2,0.0,260.91,67.85
15273,0,6.0,Phone,2,29,E wallet,Male,3.7,1,Others,4,Married,3,0,14.8,0,2,2.0,104.54,24.85
15274,1,27.0,Computer,2,35,Debit Card,Male,2.9,3,Laptop & Accessory,4,Married,5,0,16.6,1,4,2.0,138.79,66.85
15275,1,11.0,Mobile Phone,2,29,UPI,Male,4.5,1,Grocery,4,Single,7,0,,0,1,0.0,208.19,103.4
15276,1,4.0,Mobile Phone,2,11,UPI,Male,2.4,1,Fashion,3,Married,7,0,17.4,1,4,10.0,152.1,91.5
15277,1,3.0,Phone,2,25,Debit Card,Male,1.7,3,Laptop & Accessory,3,Single,2,0,14.1,5,1,1.0,166.94,70.46
15278,1,7.0,Phone,1,27,Debit Card,Female,0.8,6,Mobile Phone,3,Single,7,0,22.6,2,5,2.0,118.94,28.17
15279,0,50.0,Mobile Phone,2,31,Debit Card,Female,3.8,2,Fashion,5,Single,7,0,18.0,3,4,,119.54,79.79
15280,1,7.0,Computer,2,35,UPI,Female,2.9,3,Laptop & Accessory,2,Divorced,2,1,15.1,0,3,3.0,148.8,76.53
15281,0,61.0,Mobile Phone,1,21,Debit Card,Male,1.2,4,Fashion,1,Married,9,0,13.1,3,1,1.0,187.85,103.62
15282,0,11.0,Mobile Phone,2,34,Debit Card,Female,3.3,6,Grocery,4,Married,8,0,19.8,3,2,2.0,191.88,74.03
15283,1,3.0,Phone,1,11,Debit Card,Female,4.1,2,Fashion,2,Married,2,1,15.2,2,1,1.0,130.99,82.27
15284,0,39.0,Mobile Phone,1,17,UPI,Male,3.3,4,Fashion,5,Divorced,6,0,12.3,2,2,0.0,111.07,53.79
15285,0,11.0,Mobile Phone,2,32,UPI,Female,2.2,5,Fashion,5,Single,8,0,11.0,1,4,6.0,105.48,48.06
15286,0,22.0,Mobile Phone,1,33,UPI,Female,1.6,4,Laptop & Accessory,1,Single,9,0,19.2,1,2,,239.33,79.32
15287,0,61.0,Mobile Phone,2,17,Credit Card,Female,3.3,6,Mobile Phone,2,Married,1,1,12.2,2,3,1.0,307.51,72.74
15288,0,1.0,Mobile Phone,2,14,E wallet,Female,3.0,6,Grocery,3,Single,7,0,,3,1,0.0,205.81,73.22
15289,0,1.0,Phone,3,24,UPI,Male,5.9,6,Grocery,4,Married,5,0,18.3,2,2,8.0,50.0,69.12
15290,0,22.0,Mobile Phone,2,6,Debit Card,Male,1.8,1,Mobile Phone,3,Married,9,0,21.4,5,2,0.0,214.1,20.0
15291,0,,Computer,1,10,Credit Card,Female,3.5,6,Fashion,4,Married,9,0,18.6,3,2,10.0,251.13,82.94
15292,1,,Mobile Phone,2,11,E wallet,Male,2.3,6,Others,4,Married,3,0,20.1,3,1,2.0,141.05,85.34
15293,0,1.0,Mobile Phone,1,31,Debit Card,Male,2.2,5,Others,3,Single,7,0,19.3,0,2,1.0,232.78,47.15
15294,1,1.0,Mobile Phone,2,17,Debit Card,Male,1.7,2,Grocery,1,Married,3,1,15.0,0,4,5.0,244.29,85.53
15295,0,26.0,Mobile Phone,3,33,Debit Card,Male,4.2,4,Laptop & Accessory,4,Married,4,1,17.4,4,4,8.0,257.35,60.11
15296,1,2.0,Mobile Phone,1,27,Debit Card,Male,4.2,5,Laptop & Accessory,2,Divorced,8,0,26.0,1,4,,144.85,68.6
15297,0,11.0,Mobile Phone,2,12,Cash on Delivery,Male,4.0,4,Others,5,Single,1,0,13.8,1,5,2.0,184.51,44.39
15298,0,16.0,Computer,2,25,UPI,Male,2.5,1,Fashion,3,Single,4,0,11.0,0,2,,190.91,64.24
15299,1,10.0,Mobile Phone,1,17,Cash on Delivery,Male,3.6,1,Grocery,4,Single,4,1,11.0,6,1,10.0,259.11,20.0
15300,0,1.0,Mobile Phone,3,30,Credit Card,Male,4.5,2,Laptop & Accessory,5,Single,3,0,26.0,4,4,4.0,155.42,56.19
15301,0,27.0,Mobile Phone,2,15,Debit Card,Female,0.3,3,Fashion,5,Married,2,0,26.0,2,2,1.0,236.51,120.0
15302,0,1.0,Mobile Phone,2,14,Credit Card,Female,3.6,6,Grocery,3,Single,8,1,11.0,0,3,0.0,196.35,69.93
15303,0,25.0,Computer,2,33,Cash on Delivery,Female,4.1,3,Laptop & Accessory,2,Single,6,1,22.7,1,1,1.0,237.6,55.35
15304,0,40.0,Mobile Phone,3,31,Debit Card,Male,3.8,1,Others,4,Divorced,2,0,21.2,0,2,,225.49,54.31
15305,0,10.0,Phone,2,28,UPI,Male,2.0,5,Fashion,3,Married,8,1,18.8,3,3,1.0,140.66,44.61
15306,0,13.0,Mobile Phone,2,8,Cash on Delivery,Male,2.0,2,Mobile Phone,2,Married,8,1,18.0,1,1,4.0,196.14,68.83
15307,0,11.0,Mobile Phone,2,14,E wallet,Male,3.4,4,Fashion,5,Single,7,0,11.0,1,1,0.0,138.57,35.19
15308,0,8.0,Mobile Phone,2,35,Credit Card,Male,3.1,4,Fashion,2,Married,8,0,15.8,0,3,1.0,178.61,88.0
15309,0,39.0,Phone,2,21,UPI,Female,4.0,5,Fashion,1,Divorced,9,1,17.1,4,6,3.0,284.89,90.7
15310,0,40.0,Mobile Phone,3,32,UPI,Male,4.0,3,Grocery,1,Married,3,0,15.4,1,3,1.0,154.58,85.74
15311,0,7.0,Mobile Phone,3,12,Credit Card,Male,2.4,1,Laptop & Accessory,4,Single,2,0,14.7,0,5,0.0,143.34,94.3
15312,0,17.0,Computer,2,24,E wallet,Male,1.1,1,Fashion,4,Single,7,0,22.8,0,4,0.0,168.91,93.35
15313,0,47.0,Mobile Phone,3,9,Debit Card,Male,1.4,2,Mobile Phone,3,Single,2,1,21.1,4,2,0.0,220.52,74.73
15314,0,58.0,Mobile Phone,3,33,Debit Card,Female,1.8,1,Laptop & Accessory,3,Divorced,3,1,20.2,0,5,7.0,220.07,105.29
15315,0,12.0,Phone,2,24,Credit Card,Female,2.4,3,Fashion,3,Married,6,0,20.6,1,1,4.0,201.61,79.48
15316,0,10.0,Mobile Phone,2,19,Credit Card,Female,3.3,3,Fashion,4,Single,9,1,16.4,1,1,0.0,132.18,47.48
15317,1,5.0,Mobile Phone,2,27,E wallet,Male,2.6,5,Others,1,Married,9,1,22.0,6,5,1.0,165.1,63.16
15318,0,57.0,Computer,3,14,UPI,Female,1.6,2,Grocery,5,Single,2,1,11.0,2,3,1.0,264.46,91.76
15319,1,2.0,Mobile Phone,2,23,UPI,Male,3.7,2,Mobile Phone,2,Married,1,0,15.4,2,2,3.0,88.97,79.1
15320,0,15.0,Mobile Phone,2,22,UPI,Male,2.7,1,Grocery,5,Divorced,6,0,19.2,1,1,2.0,195.52,49.22
15321,1,5.0,Computer,1,30,Cash on Delivery,Male,2.2,6,Laptop & Accessory,2,Married,7,0,18.3,2,5,2.0,166.85,66.51
15322,0,5.0,Phone,2,16,UPI,Male,2.1,4,Mobile Phone,4,Married,8,0,17.2,1,4,,208.1,42.01
15323,0,9.0,Computer,2,6,UPI,Female,3.3,2,Mobile Phone,2,Married,4,0,20.6,1,3,0.0,188.11,89.54
15324,0,61.0,Mobile Phone,3,11,UPI,Male,2.7,1,Fashion,1,Single,7,1,23.6,0,1,5.0,89.93,105.16
15325,0,1.0,Mobile Phone,1,15,Debit Card,Male,2.3,4,Grocery,5,Single,9,0,11.0,1,1,8.0,215.31,20.0
15326,0,15.0,Mobile Phone,3,19,Credit Card,Female,1.6,1,Mobile Phone,5,Divorced,1,1,16.8,0,2,11.0,121.46,77.43
15327,0,1.0,Mobile Phone,1,16,UPI,Female,2.3,5,Grocery,3,Single,3,0,11.0,0,9,0.0,109.12,32.95
15328,0,3.0,Phone,1,14,Debit Card,Male,3.3,2,Grocery,4,Divorced,5,0,21.4,1,1,5.0,183.04,23.32
15329,0,10.0,Computer,1,17,Credit Card,Male,3.7,1,Laptop & Accessory,4,Single,7,0,19.3,1,2,5.0,155.33,104.12
15330,0,12.0,Mobile Phone,3,26,Credit Card,Male,4.1,5,Fashion,5,Married,5,0,11.0,1,3,11.0,132.11,98.84
15331,0,5.0,Mobile Phone,2,6,Credit Card,Female,2.2,1,Grocery,3,Single,1,0,15.0,6,4,1.0,156.68,71.49
15332,1,6.0,Computer,1,28,Debit Card,Male,1.2,3,Grocery,4,Divorced,1,1,11.0,2,1,5.0,136.0,49.92
15333,0,1.0,Computer,2,34,Credit Card,Male,3.6,1,Grocery,3,Married,1,0,20.7,4,2,0.0,272.81,56.51
15334,0,,Computer,3,19,Debit Card,Female,3.2,3,Laptop & Accessory,3,Single,8,0,11.8,1,3,3.0,198.83,46.67
15335,0,61.0,Mobile Phone,2,26,Debit Card,Male,1.4,2,Grocery,5,Married,7,0,11.0,1,3,,170.5,120.0
15336,0,52.0,Computer,1,12,Debit Card,Female,3.9,1,Mobile Phone,2,Married,3,0,12.9,3,6,5.0,225.53,120.0
15337,1,7.0,Computer,1,10,Debit Card,Female,0.0,5,Others,2,Divorced,4,0,18.5,3,5,7.0,168.67,89.72
15338,0,15.0,Mobile Phone,2,8,E wallet,Male,1.8,2,Mobile Phone,4,Married,8,0,16.7,1,3,1.0,164.42,67.22
15339,0,43.0,Computer,3,12,UPI,Female,4.9,2,Others,4,Divorced,7,0,12.1,5,1,2.0,236.0,28.08
15340,1,1.0,Computer,2,24,Credit Card,Male,6.0,6,Fashion,2,Single,7,1,14.4,1,2,0.0,138.36,58.77
15341,0,29.0,Mobile Phone,3,26,Cash on Delivery,Male,4.1,3,Others,3,Divorced,6,0,13.2,1,2,2.0,118.64,65.63
15342,0,53.0,Mobile Phone,3,9,Credit Card,Male,2.6,2,Fashion,5,Married,9,1,11.0,0,2,1.0,219.36,44.67
15343,1,1.0,Mobile Phone,1,24,Credit Card,Male,3.4,1,Laptop & Accessory,2,Single,6,0,11.0,1,2,0.0,189.83,106.08
15344,0,3.0,Phone,3,27,UPI,Male,0.6,1,Fashion,4,Single,1,1,15.0,3,6,8.0,189.27,120.0
15345,0,58.0,Mobile Phone,1,12,Debit Card,Male,2.5,3,Laptop & Accessory,4,Single,5,0,18.5,2,4,0.0,158.97,60.47
15346,0,13.0,Phone,2,18,E wallet,Female,1.1,1,Grocery,3,Single,8,0,14.9,2,3,4.0,215.74,95.99
15347,1,1.0,Computer,2,26,Credit Card,Male,4.3,6,Laptop & Accessory,5,Married,6,0,26.0,0,2,8.0,97.79,74.1
15348,0,5.0,Computer,3,21,Debit Card,Female,3.9,3,Laptop & Accessory,4,Married,5,1,11.4,3,1,9.0,63.78,42.64
15349,1,10.0,Computer,3,27,Cash on Delivery,Male,3.7,4,Grocery,3,Divorced,9,0,14.7,2,1,6.0,156.18,100.09
15350,0,21.0,Mobile Phone,1,24,Debit Card,Male,4.0,3,Mobile Phone,4,Divorced,7,0,17.9,1,4,0.0,217.77,112.47
15351,0,23.0,Mobile Phone,3,6,Credit Card,Male,2.3,5,Laptop & Accessory,4,Married,7,0,17.6,1,5,6.0,254.68,81.93
15352,0,61.0,Computer,1,23,Debit Card,Male,3.0,5,Others,4,Married,1,0,13.5,2,4,1.0,212.88,52.05
15353,1,6.0,Phone,3,30,UPI,Male,2.2,6,Mobile Phone,5,Divorced,2,0,14.7,6,1,10.0,124.64,89.75
15354,0,13.0,Computer,3,8,Credit Card,Male,3.0,1,Mobile Phone,3,Single,5,0,14.5,1,4,4.0,125.12,57.87
15355,0,13.0,Mobile Phone,2,18,Credit Card,Female,2.9,4,Mobile Phone,3,Single,3,0,19.1,2,2,6.0,252.63,92.04
15356,0,9.0,Mobile Phone,2,11,UPI,Male,3.4,5,Laptop & Accessory,2,Married,8,0,11.0,0,4,0.0,234.33,109.63
15357,0,3.0,Computer,3,29,Debit Card,Male,,5,Laptop & Accessory,1,Single,4,0,11.0,2,1,3.0,212.98,45.94
15358,0,61.0,Mobile Phone,1,20,Debit Card,Female,3.0,5,Mobile Phone,1,Married,7,0,12.9,3,2,6.0,235.23,83.01
15359,0,34.0,Mobile Phone,2,14,Credit Card,Male,3.0,1,Fashion,5,Married,5,0,25.1,4,4,7.0,190.12,56.77
15360,0,12.0,Mobile Phone,2,15,Debit Card,Male,3.2,2,Others,4,Divorced,6,1,19.8,2,1,0.0,167.51,100.38
15361,0,16.0,Phone,1,26,UPI,Female,1.9,2,Laptop & Accessory,4,Divorced,7,0,,6,3,11.0,170.4,66.65
15362,1,4.0,Computer,1,30,Cash on Delivery,Male,2.3,6,Others,4,Married,8,1,,1,3,0.0,218.24,110.9
15363,0,14.0,Mobile Phone,3,9,Credit Card,Female,2.0,2,Mobile Phone,5,Married,3,0,16.3,1,7,3.0,194.23,120.0
15364,1,21.0,Mobile Phone,1,29,Cash on Delivery,Female,5.3,6,Fashion,3,Married,3,1,12.8,4,4,4.0,62.07,41.47
15365,0,13.0,Computer,2,16,Credit Card,Male,,1,Laptop & Accessory,5,Single,2,0,11.0,1,3,0.0,232.95,75.17
15366,0,61.0,Mobile Phone,1,28,E wallet,Female,2.9,2,Grocery,3,Married,6,0,11.0,2,1,0.0,215.15,101.58
15367,0,17.0,Computer,2,28,Debit Card,Male,3.5,6,Grocery,5,Married,2,0,11.6,1,3,6.0,199.55,59.63
15368,1,8.0,Computer,3,28,Debit Card,Female,4.8,3,Grocery,4,Single,1,1,26.0,2,2,1.0,264.55,84.73
15369,0,26.0,Mobile Phone,2,19,Debit Card,Male,4.9,1,Laptop & Accessory,3,Married,1,0,18.8,1,3,0.0,131.55,54.01
15370,0,,Phone,3,28,Debit Card,Female,3.5,1,Mobile Phone,4,Married,9,0,11.0,2,3,5.0,116.03,20.0
15371,0,8.0,Computer,2,28,Debit Card,Male,2.0,4,Others,4,Married,1,0,11.7,1,2,7.0,210.06,87.52
15372,1,7.0,Computer,1,14,Debit Card,Male,,5,Mobile Phone,2,Single,7,0,14.8,6,5,3.0,134.59,87.95
15373,1,10.0,Mobile Phone,3,30,Cash on Delivery,Male,3.3,4,Mobile Phone,4,Married,5,0,12.4,2,3,0.0,279.99,41.57
15374,0,27.0,Computer,2,27,Debit Card,Female,2.6,2,Laptop & Accessory,3,Married,6,0,15.1,2,1,0.0,138.41,54.79
15375,0,11.0,Computer,3,6,Cash on Delivery,Female,3.8,1,Laptop & Accessory,1,Single,9,0,14.1,1,2,4.0,136.88,60.18
15376,0,28.0,Phone,1,22,UPI,Female,2.2,6,Mobile Phone,5,Single,3,0,15.6,2,2,3.0,155.83,86.27
15377,1,15.0,Mobile Phone,2,15,UPI,Male,,1,Fashion,4,Single,6,1,11.0,7,1,4.0,162.17,95.15
15378,0,7.0,Computer,1,9,Cash on Delivery,Male,4.5,2,Grocery,5,Single,7,0,19.8,1,3,6.0,157.88,80.91
15379,0,29.0,Computer,1,10,UPI,Male,3.5,6,Others,4,Single,2,0,11.6,1,7,,164.21,32.45
15380,1,4.0,Computer,3,17,Debit Card,Male,4.0,5,Mobile Phone,3,Married,6,1,20.4,4,1,0.0,158.26,56.32
15381,0,4.0,Computer,1,29,UPI,Male,0.8,4,Grocery,4,Married,6,0,26.0,1,6,11.0,86.65,59.56
15382,0,12.0,Mobile Phone,2,21,Cash on Delivery,Male,3.5,5,Fashion,4,Divorced,5,0,11.0,0,6,3.0,210.28,57.01
15383,0,5.0,Computer,1,31,Debit Card,Female,3.3,2,Others,5,Single,7,1,15.6,5,3,3.0,153.86,94.46
15384,0,1.0,Mobile Phone,2,20,Cash on Delivery,Male,2.6,4,Others,3,Married,9,0,12.5,2,2,10.0,170.82,104.52
15385,0,18.0,Mobile Phone,1,27,Cash on Delivery,Female,2.6,4,Fashion,5,Married,7,0,17.4,1,1,10.0,107.15,94.43
15386,1,12.0,Mobile Phone,3,27,UPI,Male,2.4,5,Laptop & Accessory,5,Married,2,1,11.0,2,5,3.0,88.53,107.48
15387,0,10.0,Mobile Phone,1,28,Debit Card,Male,4.9,5,Others,4,Married,4,1,12.9,1,3,1.0,174.36,67.39
15388,0,61.0,Mobile Phone,1,33,Debit Card,Male,4.0,1,Laptop & Accessory,5,Married,1,0,11.0,4,1,23.0,273.28,50.39
15389,0,15.0,Mobile Phone,1,5,Debit Card,Female,2.7,1,Grocery,3,Single,2,0,24.8,3,3,4.0,271.24,30.66
15390,0,35.0,Mobile Phone,1,32,Cash on Delivery,Male,2.2,5,Mobile Phone,5,Married,9,0,26.0,1,3,2.0,125.48,56.26
15391,1,2.0,Mobile Phone,2,17,Credit Card,Female,3.0,6,Fashion,4,Single,7,0,13.3,5,6,3.0,135.6,40.91
15392,0,15.0,Mobile Phone,2,14,UPI,Male,3.0,2,Grocery,1,Single,8,0,11.0,2,3,2.0,190.21,120.0
15393,1,36.0,Computer,2,17,Credit Card,Male,1.7,5,Grocery,5,Married,8,0,,2,3,8.0,50.0,91.1
15394,0,15.0,Computer,2,24,Debit Card,Female,4.3,6,Laptop & Accessory,3,Married,2,1,15.2,1,1,2.0,144.84,37.66
15395,1,22.0,Phone,1,30,E wallet,Male,2.7,1,Mobile Phone,3,Single,5,1,11.0,1,1,6.0,193.36,59.92
15396,0,8.0,Computer,2,25,Debit Card,Female,3.1,4,Others,4,Married,1,0,18.1,0,2,7.0,166.21,48.38
15397,0,1.0,Computer,2,22,Cash on Delivery,Male,4.0,6,Mobile Phone,2,Single,9,0,13.8,0,6,6.0,66.04,46.26
15398,0,11.0,Computer,1,22,UPI,Female,4.9,2,Grocery,3,Divorced,5,0,17.1,1,5,5.0,70.28,54.0
15399,1,9.0,Phone,1,31,E wallet,Male,3.1,1,Grocery,5,Single,1,0,17.4,1,1,7.0,94.13,55.41
15400,0,36.0,Mobile Phone,2,8,Debit Card,Female,,2,Others,1,Divorced,7,0,23.3,2,2,1.0,175.35,52.53
15401,0,5.0,Mobile Phone,3,7,Credit Card,Male,3.7,2,Others,3,Single,9,1,18.8,0,2,0.0,129.84,66.74
15402,0,61.0,Computer,3,20,Credit Card,Male,3.2,4,Mobile Phone,1,Married,1,0,16.8,3,2,7.0,273.43,56.33
15403,0,57.0,Computer,1,33,UPI,Male,2.4,6,Laptop & Accessory,3,Single,1,1,16.5,0,3,2.0,99.81,99.79
15404,0,5.0,Mobile Phone,1,11,UPI,Male,3.5,1,Mobile Phone,4,Divorced,1,0,11.0,2,2,0.0,253.68,66.09
15405,1,7.0,Computer,3,34,Cash on Delivery,Male,2.2,5,Mobile Phone,4,Single,7,0,16.1,1,1,0.0,107.82,65.02
15406,0,40.0,Mobile Phone,2,11,Debit Card,Female,1.2,2,Fashion,5,Single,3,0,18.7,0,5,0.0,330.96,52.09
15407,0,61.0,Mobile Phone,3,35,Debit Card,Female,3.2,2,Mobile Phone,4,Single,9,0,14.3,3,2,5.0,219.73,61.5
15408,1,10.0,Computer,1,6,UPI,Male,1.9,4,Grocery,3,Divorced,9,1,25.0,0,3,4.0,50.0,26.91
15409,1,6.0,Computer,2,20,Cash on Delivery,Male,2.7,6,Mobile Phone,5,Single,7,0,11.0,1,1,0.0,253.02,57.38
15410,1,,Phone,1,9,Debit Card,Female,3.7,1,Others,4,Married,3,0,11.0,4,3,7.0,152.27,101.91
15411,0,,Computer,3,25,E wallet,Female,0.5,6,Fashion,4,Single,8,0,11.2,2,5,1.0,235.67,43.99
15412,1,5.0,Mobile Phone,2,34,Credit Card,Male,2.6,2,Mobile Phone,4,Single,6,0,15.1,2,2,6.0,179.34,75.02
15413,0,24.0,Phone,2,12,Debit Card,Female,1.9,2,Fashion,5,Divorced,4,1,11.1,0,5,2.0,158.69,101.73
15414,1,1.0,Phone,3,12,Debit Card,Male,1.2,3,Mobile Phone,4,Married,8,1,11.0,6,7,5.0,164.77,73.45
15415,1,1.0,Phone,1,15,Debit Card,Female,3.0,3,Fashion,3,Single,3,0,12.9,2,2,1.0,109.72,55.21
15416,0,8.0,Computer,2,33,UPI,Female,2.4,2,Fashion,4,Single,1,0,21.1,2,6,1.0,153.55,84.44
15417,1,7.0,Phone,1,24,Debit Card,Female,3.7,6,Grocery,1,Married,4,0,19.5,2,4,7.0,102.46,64.19
15418,1,6.0,Mobile Phone,2,14,Credit Card,Female,3.5,6,Mobile Phone,3,Divorced,9,0,11.0,2,4,0.0,151.68,91.44
15419,1,12.0,Computer,1,5,Debit Card,Male,3.7,6,Others,3,Married,7,0,12.8,2,1,14.0,191.7,74.56
15420,1,6.0,Mobile Phone,1,10,Debit Card,Male,0.7,4,Laptop & Accessory,2,Married,1,0,11.0,4,4,4.0,243.46,20.0
15421,1,3.0,Mobile Phone,2,32,Debit Card,Male,3.2,5,Mobile Phone,1,Single,1,1,11.0,2,2,2.0,269.19,48.82
15422,0,6.0,Computer,1,11,Debit Card,Male,3.2,3,Grocery,2,Married,1,0,17.6,1,8,3.0,179.25,72.29
15423,0,61.0,Computer,1,21,Debit Card,Male,1.5,3,Fashion,4,Single,6,0,11.0,2,3,0.0,112.44,96.81
15424,0,9.0,Phone,3,28,Debit Card,Female,,1,Laptop & Accessory,5,Married,9,1,19.0,0,5,2.0,176.9,88.94
15425,0,10.0,Computer,2,20,E wallet,Male,3.3,5,Grocery,5,Married,3,0,25.9,3,1,16.0,170.29,92.61
15426,0,15.0,Mobile Phone,2,18,Debit Card,Male,,3,Fashion,3,Married,3,0,17.3,4,5,1.0,259.06,60.19
15427,0,61.0,Phone,3,29,Cash on Delivery,Male,3.7,5,Fashion,4,Single,7,0,18.7,1,3,5.0,232.53,45.86
15428,0,4.0,Mobile Phone,2,28,Credit Card,Male,3.5,5,Grocery,5,Single,6,0,18.6,3,6,2.0,193.96,47.82
15429,0,20.0,Mobile Phone,3,7,UPI,Male,3.8,1,Grocery,2,Divorced,9,0,12.1,1,2,4.0,271.24,44.0
15430,0,22.0,Mobile Phone,1,13,Cash on Delivery,Female,1.4,2,Mobile Phone,4,Single,3,0,17.2,0,2,0.0,149.63,120.0
15431,0,16.0,Computer,3,14,UPI,Male,2.1,2,Fashion,4,Single,7,0,16.9,0,5,2.0,217.61,120.0
15432,1,1.0,Phone,3,7,UPI,Female,2.5,3,Grocery,1,Divorced,7,0,11.2,1,4,15.0,149.71,29.25
15433,0,20.0,Computer,3,16,Cash on Delivery,Male,2.8,1,Laptop & Accessory,5,Married,9,1,11.0,1,2,0.0,151.71,77.35
15434,0,1.0,Phone,1,8,Credit Card,Male,,3,Mobile Phone,5,Single,6,0,,1,2,4.0,55.91,61.37
15435,1,16.0,Computer,3,16,Debit Card,Male,2.8,3,Mobile Phone,1,Married,9,1,11.0,4,1,3.0,186.05,56.16
15436,1,24.0,Phone,3,26,UPI,Male,3.9,6,Laptop & Accessory,1,Married,6,0,18.0,1,2,3.0,187.75,83.69
15437,0,4.0,Mobile Phone,2,27,Credit Card,Male,1.3,2,Fashion,1,Divorced,2,0,11.0,2,3,3.0,171.78,50.28
15438,0,33.0,Phone,1,17,Debit Card,Female,1.2,1,Grocery,3,Married,6,0,26.0,2,3,2.0,207.24,50.94
15439,1,1.0,Mobile Phone,1,28,Credit Card,Female,4.5,5,Mobile Phone,4,Single,5,0,24.8,0,3,0.0,239.97,80.19
15440,0,33.0,Mobile Phone,2,11,UPI,Male,3.5,2,Laptop & Accessory,4,Married,6,0,21.3,1,1,9.0,178.95,105.43
15441,1,11.0,Mobile Phone,1,23,Debit Card,Male,5.3,3,Grocery,3,Married,9,1,11.9,2,3,7.0,216.21,120.0
15442,0,,Mobile Phone,2,31,UPI,Female,3.2,3,Laptop & Accessory,5,Divorced,6,0,11.0,1,4,0.0,202.42,81.21
15443,1,2.0,Mobile Phone,2,31,UPI,Male,2.9,4,Mobile Phone,3,Single,5,0,20.0,0,2,2.0,244.58,39.4
15444,0,55.0,Mobile Phone,1,22,Credit Card,Male,2.1,1,Laptop & Accessory,1,Single,5,0,11.0,3,4,5.0,211.99,87.27
15445,1,1.0,Computer,2,31,Credit Card,Male,5.8,5,Mobile Phone,3,Single,3,1,,1,3,15.0,289.35,53.87
15446,0,3.0,Mobile Phone,1,22,UPI,Male,4.4,5,Mobile Phone,4,Single,5,0,18.6,4,6,12.0,195.9,65.72
15447,1,7.0,Phone,2,34,Cash on Delivery,Male,3.6,3,Mobile Phone,3,Single,5,1,12.4,5,3,9.0,123.76,112.44
15448,1,17.0,Computer,3,32,Cash on Delivery,Female,3.3,4,Others,3,Single,3,1,11.0,2,4,0.0,255.71,107.65
15449,0,14.0,Computer,3,33,Debit Card,Male,1.6,4,Fashion,2,Married,7,0,16.1,2,3,9.0,218.49,92.56
15450,0,2.0,Phone,1,13,Credit Card,Male,3.0,1,Others,5,Divorced,8,0,11.0,1,1,8.0,208.52,115.45
15451,0,6.0,Mobile Phone,3,11,Cash on Delivery,Male,1.7,3,Mobile Phone,5,Divorced,7,1,16.7,2,2,1.0,87.43,20.0
15452,0,4.0,Phone,2,11,UPI,Male,2.6,3,Fashion,3,Single,2,0,17.8,4,2,2.0,269.33,44.85
15453,0,4.0,Mobile Phone,2,25,Debit Card,Female,3.1,3,Others,3,Married,7,0,11.0,3,3,2.0,240.09,85.08
15454,0,9.0,Mobile Phone,2,17,UPI,Male,3.2,1,Mobile Phone,4,Single,1,1,11.0,4,5,4.0,198.84,64.46
15455,0,21.0,Mobile Phone,1,10,Cash on Delivery,Male,1.8,5,Laptop & Accessory,4,Married,3,1,24.8,0,2,1.0,50.0,99.75
15456,0,4.0,Computer,1,11,Debit Card,Male,3.6,2,Fashion,3,Single,4,1,11.8,2,4,0.0,159.7,30.03
15457,1,8.0,Mobile Phone,3,17,UPI,Female,2.9,4,Laptop & Accessory,5,Single,6,0,13.8,1,4,0.0,294.76,101.81
15458,0,8.0,Mobile Phone,1,29,Cash on Delivery,Female,3.9,5,Others,4,Single,9,0,21.5,2,3,2.0,208.62,81.51
15459,0,61.0,Mobile Phone,2,30,Cash on Delivery,Male,3.7,2,Laptop & Accessory,3,Single,9,0,,4,3,1.0,107.4,69.48
15460,0,55.0,Mobile Phone,2,24,E wallet,Male,4.5,5,Others,4,Single,6,0,11.0,2,6,5.0,146.56,20.0
15461,0,28.0,Phone,1,10,Cash on Delivery,Female,2.0,5,Laptop & Accessory,5,Single,9,0,,3,4,0.0,156.09,120.0
15462,0,4.0,Mobile Phone,3,21,Credit Card,Male,5.4,5,Laptop & Accessory,4,Single,6,0,11.0,3,2,9.0,247.75,30.32
15463,1,1.0,Mobile Phone,3,27,UPI,Male,1.7,5,Laptop & Accessory,1,Married,7,0,22.3,1,3,9.0,89.46,24.14
15464,1,6.0,Mobile Phone,1,24,UPI,Male,2.6,3,Mobile Phone,3,Divorced,6,1,15.9,5,1,9.0,243.43,84.55
15465,1,5.0,Mobile Phone,2,22,Debit Card,Female,3.2,5,Laptop & Accessory,3,Divorced,3,1,15.8,4,4,5.0,227.38,99.24
15466,0,12.0,Mobile Phone,1,24,UPI,Male,3.7,2,Mobile Phone,3,Married,1,1,12.0,1,4,,314.54,62.2
15467,0,27.0,Computer,2,12,Cash on Delivery,Male,2.6,2,Mobile Phone,4,Single,4,0,13.8,2,1,2.0,211.97,40.28
15468,0,35.0,Mobile Phone,2,22,Credit Card,Male,2.9,4,Grocery,5,Married,1,0,25.7,3,1,,105.64,51.82
15469,0,33.0,Computer,1,19,Debit Card,Female,5.4,6,Fashion,4,Single,1,1,20.1,3,6,17.0,177.12,78.27
15470,0,8.0,Mobile Phone,2,5,Credit Card,Male,2.2,1,Fashion,5,Married,5,0,11.0,1,2,1.0,120.51,48.17
15471,0,20.0,Mobile Phone,1,5,Debit Card,Female,1.8,2,Mobile Phone,3,Divorced,8,0,11.0,3,1,3.0,203.33,102.63
15472,0,,Mobile Phone,2,11,UPI,Male,1.5,2,Grocery,5,Single,1,0,17.3,1,2,6.0,284.57,41.37
15473,1,1.0,Computer,3,20,E wallet,Female,2.3,2,Mobile Phone,4,Divorced,5,0,18.8,1,3,10.0,128.52,20.0
15474,0,21.0,Computer,1,27,UPI,Male,0.0,2,Mobile Phone,3,Single,8,0,19.6,1,1,5.0,235.89,112.86
15475,1,1.0,Mobile Phone,1,24,E wallet,Female,3.0,1,Laptop & Accessory,4,Single,3,1,,2,3,4.0,142.85,44.79
15476,1,9.0,Mobile Phone,1,18,Debit Card,Male,5.0,1,Others,2,Married,6,1,11.0,3,3,2.0,86.95,80.3
15477,0,7.0,Mobile Phone,2,32,Cash on Delivery,Female,,6,Mobile Phone,4,Divorced,7,0,11.0,1,2,3.0,275.92,81.61
15478,0,21.0,Computer,3,25,UPI,Male,4.5,5,Others,4,Single,8,0,11.0,0,2,0.0,193.96,45.73
15479,0,26.0,Mobile Phone,2,33,Credit Card,Male,,6,Grocery,3,Single,3,1,24.8,0,3,8.0,209.49,83.96
15480,0,6.0,Phone,2,16,E wallet,Male,5.1,2,Laptop & Accessory,4,Married,1,0,11.0,1,6,3.0,231.7,52.46
15481,0,30.0,Mobile Phone,3,9,UPI,Male,3.5,2,Fashion,4,Married,8,0,13.6,3,3,0.0,77.95,44.38
15482,1,6.0,Mobile Phone,2,11,Cash on Delivery,Female,3.0,4,Fashion,2,Single,4,1,11.0,2,4,10.0,164.06,63.68
15483,1,10.0,Mobile Phone,3,16,E wallet,Female,1.8,4,Grocery,1,Single,2,1,11.5,3,3,2.0,81.44,117.7
15484,0,23.0,Phone,3,23,UPI,Female,3.2,4,Laptop & Accessory,3,Single,1,1,18.5,3,1,8.0,148.6,74.54
15485,0,21.0,Phone,3,9,Debit Card,Male,5.1,4,Grocery,4,Married,6,0,11.0,3,2,7.0,248.96,92.91
15486,0,61.0,Phone,2,11,Cash on Delivery,Male,0.7,5,Laptop & Accessory,5,Married,1,0,17.1,1,4,6.0,206.97,67.45
15487,1,4.0,Computer,3,32,E wallet,Female,2.9,3,Mobile Phone,5,Divorced,6,1,20.2,1,1,0.0,142.97,49.4
15488,1,19.0,Mobile Phone,2,31,UPI,Female,2.6,4,Grocery,4,Married,8,0,12.5,3,4,1.0,181.48,75.5
15489,0,16.0,Computer,2,11,Cash on Delivery,Male,1.3,4,Laptop & Accessory,4,Single,3,1,26.0,2,2,8.0,171.27,61.0
15490,0,44.0,Mobile Phone,1,17,Debit Card,Female,,1,Laptop & Accessory,3,Single,6,0,11.0,4,4,9.0,198.65,51.87
15491,0,3.0,Mobile Phone,3,29,Cash on Delivery,Male,4.0,6,Laptop & Accessory,4,Married,6,1,11.0,1,2,2.0,142.48,88.03
15492,1,25.0,Mobile Phone,1,24,Cash on Delivery,Male,2.4,2,Laptop & Accessory,2,Single,5,0,13.2,0,5,2.0,172.65,78.16
15493,0,15.0,Mobile Phone,2,21,Credit Card,Female,4.3,5,Fashion,3,Divorced,3,0,13.3,2,2,0.0,189.08,46.36
15494,0,5.0,Computer,2,34,UPI,Female,2.6,2,Others,4,Married,6,0,15.7,4,5,13.0,205.55,91.82
15495,1,11.0,Computer,3,9,Debit Card,Male,2.9,3,Fashion,1,Married,1,0,20.6,0,5,0.0,193.17,64.78
15496,1,7.0,Mobile Phone,1,18,Cash on Delivery,Female,4.1,5,Grocery,4,Married,4,0,11.0,0,1,0.0,81.71,90.33
15497,0,15.0,Computer,3,15,Credit Card,Female,2.8,3,Laptop & Accessory,5,Married,8,0,11.0,4,2,4.0,104.4,45.19
15498,0,39.0,Computer,2,24,Cash on Delivery,Female,3.3,2,Mobile Phone,3,Single,6,1,11.0,0,2,1.0,217.44,39.12
15499,1,15.0,Mobile Phone,3,23,Cash on Delivery,Male,2.4,1,Fashion,3,Married,4,0,21.2,2,2,11.0,164.74,51.26
15500,0,17.0,Mobile Phone,2,27,Debit Card,Female,2.6,4,Mobile Phone,5,Married,6,0,19.9,0,5,0.0,153.33,65.83
15501,0,13.0,Mobile Phone,2,29,Debit Card,Male,4.0,2,Grocery,4,Single,1,0,14.6,0,2,0.0,164.92,59.36
15502,0,1.0,Mobile Phone,2,8,E wallet,Male,2.1,5,Others,3,Married,3,1,11.9,0,3,2.0,164.84,103.29
15503,0,4.0,Phone,1,26,UPI,Female,1.7,4,Grocery,3,Married,7,0,14.1,1,4,,73.95,41.11
15504,1,12.0,Phone,1,21,Credit Card,Female,2.6,5,Others,4,Single,1,0,17.2,2,4,0.0,283.76,20.0
15505,1,6.0,Mobile Phone,1,21,UPI,Male,3.0,3,Others,4,Married,2,1,15.6,4,3,2.0,173.24,64.76
15506,0,3.0,Mobile Phone,2,7,Credit Card,Male,1.8,5,Mobile Phone,2,Single,3,0,11.0,3,2,2.0,180.87,80.11
15507,0,12.0,Mobile Phone,1,18,Credit Card,Male,4.7,1,Fashion,3,Divorced,4,0,11.0,1,6,8.0,184.73,54.49
15508,0,7.0,Computer,1,25,UPI,Male,3.2,3,Grocery,5,Single,6,0,13.4,2,2,0.0,237.73,71.63
15509,1,5.0,Mobile Phone,3,10,UPI,Female,2.0,6,Fashion,4,Married,9,1,,2,2,14.0,221.02,41.72
15510,0,11.0,Phone,1,29,Cash on Delivery,Female,3.6,6,Fashion,5,Married,1,0,11.0,3,2,3.0,175.51,37.2
15511,0,2.0,Computer,1,35,Credit Card,Female,4.1,2,Mobile Phone,4,Single,4,1,17.4,0,1,0.0,127.64,82.07
15512,0,47.0,Mobile Phone,1,29,Cash on Delivery,Male,1.7,4,Fashion,5,Divorced,4,1,11.0,1,1,0.0,254.2,83.46
15513,0,36.0,Phone,3,14,Cash on Delivery,Male,3.6,4,Mobile Phone,2,Single,6,0,15.4,1,4,3.0,183.36,82.51
15514,0,22.0,Mobile Phone,3,31,Debit Card,Male,2.4,1,Laptop & Accessory,4,Married,1,1,11.0,1,1,1.0,215.7,81.66
15515,1,2.0,Mobile Phone,3,21,Cash on Delivery,Female,3.6,5,Mobile Phone,1,Married,9,0,11.0,0,1,1.0,114.92,77.54
15516,0,26.0,Computer,3,34,E wallet,Male,5.5,2,Mobile Phone,4,Divorced,1,0,,1,2,1.0,218.95,60.69
15517,0,29.0,Mobile Phone,2,6,UPI,Male,2.1,6,Laptop & Accessory,3,Married,1,0,11.0,5,4,4.0,94.49,85.93
15518,0,26.0,Computer,2,35,Credit Card,Male,3.3,5,Mobile Phone,3,Single,3,1,13.3,0,5,3.0,156.16,40.25
15519,0,2.0,Mobile Phone,2,31,UPI,Female,0.6,6,Fashion,5,Married,1,0,17.5,3,4,0.0,187.97,102.36
15520,0,18.0,Mobile Phone,3,16,Debit Card,Female,5.4,5,Laptop & Accessory,5,Divorced,4,0,17.7,1,1,2.0,284.24,91.95
15521,1,32.0,Phone,3,28,Credit Card,Male,0.5,1,Fashion,1,Married,7,0,11.0,1,2,6.0,219.5,20.49
15522,0,15.0,Phone,2,25,UPI,Male,3.2,6,Laptop & Accessory,4,Single,9,0,,2,3,0.0,266.24,89.54
15523,0,18.0,Phone,2,20,Cash on Delivery,Female,4.2,3,Grocery,3,Married,4,0,17.5,1,3,8.0,207.6,89.53
15524,0,11.0,Mobile Phone,1,20,UPI,Male,2.9,6,Mobile Phone,3,Single,6,0,12.5,1,4,3.0,113.4,120.0
15525,0,13.0,Computer,1,7,E wallet,Female,2.6,3,Laptop & Accessory,5,Single,2,0,11.0,2,1,12.0,113.74,33.83
15526,0,1.0,Phone,1,29,Cash on Delivery,Male,2.8,1,Mobile Phone,3,Divorced,7,0,12.6,0,4,0.0,225.68,25.26
15527,1,18.0,Phone,1,22,Debit Card,Male,2.6,1,Fashion,5,Married,8,0,24.7,3,2,20.0,119.89,95.61
15528,1,1.0,Mobile Phone,2,11,UPI,Male,1.0,1,Mobile Phone,2,Single,3,0,18.6,2,3,4.0,87.37,78.42
15529,0,10.0,Mobile Phone,3,14,Credit Card,Female,0.0,5,Fashion,4,Single,1,1,20.8,2,3,3.0,121.44,24.64
15530,0,6.0,Mobile Phone,3,12,Debit Card,Female,4.4,6,Fashion,4,Married,2,1,11.0,0,2,2.0,196.09,120.0
15531,0,14.0,Phone,2,32,Credit Card,Male,2.0,6,Fashion,3,Divorced,2,0,11.8,1,3,0.0,132.37,54.31
15532,1,2.0,Mobile Phone,2,22,Cash on Delivery,Male,3.0,5,Others,3,Single,6,0,11.0,1,3,11.0,255.31,52.83
15533,0,21.0,Computer,2,21,Debit Card,Female,1.5,2,Fashion,5,Single,7,1,11.0,2,5,4.0,205.62,88.42
15534,0,28.0,Mobile Phone,2,7,Debit Card,Male,2.6,1,Laptop & Accessory,4,Single,5,0,23.1,1,1,0.0,191.35,120.0
15535,1,3.0,Computer,1,12,UPI,Female,4.0,5,Mobile Phone,3,Married,1,0,12.3,2,4,0.0,203.27,50.58
15536,0,1.0,Mobile Phone,1,24,E wallet,Male,2.4,3,Laptop & Accessory,4,Married,5,0,11.0,1,3,0.0,216.23,82.95
15537,1,2.0,Computer,3,33,Cash on Delivery,Male,4.5,6,Laptop & Accessory,1,Single,8,0,16.4,3,6,,217.1,35.31
15538,0,37.0,Computer,3,35,Credit Card,Male,3.2,6,Grocery,2,Married,2,0,11.6,1,2,3.0,130.98,63.74
15539,0,13.0,Mobile Phone,2,9,Debit Card,Male,3.0,1,Laptop & Accessory,3,Single,8,0,15.6,3,3,,255.64,117.34
15540,0,11.0,Phone,1,29,Cash on Delivery,Male,3.4,3,Grocery,1,Single,6,1,11.6,2,2,1.0,217.69,109.61
15541,1,2.0,Mobile Phone,1,24,Credit Card,Female,3.3,4,Fashion,5,Single,1,0,16.1,3,3,3.0,156.3,51.68
15542,1,18.0,Computer,3,16,E wallet,Female,3.7,2,Mobile Phone,4,Single,9,0,12.7,4,5,2.0,226.36,92.3
15543,0,36.0,Phone,3,29,Debit Card,Male,2.8,4,Grocery,5,Single,8,1,11.0,3,2,0.0,100.05,70.27
15544,0,31.0,Computer,3,10,UPI,Male,1.9,2,Others,4,Married,5,1,21.3,2,4,1.0,231.31,62.65
15545,0,17.0,Mobile Phone,3,32,UPI,Male,4.5,1,Laptop & Accessory,5,Single,4,1,25.9,2,2,0.0,197.28,20.0
15546,1,1.0,Mobile Phone,3,27,Credit Card,Male,4.2,6,Grocery,4,Married,1,1,18.0,3,1,9.0,51.32,52.36
15547,1,2.0,Mobile Phone,2,28,UPI,Male,3.4,2,Fashion,4,Married,2,0,11.0,0,2,5.0,299.87,33.76
15548,1,1.0,Mobile Phone,2,14,UPI,Male,4.1,5,Mobile Phone,5,Married,5,1,13.6,2,5,22.0,101.57,74.29
15549,0,5.0,Mobile Phone,1,14,UPI,Female,1.5,3,Laptop & Accessory,4,Single,5,1,16.5,1,1,1.0,214.44,40.76
15550,0,2.0,Mobile Phone,3,5,Debit Card,Female,1.8,6,Grocery,1,Divorced,8,0,11.0,2,1,8.0,264.86,20.0
15551,0,5.0,Phone,1,13,UPI,Female,3.7,5,Others,4,Married,5,0,11.8,4,5,3.0,50.0,75.39
15552,0,8.0,Mobile Phone,2,22,Debit Card,Male,1.4,1,Grocery,5,Married,5,0,11.0,2,6,2.0,193.96,82.56
15553,0,51.0,Computer,2,7,UPI,Female,5.2,4,Laptop & Accessory,4,Married,3,1,11.0,2,3,1.0,233.17,42.79
15554,0,16.0,Phone,3,5,Debit Card,Male,2.2,3,Laptop & Accessory,4,Single,7,0,17.0,0,4,5.0,246.97,20.0
15555,0,32.0,Phone,2,14,Debit Card,Male,1.2,1,Mobile Phone,4,Married,6,0,14.7,6,4,9.0,253.01,55.61
15556,0,22.0,Phone,2,31,UPI,Female,2.1,5,Laptop & Accessory,5,Married,5,0,11.0,1,3,1.0,235.56,39.58
15557,1,2.0,Mobile Phone,3,7,Debit Card,Female,1.9,5,Mobile Phone,1,Single,2,0,14.6,0,2,0.0,159.84,22.51
15558,0,23.0,Mobile Phone,2,34,Credit Card,Male,3.1,2,Mobile Phone,4,Single,4,0,12.8,1,4,4.0,207.56,59.73
15559,0,5.0,Mobile Phone,2,22,Credit Card,Male,3.4,2,Laptop & Accessory,3,Divorced,3,0,20.3,3,4,15.0,300.69,53.47
15560,0,18.0,Computer,2,11,Cash on Delivery,Female,1.9,4,Others,4,Single,7,1,11.0,3,4,5.0,255.82,41.54
15561,0,,Mobile Phone,3,11,Debit Card,Male,,2,Grocery,4,Married,9,0,11.0,2,4,1.0,139.99,74.38
15562,0,61.0,Mobile Phone,1,26,Credit Card,Male,2.0,2,Laptop & Accessory,2,Married,3,0,24.1,2,1,2.0,243.92,68.31
15563,0,5.0,Computer,3,14,E wallet,Female,4.2,2,Grocery,2,Single,7,0,11.0,3,2,1.0,261.38,52.71
15564,1,5.0,Mobile Phone,1,32,Credit Card,Female,1.7,4,Laptop & Accessory,4,Single,9,0,11.0,2,3,7.0,127.22,71.09
15565,0,48.0,Mobile Phone,3,31,Cash on Delivery,Male,4.8,1,Grocery,2,Married,5,0,11.9,1,13,,178.74,62.46
15566,0,1.0,Mobile Phone,3,17,Credit Card,Male,2.9,6,Laptop & Accessory,3,Single,8,0,22.6,0,4,3.0,162.84,37.05
15567,0,21.0,Computer,2,8,Cash on Delivery,Female,3.8,3,Mobile Phone,5,Divorced,8,0,17.4,4,1,1.0,235.47,67.44
15568,0,23.0,Computer,2,16,Debit Card,Female,1.6,1,Mobile Phone,3,Married,7,0,11.0,2,1,11.0,155.42,83.04
15569,0,32.0,Mobile Phone,3,7,Debit Card,Female,2.7,6,Fashion,3,Married,1,0,14.5,0,2,4.0,142.25,58.37
15570,0,61.0,Phone,1,27,Debit Card,Male,5.3,6,Mobile Phone,5,Married,5,0,12.9,1,5,14.0,245.49,120.0
15571,0,61.0,Computer,2,20,E wallet,Female,2.4,1,Laptop & Accessory,2,Married,9,0,17.7,4,3,3.0,107.69,64.09
15572,1,1.0,Computer,1,15,Credit Card,Female,3.4,1,Grocery,3,Single,9,0,14.7,1,3,6.0,191.13,78.08
15573,0,31.0,Computer,2,7,UPI,Female,2.5,5,Mobile Phone,4,Single,6,0,16.2,3,2,6.0,136.26,71.24
15574,0,18.0,Mobile Phone,1,29,Credit Card,Female,2.4,3,Laptop & Accessory,4,Single,8,1,13.1,0,4,1.0,245.45,83.88
15575,1,18.0,Mobile Phone,1,30,Debit Card,Male,,3,Fashion,5,Single,4,1,22.9,2,3,13.0,143.31,82.71
15576,0,,Mobile Phone,2,12,Credit Card,Male,,5,Laptop & Accessory,5,Divorced,9,0,14.7,2,4,0.0,182.2,47.21
15577,0,18.0,Computer,2,11,Debit Card,Male,0.8,6,Fashion,4,Divorced,2,0,11.2,3,1,5.0,50.0,72.54
15578,0,61.0,Computer,2,18,Debit Card,Female,2.3,5,Mobile Phone,2,Single,2,0,21.4,1,4,,180.11,56.13
15579,0,43.0,Mobile Phone,2,6,Debit Card,Female,,6,Fashion,1,Divorced,7,0,18.5,2,2,1.0,169.4,47.92
15580,0,10.0,Computer,1,14,UPI,Male,3.4,2,Fashion,3,Married,4,1,11.0,1,3,4.0,184.29,59.47
15581,1,1.0,Computer,1,7,Credit Card,Male,3.5,5,Laptop & Accessory,2,Single,4,1,11.0,0,4,3.0,258.12,59.0
15582,0,8.0,Computer,1,28,Credit Card,Female,2.1,4,Fashion,4,Married,2,1,18.2,1,2,5.0,215.89,104.34
15583,0,31.0,Computer,2,32,Credit Card,Female,2.3,5,Mobile Phone,4,Single,9,1,12.4,1,1,8.0,203.74,40.36
15584,1,21.0,Phone,2,15,UPI,Female,3.2,2,Mobile Phone,1,Single,2,1,15.3,4,4,3.0,135.68,72.35
15585,0,11.0,Mobile Phone,2,23,Cash on Delivery,Female,2.7,5,Grocery,5,Single,9,0,22.1,1,3,6.0,308.22,72.06
15586,0,1.0,Computer,2,12,E wallet,Female,4.1,4,Laptop & Accessory,2,Divorced,5,0,11.0,3,1,1.0,69.7,57.39
15587,0,10.0,Phone,2,24,Credit Card,Female,2.1,5,Mobile Phone,3,Divorced,5,1,11.0,3,4,1.0,108.22,99.32
15588,0,11.0,Mobile Phone,1,9,Credit Card,Female,3.6,6,Laptop & Accessory,4,Married,7,0,11.0,2,2,2.0,134.13,80.8
15589,0,,Mobile Phone,2,34,Debit Card,Male,2.7,1,Others,3,Single,5,0,26.0,3,4,4.0,191.41,20.0
15590,0,18.0,Computer,1,13,Debit Card,Male,4.3,3,Laptop & Accessory,3,Single,6,0,22.2,1,1,0.0,182.61,109.53
15591,1,6.0,Mobile Phone,2,17,Debit Card,Male,3.4,4,Grocery,1,Single,3,1,19.0,3,6,4.0,134.73,120.0
15592,0,13.0,Mobile Phone,2,15,UPI,Female,1.3,4,Fashion,3,Married,3,0,11.0,4,6,2.0,190.57,120.0
15593,0,1.0,Computer,2,30,UPI,Male,1.8,4,Mobile Phone,4,Single,3,0,11.0,2,2,6.0,249.49,79.2
15594,0,61.0,Computer,3,6,E wallet,Female,1.8,6,Fashion,5,Married,1,1,19.2,3,2,0.0,183.34,32.17
15595,1,8.0,Mobile Phone,3,16,Credit Card,Female,2.7,1,Fashion,3,Single,3,0,17.4,3,1,4.0,104.45,69.95
15596,0,11.0,Mobile Phone,3,7,UPI,Female,2.6,1,Fashion,3,Married,4,1,13.4,1,3,4.0,173.76,26.32
15597,0,7.0,Phone,2,19,Cash on Delivery,Male,3.1,3,Mobile Phone,4,Married,6,0,11.0,2,6,11.0,130.94,95.62
15598,0,20.0,Phone,2,32,Debit Card,Male,4.7,2,Others,5,Married,4,0,21.3,1,1,4.0,96.12,81.92
15599,0,19.0,Phone,1,32,E wallet,Female,3.7,3,Grocery,3,Single,3,1,25.8,1,3,6.0,182.32,120.0
15600,0,22.0,Computer,1,5,UPI,Female,2.8,4,Others,3,Single,8,0,17.6,2,1,9.0,125.72,90.21
15601,1,5.0,Mobile Phone,2,28,Credit Card,Male,2.2,4,Grocery,4,Single,5,0,11.0,1,3,4.0,160.15,40.34
15602,0,6.0,Mobile Phone,3,32,Debit Card,Male,4.2,4,Mobile Phone,4,Married,3,0,24.1,0,1,1.0,205.34,105.88
15603,0,2.0,Mobile Phone,3,15,Debit Card,Female,3.8,3,Mobile Phone,2,Single,4,0,16.0,0,3,8.0,199.24,63.11
15604,0,19.0,Mobile Phone,2,29,E wallet,Male,5.2,2,Mobile Phone,4,Single,4,0,24.8,1,2,5.0,252.3,60.81
15605,0,1.0,Mobile Phone,1,14,Cash on Delivery,Male,4.0,2,Laptop & Accessory,2,Married,3,0,12.9,3,6,2.0,76.76,74.52
15606,0,16.0,Mobile Phone,1,29,Cash on Delivery,Male,2.8,3,Mobile Phone,4,Divorced,9,0,26.0,0,3,4.0,167.73,51.04
15607,0,36.0,Mobile Phone,1,7,UPI,Male,4.1,6,Laptop & Accessory,4,Married,4,1,12.3,3,3,8.0,240.72,47.92
15608,0,39.0,Mobile Phone,2,18,Credit Card,Female,5.2,4,Laptop & Accessory,5,Married,8,0,11.0,1,4,14.0,79.23,120.0
15609,0,10.0,Computer,2,25,UPI,Male,2.4,3,Mobile Phone,3,Single,9,0,20.0,1,3,12.0,169.76,102.05
15610,0,11.0,Computer,2,20,Debit Card,Male,2.1,3,Fashion,3,Divorced,7,0,14.6,0,3,1.0,192.04,84.18
15611,0,,Mobile Phone,1,13,Cash on Delivery,Male,1.7,5,Others,2,Single,3,0,,2,1,2.0,114.2,67.1
15612,0,19.0,Mobile Phone,1,18,Debit Card,Male,2.8,5,Laptop & Accessory,5,Married,1,1,11.0,3,5,0.0,139.44,22.4
15613,0,30.0,Phone,1,25,Credit Card,Male,2.4,1,Laptop & Accessory,2,Married,9,0,11.0,3,3,1.0,108.64,95.77
15614,0,,Computer,2,5,Credit Card,Female,2.9,1,Others,3,Married,4,1,12.7,2,5,8.0,196.74,49.85
15615,1,9.0,Computer,1,5,UPI,Male,2.7,3,Mobile Phone,2,Single,3,0,17.2,4,5,1.0,50.0,58.14
15616,0,32.0,Phone,1,8,Debit Card,Female,3.6,5,Fashion,4,Divorced,7,0,11.0,4,2,3.0,134.08,92.11
15617,0,37.0,Phone,1,27,Credit Card,Male,4.1,4,Laptop & Accessory,3,Divorced,9,0,21.4,2,2,4.0,136.81,20.0
15618,0,5.0,Mobile Phone,2,27,Cash on Delivery,Male,3.4,1,Mobile Phone,3,Single,7,0,14.4,2,2,6.0,234.46,61.31
15619,0,14.0,Mobile Phone,1,27,Debit Card,Male,3.3,4,Fashion,3,Married,9,0,25.2,2,4,0.0,86.28,71.14
15620,0,3.0,Mobile Phone,1,33,UPI,Male,3.2,4,Laptop & Accessory,5,Single,7,0,,3,3,1.0,257.79,86.87
15621,0,1.0,Computer,1,26,Credit Card,Female,2.0,1,Grocery,4,Single,8,0,17.1,0,2,2.0,224.83,51.71
15622,0,43.0,Computer,1,33,E wallet,Female,3.7,6,Fashion,4,Married,8,1,17.8,3,5,1.0,242.7,20.0
15623,0,30.0,Mobile Phone,3,5,Credit Card,Female,3.2,3,Others,5,Divorced,8,1,16.6,2,2,16.0,154.39,71.19
15624,0,25.0,Mobile Phone,2,31,Cash on Delivery,Male,0.3,5,Fashion,5,Married,2,0,14.7,2,4,7.0,154.81,38.9
15625,1,1.0,Computer,2,23,UPI,Male,3.4,1,Laptop & Accessory,3,Single,2,0,20.1,0,6,2.0,132.78,81.38
15626,0,33.0,Computer,2,25,Debit Card,Female,2.9,2,Fashion,5,Married,2,0,11.0,3,3,8.0,214.84,98.07
15627,1,10.0,Computer,1,16,UPI,Male,3.7,2,Laptop & Accessory,1,Single,7,1,,2,4,1.0,158.9,70.76
15628,0,7.0,Mobile Phone,3,24,UPI,Male,3.7,4,Grocery,3,Divorced,8,0,11.0,1,2,6.0,131.55,28.03
15629,1,14.0,Mobile Phone,3,31,Credit Card,Male,,2,Mobile Phone,5,Divorced,1,0,11.5,1,4,1.0,158.75,72.09
15630,0,1.0,Mobile Phone,1,8,Debit Card,Male,2.2,4,Mobile Phone,3,Married,8,0,16.6,4,1,5.0,202.27,71.44
